2026-09-19 15:00:59,060 Worker 1125f08e47134218b7189722ac37181b: started with PID 17103, version 2.6.1
2026-09-19 15:00:59,060 Worker 1125f08e47134218b7189722ac37181b: subscribing to channel rq:pubsub:1125f08e47134218b7189722ac37181b
2026-09-19 15:00:59,061 *** Listening on home-admin-Documents-nesa_projects-erpnext-vms-system-vms-system:short, home-admin-Documents-nesa_projects-erpnext-vms-system-vms-system:default, home-admin-Documents-nesa_projects-erpnext-vms-system-vms-system:long...
2026-09-19 15:00:59,062 Worker 1125f08e47134218b7189722ac37181b: cleaning registries for queue: home-admin-Documents-nesa_projects-erpnext-vms-system-vms-system:short
2026-09-19 15:00:59,063 Worker 1125f08e47134218b7189722ac37181b: cleaning registries for queue: home-admin-Documents-nesa_projects-erpnext-vms-system-vms-system:default
2026-09-19 15:00:59,064 Worker 1125f08e47134218b7189722ac37181b: cleaning registries for queue: home-admin-Documents-nesa_projects-erpnext-vms-system-vms-system:long
2026-09-19 15:01:39,637 Worker 1125f08e47134218b7189722ac37181b [PID 17103]: warm shut down requested
Traceback (most recent call last):
  File "/home/admin/Documents/nesa_projects/erpnext-vms-system/vms-system/env/lib/python3.14/site-packages/redis/connection.py", line 1133, in read_response
    response = self._parser.read_response(disable_decoding=disable_decoding)
  File "/home/admin/Documents/nesa_projects/erpnext-vms-system/vms-system/env/lib/python3.14/site-packages/redis/_parsers/hiredis.py", line 163, in read_response
    self.read_from_socket()
    ~~~~~~~~~~~~~~~~~~~~~^^
  File "/home/admin/Documents/nesa_projects/erpnext-vms-system/vms-system/env/lib/python3.14/site-packages/redis/_parsers/hiredis.py", line 110, in read_from_socket
    bufflen = self._sock.recv_into(self._buffer)
ConnectionResetError: [Errno 104] Connection reset by peer

During handling of the above exception, another exception occurred:

Traceback (most recent call last):
  File "/home/admin/Documents/nesa_projects/erpnext-vms-system/vms-system/apps/frappe/frappe/utils/bench_helper.py", line 57, in invoke
    return super().invoke(ctx)
           ~~~~~~~~~~~~~~^^^^^
  File "/home/admin/Documents/nesa_projects/erpnext-vms-system/vms-system/env/lib/python3.14/site-packages/click/core.py", line 1970, in invoke
    return _process_result(sub_ctx.command.invoke(sub_ctx))
                           ~~~~~~~~~~~~~~~~~~~~~~^^^^^^^^^
  File "/home/admin/Documents/nesa_projects/erpnext-vms-system/vms-system/env/lib/python3.14/site-packages/click/core.py", line 1353, in invoke
    return ctx.invoke(self.callback, **ctx.params)
           ~~~~~~~~~~^^^^^^^^^^^^^^^^^^^^^^^^^^^^^
  File "/home/admin/Documents/nesa_projects/erpnext-vms-system/vms-system/env/lib/python3.14/site-packages/click/core.py", line 907, in invoke
    return callback(*args, **kwargs)
  File "/home/admin/Documents/nesa_projects/erpnext-vms-system/vms-system/apps/frappe/frappe/commands/scheduler.py", line 206, in start_worker
    start_worker(
    ~~~~~~~~~~~~^
    	queue,
     ^^^^^^
    ...<4 lines>...
    	strategy=strategy,
     ^^^^^^^^^^^^^^^^^^
    )
    ^
  File "/home/admin/Documents/nesa_projects/erpnext-vms-system/vms-system/apps/frappe/frappe/utils/background_jobs.py", line 429, in start_worker
    worker.work(
    ~~~~~~~~~~~^
    	logging_level=logging_level,
     ^^^^^^^^^^^^^^^^^^^^^^^^^^^^
    ...<4 lines>...
    	with_scheduler=False,
     ^^^^^^^^^^^^^^^^^^^^^
    )
    ^
  File "/home/admin/Documents/nesa_projects/erpnext-vms-system/vms-system/env/lib/python3.14/site-packages/rq/worker.py", line 631, in work
    self.teardown()
    ~~~~~~~~~~~~~^^
  File "/home/admin/Documents/nesa_projects/erpnext-vms-system/vms-system/env/lib/python3.14/site-packages/rq/worker.py", line 1150, in teardown
    self.register_death()
    ~~~~~~~~~~~~~~~~~~~^^
  File "/home/admin/Documents/nesa_projects/erpnext-vms-system/vms-system/env/lib/python3.14/site-packages/rq/worker.py", line 885, in register_death
    p.execute()
    ~~~~~~~~~^^
  File "/home/admin/Documents/nesa_projects/erpnext-vms-system/vms-system/env/lib/python3.14/site-packages/redis/client.py", line 1687, in execute
    conn = self.connection_pool.get_connection()
  File "/home/admin/Documents/nesa_projects/erpnext-vms-system/vms-system/env/lib/python3.14/site-packages/redis/utils.py", line 196, in wrapper
    return func(*args, **kwargs)
  File "/home/admin/Documents/nesa_projects/erpnext-vms-system/vms-system/env/lib/python3.14/site-packages/redis/connection.py", line 2603, in get_connection
    connection.connect()
    ~~~~~~~~~~~~~~~~~~^^
  File "/home/admin/Documents/nesa_projects/erpnext-vms-system/vms-system/env/lib/python3.14/site-packages/redis/connection.py", line 846, in connect
    self.connect_check_health(check_health=True)
    ~~~~~~~~~~~~~~~~~~~~~~~~~^^^^^^^^^^^^^^^^^^^
  File "/home/admin/Documents/nesa_projects/erpnext-vms-system/vms-system/env/lib/python3.14/site-packages/redis/connection.py", line 869, in connect_check_health
    self.on_connect_check_health(check_health=check_health)
    ~~~~~~~~~~~~~~~~~~~~~~~~~~~~^^^^^^^^^^^^^^^^^^^^^^^^^^^
  File "/home/admin/Documents/nesa_projects/erpnext-vms-system/vms-system/env/lib/python3.14/site-packages/redis/connection.py", line 994, in on_connect_check_health
    self.read_response()
    ~~~~~~~~~~~~~~~~~~^^
  File "/home/admin/Documents/nesa_projects/erpnext-vms-system/vms-system/env/lib/python3.14/site-packages/redis/connection.py", line 1141, in read_response
    raise ConnectionError(f"Error while reading from {host_error} : {e.args}")
redis.exceptions.ConnectionError: Error while reading from 127.0.0.1:11000 : (104, 'Connection reset by peer')

Error while reading from 127.0.0.1:11000 : (104, 'Connection reset by peer')
2026-09-19 15:06:58,591 Worker 31d753e4ae164bb8af58321985e6deb4: started with PID 19020, version 2.6.1
2026-09-19 15:06:58,591 Worker 31d753e4ae164bb8af58321985e6deb4: subscribing to channel rq:pubsub:31d753e4ae164bb8af58321985e6deb4
2026-09-19 15:06:58,592 *** Listening on home-admin-Documents-nesa_projects-erpnext-vms-system-vms-system:short, home-admin-Documents-nesa_projects-erpnext-vms-system-vms-system:default, home-admin-Documents-nesa_projects-erpnext-vms-system-vms-system:long...
2026-09-19 15:06:58,593 Worker 31d753e4ae164bb8af58321985e6deb4: cleaning registries for queue: home-admin-Documents-nesa_projects-erpnext-vms-system-vms-system:short
2026-09-19 15:06:58,594 Worker 31d753e4ae164bb8af58321985e6deb4: cleaning registries for queue: home-admin-Documents-nesa_projects-erpnext-vms-system-vms-system:default
2026-09-19 15:06:58,595 Worker 31d753e4ae164bb8af58321985e6deb4: cleaning registries for queue: home-admin-Documents-nesa_projects-erpnext-vms-system-vms-system:long
2026-09-19 15:08:50,957 Worker 31d753e4ae164bb8af58321985e6deb4 [PID 19020]: warm shut down requested
Traceback (most recent call last):
  File "/home/admin/Documents/nesa_projects/erpnext-vms-system/vms-system/env/lib/python3.14/site-packages/redis/connection.py", line 1133, in read_response
    response = self._parser.read_response(disable_decoding=disable_decoding)
  File "/home/admin/Documents/nesa_projects/erpnext-vms-system/vms-system/env/lib/python3.14/site-packages/redis/_parsers/hiredis.py", line 163, in read_response
    self.read_from_socket()
    ~~~~~~~~~~~~~~~~~~~~~^^
  File "/home/admin/Documents/nesa_projects/erpnext-vms-system/vms-system/env/lib/python3.14/site-packages/redis/_parsers/hiredis.py", line 110, in read_from_socket
    bufflen = self._sock.recv_into(self._buffer)
ConnectionResetError: [Errno 104] Connection reset by peer

During handling of the above exception, another exception occurred:

Traceback (most recent call last):
  File "/home/admin/Documents/nesa_projects/erpnext-vms-system/vms-system/apps/frappe/frappe/utils/bench_helper.py", line 57, in invoke
    return super().invoke(ctx)
           ~~~~~~~~~~~~~~^^^^^
  File "/home/admin/Documents/nesa_projects/erpnext-vms-system/vms-system/env/lib/python3.14/site-packages/click/core.py", line 1970, in invoke
    return _process_result(sub_ctx.command.invoke(sub_ctx))
                           ~~~~~~~~~~~~~~~~~~~~~~^^^^^^^^^
  File "/home/admin/Documents/nesa_projects/erpnext-vms-system/vms-system/env/lib/python3.14/site-packages/click/core.py", line 1353, in invoke
    return ctx.invoke(self.callback, **ctx.params)
           ~~~~~~~~~~^^^^^^^^^^^^^^^^^^^^^^^^^^^^^
  File "/home/admin/Documents/nesa_projects/erpnext-vms-system/vms-system/env/lib/python3.14/site-packages/click/core.py", line 907, in invoke
    return callback(*args, **kwargs)
  File "/home/admin/Documents/nesa_projects/erpnext-vms-system/vms-system/apps/frappe/frappe/commands/scheduler.py", line 206, in start_worker
    start_worker(
    ~~~~~~~~~~~~^
    	queue,
     ^^^^^^
    ...<4 lines>...
    	strategy=strategy,
     ^^^^^^^^^^^^^^^^^^
    )
    ^
  File "/home/admin/Documents/nesa_projects/erpnext-vms-system/vms-system/apps/frappe/frappe/utils/background_jobs.py", line 429, in start_worker
    worker.work(
    ~~~~~~~~~~~^
    	logging_level=logging_level,
     ^^^^^^^^^^^^^^^^^^^^^^^^^^^^
    ...<4 lines>...
    	with_scheduler=False,
     ^^^^^^^^^^^^^^^^^^^^^
    )
    ^
  File "/home/admin/Documents/nesa_projects/erpnext-vms-system/vms-system/env/lib/python3.14/site-packages/rq/worker.py", line 631, in work
    self.teardown()
    ~~~~~~~~~~~~~^^
  File "/home/admin/Documents/nesa_projects/erpnext-vms-system/vms-system/env/lib/python3.14/site-packages/rq/worker.py", line 1150, in teardown
    self.register_death()
    ~~~~~~~~~~~~~~~~~~~^^
  File "/home/admin/Documents/nesa_projects/erpnext-vms-system/vms-system/env/lib/python3.14/site-packages/rq/worker.py", line 885, in register_death
    p.execute()
    ~~~~~~~~~^^
  File "/home/admin/Documents/nesa_projects/erpnext-vms-system/vms-system/env/lib/python3.14/site-packages/redis/client.py", line 1687, in execute
    conn = self.connection_pool.get_connection()
  File "/home/admin/Documents/nesa_projects/erpnext-vms-system/vms-system/env/lib/python3.14/site-packages/redis/utils.py", line 196, in wrapper
    return func(*args, **kwargs)
  File "/home/admin/Documents/nesa_projects/erpnext-vms-system/vms-system/env/lib/python3.14/site-packages/redis/connection.py", line 2603, in get_connection
    connection.connect()
    ~~~~~~~~~~~~~~~~~~^^
  File "/home/admin/Documents/nesa_projects/erpnext-vms-system/vms-system/env/lib/python3.14/site-packages/redis/connection.py", line 846, in connect
    self.connect_check_health(check_health=True)
    ~~~~~~~~~~~~~~~~~~~~~~~~~^^^^^^^^^^^^^^^^^^^
  File "/home/admin/Documents/nesa_projects/erpnext-vms-system/vms-system/env/lib/python3.14/site-packages/redis/connection.py", line 869, in connect_check_health
    self.on_connect_check_health(check_health=check_health)
    ~~~~~~~~~~~~~~~~~~~~~~~~~~~~^^^^^^^^^^^^^^^^^^^^^^^^^^^
  File "/home/admin/Documents/nesa_projects/erpnext-vms-system/vms-system/env/lib/python3.14/site-packages/redis/connection.py", line 994, in on_connect_check_health
    self.read_response()
    ~~~~~~~~~~~~~~~~~~^^
  File "/home/admin/Documents/nesa_projects/erpnext-vms-system/vms-system/env/lib/python3.14/site-packages/redis/connection.py", line 1141, in read_response
    raise ConnectionError(f"Error while reading from {host_error} : {e.args}")
redis.exceptions.ConnectionError: Error while reading from 127.0.0.1:11000 : (104, 'Connection reset by peer')

Error while reading from 127.0.0.1:11000 : (104, 'Connection reset by peer')
2026-09-19 15:10:14,371 Worker 08ca8d2a95d64dfbb8f98fb4320612af: started with PID 20117, version 2.6.1
2026-09-19 15:10:14,371 Worker 08ca8d2a95d64dfbb8f98fb4320612af: subscribing to channel rq:pubsub:08ca8d2a95d64dfbb8f98fb4320612af
2026-09-19 15:10:14,372 *** Listening on home-admin-Documents-nesa_projects-erpnext-vms-system-vms-system:short, home-admin-Documents-nesa_projects-erpnext-vms-system-vms-system:default, home-admin-Documents-nesa_projects-erpnext-vms-system-vms-system:long...
2026-09-19 15:10:14,373 Worker 08ca8d2a95d64dfbb8f98fb4320612af: cleaning registries for queue: home-admin-Documents-nesa_projects-erpnext-vms-system-vms-system:short
2026-09-19 15:10:14,374 Worker 08ca8d2a95d64dfbb8f98fb4320612af: cleaning registries for queue: home-admin-Documents-nesa_projects-erpnext-vms-system-vms-system:default
2026-09-19 15:10:14,374 Worker 08ca8d2a95d64dfbb8f98fb4320612af: cleaning registries for queue: home-admin-Documents-nesa_projects-erpnext-vms-system-vms-system:long
2026-09-19 15:13:31,516 Worker 08ca8d2a95d64dfbb8f98fb4320612af [PID 20117]: warm shut down requested
2026-09-19 15:13:31,518 Worker 08ca8d2a95d64dfbb8f98fb4320612af: unsubscribing from channel rq:pubsub:08ca8d2a95d64dfbb8f98fb4320612af
2026-09-19 15:14:05,357 Worker a4e1c5bf638346f4827aafb751e84bcc: started with PID 22100, version 2.6.1
2026-09-19 15:14:05,357 Worker a4e1c5bf638346f4827aafb751e84bcc: subscribing to channel rq:pubsub:a4e1c5bf638346f4827aafb751e84bcc
2026-09-19 15:14:05,365 *** Listening on home-admin-Documents-nesa_projects-erpnext-vms-system-vms-system:short, home-admin-Documents-nesa_projects-erpnext-vms-system-vms-system:default, home-admin-Documents-nesa_projects-erpnext-vms-system-vms-system:long...
2026-09-19 15:14:05,366 Worker a4e1c5bf638346f4827aafb751e84bcc: cleaning registries for queue: home-admin-Documents-nesa_projects-erpnext-vms-system-vms-system:short
2026-09-19 15:14:05,367 Worker a4e1c5bf638346f4827aafb751e84bcc: cleaning registries for queue: home-admin-Documents-nesa_projects-erpnext-vms-system-vms-system:default
2026-09-19 15:14:05,368 Worker a4e1c5bf638346f4827aafb751e84bcc: cleaning registries for queue: home-admin-Documents-nesa_projects-erpnext-vms-system-vms-system:long
2026-09-19 15:14:21,050 home-admin-Documents-nesa_projects-erpnext-vms-system-vms-system:default: frappe.utils.background_jobs.execute_job(event=None, is_async=True, job_name='frappe.desk.page.setup_wizard.setup_wizard.set_timezone', kwargs={'timezone': 'Asia/Calcutta'}, method=<function set_timezone at 0x7729e90a81a0>, site='vms.localhost', user='Administrator') (vms.localhost||aec19ab8-460a-4aff-8cbf-6fc054f7500e)
2026-09-19 15:14:21,274 Successfully completed frappe.utils.background_jobs.execute_job(event=None, is_async=True, job_name='frappe.desk.page.setup_wizard.setup_wizard.set_timezone', kwargs={'timezone': 'Asia/Calcutta'}, method=<function set_timezone at 0x7729e90a81a0>, site='vms.localhost', user='Administrator') job in 0:00:00.170954s on worker a4e1c5bf638346f4827aafb751e84bcc
2026-09-19 15:14:21,274 home-admin-Documents-nesa_projects-erpnext-vms-system-vms-system:default: Job OK (vms.localhost||aec19ab8-460a-4aff-8cbf-6fc054f7500e)
2026-09-19 15:14:21,274 Result is kept for 600 seconds
2026-09-19 15:18:01,165 home-admin-Documents-nesa_projects-erpnext-vms-system-vms-system:default: frappe.utils.background_jobs.execute_job(event=None, is_async=True, job_name='frappe.core.doctype.scheduled_job_type.scheduled_job_type.run_scheduled_jo..., kwargs={'job_type': 'frappe.monitor.flush', 'scheduled_job_type': 'r6cn4pa2nj'}, method='frappe.core.doctype.scheduled_job_type.scheduled_job_type.run_scheduled_jo..., site='vms.localhost', user='Administrator') (vms.localhost||scheduled_job||r6cn4pa2nj)
2026-09-19 15:18:01,426 Successfully completed frappe.utils.background_jobs.execute_job(event=None, is_async=True, job_name='frappe.core.doctype.scheduled_job_type.scheduled_job_type.run_scheduled_jo..., kwargs={'job_type': 'frappe.monitor.flush', 'scheduled_job_type': 'r6cn4pa2nj'}, method='frappe.core.doctype.scheduled_job_type.scheduled_job_type.run_scheduled_jo..., site='vms.localhost', user='Administrator') job in 0:00:00.255309s on worker a4e1c5bf638346f4827aafb751e84bcc
2026-09-19 15:18:01,426 home-admin-Documents-nesa_projects-erpnext-vms-system-vms-system:default: Job OK (vms.localhost||scheduled_job||r6cn4pa2nj)
2026-09-19 15:18:01,426 Result is kept for 600 seconds
2026-09-19 15:18:01,431 home-admin-Documents-nesa_projects-erpnext-vms-system-vms-system:default: frappe.utils.background_jobs.execute_job(event=None, is_async=True, job_name='frappe.core.doctype.scheduled_job_type.scheduled_job_type.run_scheduled_jo..., kwargs={'job_type': 'frappe.integrations.doctype.google_calendar.google_calendar.s..., method='frappe.core.doctype.scheduled_job_type.scheduled_job_type.run_scheduled_jo..., site='vms.localhost', user='Administrator') (vms.localhost||scheduled_job||r6cgbuk2q9)
2026-09-19 15:18:01,710 Successfully completed frappe.utils.background_jobs.execute_job(event=None, is_async=True, job_name='frappe.core.doctype.scheduled_job_type.scheduled_job_type.run_scheduled_jo..., kwargs={'job_type': 'frappe.integrations.doctype.google_calendar.google_calendar.s..., method='frappe.core.doctype.scheduled_job_type.scheduled_job_type.run_scheduled_jo..., site='vms.localhost', user='Administrator') job in 0:00:00.274963s on worker a4e1c5bf638346f4827aafb751e84bcc
2026-09-19 15:18:01,710 home-admin-Documents-nesa_projects-erpnext-vms-system-vms-system:default: Job OK (vms.localhost||scheduled_job||r6cgbuk2q9)
2026-09-19 15:18:01,710 Result is kept for 600 seconds
2026-09-19 15:18:01,714 home-admin-Documents-nesa_projects-erpnext-vms-system-vms-system:default: frappe.utils.background_jobs.execute_job(event=None, is_async=True, job_name='frappe.core.doctype.scheduled_job_type.scheduled_job_type.run_scheduled_jo..., kwargs={'job_type': 'frappe.email.doctype.email_account.email_account.pull', 'sche..., method='frappe.core.doctype.scheduled_job_type.scheduled_job_type.run_scheduled_jo..., site='vms.localhost', user='Administrator') (vms.localhost||scheduled_job||r6co2s6eeh)
2026-09-19 15:18:01,989 Successfully completed frappe.utils.background_jobs.execute_job(event=None, is_async=True, job_name='frappe.core.doctype.scheduled_job_type.scheduled_job_type.run_scheduled_jo..., kwargs={'job_type': 'frappe.email.doctype.email_account.email_account.pull', 'sche..., method='frappe.core.doctype.scheduled_job_type.scheduled_job_type.run_scheduled_jo..., site='vms.localhost', user='Administrator') job in 0:00:00.270767s on worker a4e1c5bf638346f4827aafb751e84bcc
2026-09-19 15:18:01,989 home-admin-Documents-nesa_projects-erpnext-vms-system-vms-system:default: Job OK (vms.localhost||scheduled_job||r6co2s6eeh)
2026-09-19 15:18:01,989 Result is kept for 600 seconds
2026-09-19 15:18:01,994 home-admin-Documents-nesa_projects-erpnext-vms-system-vms-system:default: frappe.utils.background_jobs.execute_job(event=None, is_async=True, job_name='frappe.core.doctype.scheduled_job_type.scheduled_job_type.run_scheduled_jo..., kwargs={'job_type': 'frappe.email.queue.retry_sending_emails', 'scheduled_job_type..., method='frappe.core.doctype.scheduled_job_type.scheduled_job_type.run_scheduled_jo..., site='vms.localhost', user='Administrator') (vms.localhost||scheduled_job||r6cfjq81g8)
2026-09-19 15:18:02,271 Successfully completed frappe.utils.background_jobs.execute_job(event=None, is_async=True, job_name='frappe.core.doctype.scheduled_job_type.scheduled_job_type.run_scheduled_jo..., kwargs={'job_type': 'frappe.email.queue.retry_sending_emails', 'scheduled_job_type..., method='frappe.core.doctype.scheduled_job_type.scheduled_job_type.run_scheduled_jo..., site='vms.localhost', user='Administrator') job in 0:00:00.273059s on worker a4e1c5bf638346f4827aafb751e84bcc
2026-09-19 15:18:02,272 home-admin-Documents-nesa_projects-erpnext-vms-system-vms-system:default: Job OK (vms.localhost||scheduled_job||r6cfjq81g8)
2026-09-19 15:18:02,272 Result is kept for 600 seconds
2026-09-19 15:18:02,276 home-admin-Documents-nesa_projects-erpnext-vms-system-vms-system:default: frappe.utils.background_jobs.execute_job(event=None, is_async=True, job_name='frappe.core.doctype.scheduled_job_type.scheduled_job_type.run_scheduled_jo..., kwargs={'job_type': 'frappe.automation.doctype.reminder.reminder.send_reminders', ..., method='frappe.core.doctype.scheduled_job_type.scheduled_job_type.run_scheduled_jo..., site='vms.localhost', user='Administrator') (vms.localhost||scheduled_job||r6cm239u8l)
2026-09-19 15:18:02,533 Successfully completed frappe.utils.background_jobs.execute_job(event=None, is_async=True, job_name='frappe.core.doctype.scheduled_job_type.scheduled_job_type.run_scheduled_jo..., kwargs={'job_type': 'frappe.automation.doctype.reminder.reminder.send_reminders', ..., method='frappe.core.doctype.scheduled_job_type.scheduled_job_type.run_scheduled_jo..., site='vms.localhost', user='Administrator') job in 0:00:00.252566s on worker a4e1c5bf638346f4827aafb751e84bcc
2026-09-19 15:18:02,533 home-admin-Documents-nesa_projects-erpnext-vms-system-vms-system:default: Job OK (vms.localhost||scheduled_job||r6cm239u8l)
2026-09-19 15:18:02,533 Result is kept for 600 seconds
2026-09-19 15:18:02,538 home-admin-Documents-nesa_projects-erpnext-vms-system-vms-system:default: frappe.utils.background_jobs.execute_job(event=None, is_async=True, job_name='frappe.core.doctype.scheduled_job_type.scheduled_job_type.run_scheduled_jo..., kwargs={'job_type': 'frappe.search.sqlite_search.index_docs_in_queue', 'scheduled_..., method='frappe.core.doctype.scheduled_job_type.scheduled_job_type.run_scheduled_jo..., site='vms.localhost', user='Administrator') (vms.localhost||scheduled_job||r6b0va6b0s)
2026-09-19 15:18:02,799 Successfully completed frappe.utils.background_jobs.execute_job(event=None, is_async=True, job_name='frappe.core.doctype.scheduled_job_type.scheduled_job_type.run_scheduled_jo..., kwargs={'job_type': 'frappe.search.sqlite_search.index_docs_in_queue', 'scheduled_..., method='frappe.core.doctype.scheduled_job_type.scheduled_job_type.run_scheduled_jo..., site='vms.localhost', user='Administrator') job in 0:00:00.256646s on worker a4e1c5bf638346f4827aafb751e84bcc
2026-09-19 15:18:02,799 home-admin-Documents-nesa_projects-erpnext-vms-system-vms-system:default: Job OK (vms.localhost||scheduled_job||r6b0va6b0s)
2026-09-19 15:18:02,799 Result is kept for 600 seconds
2026-09-19 15:18:02,805 home-admin-Documents-nesa_projects-erpnext-vms-system-vms-system:default: frappe.utils.background_jobs.execute_job(event=None, is_async=True, job_name='frappe.core.doctype.scheduled_job_type.scheduled_job_type.run_scheduled_jo..., kwargs={'job_type': 'frappe.email.doctype.email_account.email_account.notify_unrep..., method='frappe.core.doctype.scheduled_job_type.scheduled_job_type.run_scheduled_jo..., site='vms.localhost', user='Administrator') (vms.localhost||scheduled_job||r6c7qkd882)
2026-09-19 15:18:03,078 Successfully completed frappe.utils.background_jobs.execute_job(event=None, is_async=True, job_name='frappe.core.doctype.scheduled_job_type.scheduled_job_type.run_scheduled_jo..., kwargs={'job_type': 'frappe.email.doctype.email_account.email_account.notify_unrep..., method='frappe.core.doctype.scheduled_job_type.scheduled_job_type.run_scheduled_jo..., site='vms.localhost', user='Administrator') job in 0:00:00.268536s on worker a4e1c5bf638346f4827aafb751e84bcc
2026-09-19 15:18:03,078 home-admin-Documents-nesa_projects-erpnext-vms-system-vms-system:default: Job OK (vms.localhost||scheduled_job||r6c7qkd882)
2026-09-19 15:18:03,078 Result is kept for 600 seconds
2026-09-19 15:18:03,083 home-admin-Documents-nesa_projects-erpnext-vms-system-vms-system:default: frappe.utils.background_jobs.execute_job(event=None, is_async=True, job_name='frappe.core.doctype.scheduled_job_type.scheduled_job_type.run_scheduled_jo..., kwargs={'job_type': 'frappe.automation_engine.scheduler.process_cron', 'scheduled_..., method='frappe.core.doctype.scheduled_job_type.scheduled_job_type.run_scheduled_jo..., site='vms.localhost', user='Administrator') (vms.localhost||scheduled_job||r6c7imf2kv)
2026-09-19 15:18:03,347 Successfully completed frappe.utils.background_jobs.execute_job(event=None, is_async=True, job_name='frappe.core.doctype.scheduled_job_type.scheduled_job_type.run_scheduled_jo..., kwargs={'job_type': 'frappe.automation_engine.scheduler.process_cron', 'scheduled_..., method='frappe.core.doctype.scheduled_job_type.scheduled_job_type.run_scheduled_jo..., site='vms.localhost', user='Administrator') job in 0:00:00.260577s on worker a4e1c5bf638346f4827aafb751e84bcc
2026-09-19 15:18:03,347 home-admin-Documents-nesa_projects-erpnext-vms-system-vms-system:default: Job OK (vms.localhost||scheduled_job||r6c7imf2kv)
2026-09-19 15:18:03,347 Result is kept for 600 seconds
2026-09-19 15:18:03,352 home-admin-Documents-nesa_projects-erpnext-vms-system-vms-system:default: frappe.utils.background_jobs.execute_job(event=None, is_async=True, job_name='frappe.core.doctype.scheduled_job_type.scheduled_job_type.run_scheduled_jo..., kwargs={'job_type': 'frappe.email.doctype.notification.notification.trigger_offset..., method='frappe.core.doctype.scheduled_job_type.scheduled_job_type.run_scheduled_jo..., site='vms.localhost', user='Administrator') (vms.localhost||scheduled_job||r6bmsv0n1c)
2026-09-19 15:18:03,615 Successfully completed frappe.utils.background_jobs.execute_job(event=None, is_async=True, job_name='frappe.core.doctype.scheduled_job_type.scheduled_job_type.run_scheduled_jo..., kwargs={'job_type': 'frappe.email.doctype.notification.notification.trigger_offset..., method='frappe.core.doctype.scheduled_job_type.scheduled_job_type.run_scheduled_jo..., site='vms.localhost', user='Administrator') job in 0:00:00.259229s on worker a4e1c5bf638346f4827aafb751e84bcc
2026-09-19 15:18:03,615 home-admin-Documents-nesa_projects-erpnext-vms-system-vms-system:default: Job OK (vms.localhost||scheduled_job||r6bmsv0n1c)
2026-09-19 15:18:03,615 Result is kept for 600 seconds
2026-09-19 15:18:03,620 home-admin-Documents-nesa_projects-erpnext-vms-system-vms-system:default: frappe.utils.background_jobs.execute_job(event=None, is_async=True, job_name='frappe.core.doctype.scheduled_job_type.scheduled_job_type.run_scheduled_jo..., kwargs={'job_type': 'frappe.integrations.doctype.webhook.webhook.retry_failed_webh..., method='frappe.core.doctype.scheduled_job_type.scheduled_job_type.run_scheduled_jo..., site='vms.localhost', user='Administrator') (vms.localhost||scheduled_job||r6bem02261)
2026-09-19 15:18:03,860 Successfully completed frappe.utils.background_jobs.execute_job(event=None, is_async=True, job_name='frappe.core.doctype.scheduled_job_type.scheduled_job_type.run_scheduled_jo..., kwargs={'job_type': 'frappe.integrations.doctype.webhook.webhook.retry_failed_webh..., method='frappe.core.doctype.scheduled_job_type.scheduled_job_type.run_scheduled_jo..., site='vms.localhost', user='Administrator') job in 0:00:00.236703s on worker a4e1c5bf638346f4827aafb751e84bcc
2026-09-19 15:18:03,860 home-admin-Documents-nesa_projects-erpnext-vms-system-vms-system:default: Job OK (vms.localhost||scheduled_job||r6bem02261)
2026-09-19 15:18:03,860 Result is kept for 600 seconds
2026-09-19 15:18:03,865 home-admin-Documents-nesa_projects-erpnext-vms-system-vms-system:default: frappe.utils.background_jobs.execute_job(event=None, is_async=True, job_name='frappe.core.doctype.scheduled_job_type.scheduled_job_type.run_scheduled_jo..., kwargs={'job_type': 'frappe.model.utils.link_count.update_link_count', 'scheduled_..., method='frappe.core.doctype.scheduled_job_type.scheduled_job_type.run_scheduled_jo..., site='vms.localhost', user='Administrator') (vms.localhost||scheduled_job||r6c53eaod6)
2026-09-19 15:18:04,130 Successfully completed frappe.utils.background_jobs.execute_job(event=None, is_async=True, job_name='frappe.core.doctype.scheduled_job_type.scheduled_job_type.run_scheduled_jo..., kwargs={'job_type': 'frappe.model.utils.link_count.update_link_count', 'scheduled_..., method='frappe.core.doctype.scheduled_job_type.scheduled_job_type.run_scheduled_jo..., site='vms.localhost', user='Administrator') job in 0:00:00.261763s on worker a4e1c5bf638346f4827aafb751e84bcc
2026-09-19 15:18:04,130 home-admin-Documents-nesa_projects-erpnext-vms-system-vms-system:default: Job OK (vms.localhost||scheduled_job||r6c53eaod6)
2026-09-19 15:18:04,130 Result is kept for 600 seconds
2026-09-19 15:18:04,135 home-admin-Documents-nesa_projects-erpnext-vms-system-vms-system:default: frappe.utils.background_jobs.execute_job(event=None, is_async=True, job_name='frappe.core.doctype.scheduled_job_type.scheduled_job_type.run_scheduled_jo..., kwargs={'job_type': 'frappe.utils.telemetry.pulse.client.send_queued_events', 'sch..., method='frappe.core.doctype.scheduled_job_type.scheduled_job_type.run_scheduled_jo..., site='vms.localhost', user='Administrator') (vms.localhost||scheduled_job||r6cjuaehis)
2026-09-19 15:18:04,401 Successfully completed frappe.utils.background_jobs.execute_job(event=None, is_async=True, job_name='frappe.core.doctype.scheduled_job_type.scheduled_job_type.run_scheduled_jo..., kwargs={'job_type': 'frappe.utils.telemetry.pulse.client.send_queued_events', 'sch..., method='frappe.core.doctype.scheduled_job_type.scheduled_job_type.run_scheduled_jo..., site='vms.localhost', user='Administrator') job in 0:00:00.261805s on worker a4e1c5bf638346f4827aafb751e84bcc
2026-09-19 15:18:04,401 home-admin-Documents-nesa_projects-erpnext-vms-system-vms-system:default: Job OK (vms.localhost||scheduled_job||r6cjuaehis)
2026-09-19 15:18:04,401 Result is kept for 600 seconds
2026-09-19 15:18:04,405 home-admin-Documents-nesa_projects-erpnext-vms-system-vms-system:default: frappe.utils.background_jobs.execute_job(event=None, is_async=True, job_name='frappe.core.doctype.scheduled_job_type.scheduled_job_type.run_scheduled_jo..., kwargs={'job_type': 'frappe.automation_engine.drainer.drain_due', 'scheduled_job_t..., method='frappe.core.doctype.scheduled_job_type.scheduled_job_type.run_scheduled_jo..., site='vms.localhost', user='Administrator') (vms.localhost||scheduled_job||r6cf3826fc)
2026-09-19 15:18:04,656 Successfully completed frappe.utils.background_jobs.execute_job(event=None, is_async=True, job_name='frappe.core.doctype.scheduled_job_type.scheduled_job_type.run_scheduled_jo..., kwargs={'job_type': 'frappe.automation_engine.drainer.drain_due', 'scheduled_job_t..., method='frappe.core.doctype.scheduled_job_type.scheduled_job_type.run_scheduled_jo..., site='vms.localhost', user='Administrator') job in 0:00:00.246534s on worker a4e1c5bf638346f4827aafb751e84bcc
2026-09-19 15:18:04,656 home-admin-Documents-nesa_projects-erpnext-vms-system-vms-system:default: Job OK (vms.localhost||scheduled_job||r6cf3826fc)
2026-09-19 15:18:04,656 Result is kept for 600 seconds
2026-09-19 15:18:04,661 home-admin-Documents-nesa_projects-erpnext-vms-system-vms-system:default: frappe.utils.background_jobs.execute_job(event=None, is_async=True, job_name='frappe.core.doctype.scheduled_job_type.scheduled_job_type.run_scheduled_jo..., kwargs={'job_type': 'frappe.email.queue.flush', 'scheduled_job_type': 'r6cffmj05i'..., method='frappe.core.doctype.scheduled_job_type.scheduled_job_type.run_scheduled_jo..., site='vms.localhost', user='Administrator') (vms.localhost||scheduled_job||r6cffmj05i)
2026-09-19 15:18:04,928 Successfully completed frappe.utils.background_jobs.execute_job(event=None, is_async=True, job_name='frappe.core.doctype.scheduled_job_type.scheduled_job_type.run_scheduled_jo..., kwargs={'job_type': 'frappe.email.queue.flush', 'scheduled_job_type': 'r6cffmj05i'..., method='frappe.core.doctype.scheduled_job_type.scheduled_job_type.run_scheduled_jo..., site='vms.localhost', user='Administrator') job in 0:00:00.262997s on worker a4e1c5bf638346f4827aafb751e84bcc
2026-09-19 15:18:04,928 home-admin-Documents-nesa_projects-erpnext-vms-system-vms-system:default: Job OK (vms.localhost||scheduled_job||r6cffmj05i)
2026-09-19 15:18:04,928 Result is kept for 600 seconds
2026-09-19 15:18:04,933 home-admin-Documents-nesa_projects-erpnext-vms-system-vms-system:default: frappe.utils.background_jobs.execute_job(event=None, is_async=True, job_name='frappe.core.doctype.scheduled_job_type.scheduled_job_type.run_scheduled_jo..., kwargs={'job_type': 'frappe.deferred_insert.save_to_db', 'scheduled_job_type': 'r6..., method='frappe.core.doctype.scheduled_job_type.scheduled_job_type.run_scheduled_jo..., site='vms.localhost', user='Administrator') (vms.localhost||scheduled_job||r6c93pvb5c)
2026-09-19 15:18:05,220 Successfully completed frappe.utils.background_jobs.execute_job(event=None, is_async=True, job_name='frappe.core.doctype.scheduled_job_type.scheduled_job_type.run_scheduled_jo..., kwargs={'job_type': 'frappe.deferred_insert.save_to_db', 'scheduled_job_type': 'r6..., method='frappe.core.doctype.scheduled_job_type.scheduled_job_type.run_scheduled_jo..., site='vms.localhost', user='Administrator') job in 0:00:00.282640s on worker a4e1c5bf638346f4827aafb751e84bcc
2026-09-19 15:18:05,220 home-admin-Documents-nesa_projects-erpnext-vms-system-vms-system:default: Job OK (vms.localhost||scheduled_job||r6c93pvb5c)
2026-09-19 15:18:05,220 Result is kept for 600 seconds
2026-09-19 15:18:05,225 home-admin-Documents-nesa_projects-erpnext-vms-system-vms-system:default: frappe.utils.background_jobs.execute_job(event=None, is_async=True, job_name='frappe.core.doctype.scheduled_job_type.scheduled_job_type.run_scheduled_jo..., kwargs={'job_type': 'frappe.utils.global_search.sync_global_search', 'scheduled_jo..., method='frappe.core.doctype.scheduled_job_type.scheduled_job_type.run_scheduled_jo..., site='vms.localhost', user='Administrator') (vms.localhost||scheduled_job||r6cfmki32o)
2026-09-19 15:18:05,489 Successfully completed frappe.utils.background_jobs.execute_job(event=None, is_async=True, job_name='frappe.core.doctype.scheduled_job_type.scheduled_job_type.run_scheduled_jo..., kwargs={'job_type': 'frappe.utils.global_search.sync_global_search', 'scheduled_jo..., method='frappe.core.doctype.scheduled_job_type.scheduled_job_type.run_scheduled_jo..., site='vms.localhost', user='Administrator') job in 0:00:00.260455s on worker a4e1c5bf638346f4827aafb751e84bcc
2026-09-19 15:18:05,489 home-admin-Documents-nesa_projects-erpnext-vms-system-vms-system:default: Job OK (vms.localhost||scheduled_job||r6cfmki32o)
2026-09-19 15:18:05,489 Result is kept for 600 seconds
2026-09-19 15:21:18,894 Worker a4e1c5bf638346f4827aafb751e84bcc [PID 22100]: warm shut down requested
2026-09-19 15:21:18,895 Worker a4e1c5bf638346f4827aafb751e84bcc: unsubscribing from channel rq:pubsub:a4e1c5bf638346f4827aafb751e84bcc
2026-09-19 15:22:44,441 Worker 27f07420947c4959bdbe0320fb7c395b: started with PID 24621, version 2.6.1
2026-09-19 15:22:44,441 Worker 27f07420947c4959bdbe0320fb7c395b: subscribing to channel rq:pubsub:27f07420947c4959bdbe0320fb7c395b
2026-09-19 15:22:44,442 *** Listening on home-admin-Documents-nesa_projects-erpnext-vms-system-vms-system:short, home-admin-Documents-nesa_projects-erpnext-vms-system-vms-system:default, home-admin-Documents-nesa_projects-erpnext-vms-system-vms-system:long...
2026-09-19 15:22:44,445 Worker 27f07420947c4959bdbe0320fb7c395b: cleaning registries for queue: home-admin-Documents-nesa_projects-erpnext-vms-system-vms-system:short
2026-09-19 15:22:44,447 Worker 27f07420947c4959bdbe0320fb7c395b: cleaning registries for queue: home-admin-Documents-nesa_projects-erpnext-vms-system-vms-system:default
2026-09-19 15:22:44,449 Worker 27f07420947c4959bdbe0320fb7c395b: cleaning registries for queue: home-admin-Documents-nesa_projects-erpnext-vms-system-vms-system:long
2026-09-19 15:23:51,400 Worker 27f07420947c4959bdbe0320fb7c395b [PID 24621]: warm shut down requested
2026-09-19 15:23:51,401 Worker 27f07420947c4959bdbe0320fb7c395b: unsubscribing from channel rq:pubsub:27f07420947c4959bdbe0320fb7c395b
2026-09-19 15:24:10,358 Worker c8e607118e834e41ad34f686973f86f2: started with PID 25345, version 2.6.1
2026-09-19 15:24:10,358 Worker c8e607118e834e41ad34f686973f86f2: subscribing to channel rq:pubsub:c8e607118e834e41ad34f686973f86f2
2026-09-19 15:24:10,359 *** Listening on home-admin-Documents-nesa_projects-erpnext-vms-system-vms-system:short, home-admin-Documents-nesa_projects-erpnext-vms-system-vms-system:default, home-admin-Documents-nesa_projects-erpnext-vms-system-vms-system:long...
2026-09-19 15:24:10,360 Worker c8e607118e834e41ad34f686973f86f2: cleaning registries for queue: home-admin-Documents-nesa_projects-erpnext-vms-system-vms-system:short
2026-09-19 15:24:10,361 Worker c8e607118e834e41ad34f686973f86f2: cleaning registries for queue: home-admin-Documents-nesa_projects-erpnext-vms-system-vms-system:default
2026-09-19 15:24:10,361 Worker c8e607118e834e41ad34f686973f86f2: cleaning registries for queue: home-admin-Documents-nesa_projects-erpnext-vms-system-vms-system:long
2026-09-19 15:26:00,959 home-admin-Documents-nesa_projects-erpnext-vms-system-vms-system:default: frappe.utils.background_jobs.execute_job(event=None, is_async=True, job_name='frappe.core.doctype.scheduled_job_type.scheduled_job_type.run_scheduled_jo..., kwargs={'job_type': 'frappe.automation_engine.scheduler.process_cron', 'scheduled_..., method='frappe.core.doctype.scheduled_job_type.scheduled_job_type.run_scheduled_jo..., site='vms.localhost', user='Administrator') (vms.localhost||scheduled_job||r6c7imf2kv)
2026-09-19 15:26:01,219 Successfully completed frappe.utils.background_jobs.execute_job(event=None, is_async=True, job_name='frappe.core.doctype.scheduled_job_type.scheduled_job_type.run_scheduled_jo..., kwargs={'job_type': 'frappe.automation_engine.scheduler.process_cron', 'scheduled_..., method='frappe.core.doctype.scheduled_job_type.scheduled_job_type.run_scheduled_jo..., site='vms.localhost', user='Administrator') job in 0:00:00.238529s on worker c8e607118e834e41ad34f686973f86f2
2026-09-19 15:26:01,219 home-admin-Documents-nesa_projects-erpnext-vms-system-vms-system:default: Job OK (vms.localhost||scheduled_job||r6c7imf2kv)
2026-09-19 15:26:01,219 Result is kept for 600 seconds
2026-09-19 15:26:01,225 home-admin-Documents-nesa_projects-erpnext-vms-system-vms-system:default: frappe.utils.background_jobs.execute_job(event=None, is_async=True, job_name='frappe.core.doctype.scheduled_job_type.scheduled_job_type.run_scheduled_jo..., kwargs={'job_type': 'frappe.integrations.doctype.google_calendar.google_calendar.s..., method='frappe.core.doctype.scheduled_job_type.scheduled_job_type.run_scheduled_jo..., site='vms.localhost', user='Administrator') (vms.localhost||scheduled_job||r6cgbuk2q9)
2026-09-19 15:26:01,486 Successfully completed frappe.utils.background_jobs.execute_job(event=None, is_async=True, job_name='frappe.core.doctype.scheduled_job_type.scheduled_job_type.run_scheduled_jo..., kwargs={'job_type': 'frappe.integrations.doctype.google_calendar.google_calendar.s..., method='frappe.core.doctype.scheduled_job_type.scheduled_job_type.run_scheduled_jo..., site='vms.localhost', user='Administrator') job in 0:00:00.257050s on worker c8e607118e834e41ad34f686973f86f2
2026-09-19 15:26:01,486 home-admin-Documents-nesa_projects-erpnext-vms-system-vms-system:default: Job OK (vms.localhost||scheduled_job||r6cgbuk2q9)
2026-09-19 15:26:01,486 Result is kept for 600 seconds
2026-09-19 15:26:01,491 home-admin-Documents-nesa_projects-erpnext-vms-system-vms-system:default: frappe.utils.background_jobs.execute_job(event=None, is_async=True, job_name='frappe.core.doctype.scheduled_job_type.scheduled_job_type.run_scheduled_jo..., kwargs={'job_type': 'frappe.search.sqlite_search.index_docs_in_queue', 'scheduled_..., method='frappe.core.doctype.scheduled_job_type.scheduled_job_type.run_scheduled_jo..., site='vms.localhost', user='Administrator') (vms.localhost||scheduled_job||r6b0va6b0s)
2026-09-19 15:26:01,731 Successfully completed frappe.utils.background_jobs.execute_job(event=None, is_async=True, job_name='frappe.core.doctype.scheduled_job_type.scheduled_job_type.run_scheduled_jo..., kwargs={'job_type': 'frappe.search.sqlite_search.index_docs_in_queue', 'scheduled_..., method='frappe.core.doctype.scheduled_job_type.scheduled_job_type.run_scheduled_jo..., site='vms.localhost', user='Administrator') job in 0:00:00.236252s on worker c8e607118e834e41ad34f686973f86f2
2026-09-19 15:26:01,731 home-admin-Documents-nesa_projects-erpnext-vms-system-vms-system:default: Job OK (vms.localhost||scheduled_job||r6b0va6b0s)
2026-09-19 15:26:01,731 Result is kept for 600 seconds
2026-09-19 15:26:01,737 home-admin-Documents-nesa_projects-erpnext-vms-system-vms-system:default: frappe.utils.background_jobs.execute_job(event=None, is_async=True, job_name='frappe.core.doctype.scheduled_job_type.scheduled_job_type.run_scheduled_jo..., kwargs={'job_type': 'frappe.automation_engine.drainer.drain_due', 'scheduled_job_t..., method='frappe.core.doctype.scheduled_job_type.scheduled_job_type.run_scheduled_jo..., site='vms.localhost', user='Administrator') (vms.localhost||scheduled_job||r6cf3826fc)
2026-09-19 15:26:01,996 Successfully completed frappe.utils.background_jobs.execute_job(event=None, is_async=True, job_name='frappe.core.doctype.scheduled_job_type.scheduled_job_type.run_scheduled_jo..., kwargs={'job_type': 'frappe.automation_engine.drainer.drain_due', 'scheduled_job_t..., method='frappe.core.doctype.scheduled_job_type.scheduled_job_type.run_scheduled_jo..., site='vms.localhost', user='Administrator') job in 0:00:00.254948s on worker c8e607118e834e41ad34f686973f86f2
2026-09-19 15:26:01,996 home-admin-Documents-nesa_projects-erpnext-vms-system-vms-system:default: Job OK (vms.localhost||scheduled_job||r6cf3826fc)
2026-09-19 15:26:01,996 Result is kept for 600 seconds
2026-09-19 15:26:02,002 home-admin-Documents-nesa_projects-erpnext-vms-system-vms-system:default: frappe.utils.background_jobs.execute_job(event=None, is_async=True, job_name='frappe.core.doctype.scheduled_job_type.scheduled_job_type.run_scheduled_jo..., kwargs={'job_type': 'frappe.integrations.doctype.webhook.webhook.retry_failed_webh..., method='frappe.core.doctype.scheduled_job_type.scheduled_job_type.run_scheduled_jo..., site='vms.localhost', user='Administrator') (vms.localhost||scheduled_job||r6bem02261)
2026-09-19 15:26:02,269 Successfully completed frappe.utils.background_jobs.execute_job(event=None, is_async=True, job_name='frappe.core.doctype.scheduled_job_type.scheduled_job_type.run_scheduled_jo..., kwargs={'job_type': 'frappe.integrations.doctype.webhook.webhook.retry_failed_webh..., method='frappe.core.doctype.scheduled_job_type.scheduled_job_type.run_scheduled_jo..., site='vms.localhost', user='Administrator') job in 0:00:00.263465s on worker c8e607118e834e41ad34f686973f86f2
2026-09-19 15:26:02,269 home-admin-Documents-nesa_projects-erpnext-vms-system-vms-system:default: Job OK (vms.localhost||scheduled_job||r6bem02261)
2026-09-19 15:26:02,269 Result is kept for 600 seconds
2026-09-19 15:26:02,274 home-admin-Documents-nesa_projects-erpnext-vms-system-vms-system:default: frappe.utils.background_jobs.execute_job(event=None, is_async=True, job_name='frappe.core.doctype.scheduled_job_type.scheduled_job_type.run_scheduled_jo..., kwargs={'job_type': 'frappe.email.queue.retry_sending_emails', 'scheduled_job_type..., method='frappe.core.doctype.scheduled_job_type.scheduled_job_type.run_scheduled_jo..., site='vms.localhost', user='Administrator') (vms.localhost||scheduled_job||r6cfjq81g8)
2026-09-19 15:26:02,540 Successfully completed frappe.utils.background_jobs.execute_job(event=None, is_async=True, job_name='frappe.core.doctype.scheduled_job_type.scheduled_job_type.run_scheduled_jo..., kwargs={'job_type': 'frappe.email.queue.retry_sending_emails', 'scheduled_job_type..., method='frappe.core.doctype.scheduled_job_type.scheduled_job_type.run_scheduled_jo..., site='vms.localhost', user='Administrator') job in 0:00:00.262267s on worker c8e607118e834e41ad34f686973f86f2
2026-09-19 15:26:02,540 home-admin-Documents-nesa_projects-erpnext-vms-system-vms-system:default: Job OK (vms.localhost||scheduled_job||r6cfjq81g8)
2026-09-19 15:26:02,540 Result is kept for 600 seconds
2026-09-19 15:26:02,544 home-admin-Documents-nesa_projects-erpnext-vms-system-vms-system:default: frappe.utils.background_jobs.execute_job(event=None, is_async=True, job_name='frappe.core.doctype.scheduled_job_type.scheduled_job_type.run_scheduled_jo..., kwargs={'job_type': 'frappe.email.doctype.notification.notification.trigger_offset..., method='frappe.core.doctype.scheduled_job_type.scheduled_job_type.run_scheduled_jo..., site='vms.localhost', user='Administrator') (vms.localhost||scheduled_job||r6bmsv0n1c)
2026-09-19 15:26:02,769 Successfully completed frappe.utils.background_jobs.execute_job(event=None, is_async=True, job_name='frappe.core.doctype.scheduled_job_type.scheduled_job_type.run_scheduled_jo..., kwargs={'job_type': 'frappe.email.doctype.notification.notification.trigger_offset..., method='frappe.core.doctype.scheduled_job_type.scheduled_job_type.run_scheduled_jo..., site='vms.localhost', user='Administrator') job in 0:00:00.221508s on worker c8e607118e834e41ad34f686973f86f2
2026-09-19 15:26:02,769 home-admin-Documents-nesa_projects-erpnext-vms-system-vms-system:default: Job OK (vms.localhost||scheduled_job||r6bmsv0n1c)
2026-09-19 15:26:02,769 Result is kept for 600 seconds
2026-09-19 15:26:02,774 home-admin-Documents-nesa_projects-erpnext-vms-system-vms-system:default: frappe.utils.background_jobs.execute_job(event=None, is_async=True, job_name='frappe.core.doctype.scheduled_job_type.scheduled_job_type.run_scheduled_jo..., kwargs={'job_type': 'frappe.email.doctype.email_account.email_account.pull', 'sche..., method='frappe.core.doctype.scheduled_job_type.scheduled_job_type.run_scheduled_jo..., site='vms.localhost', user='Administrator') (vms.localhost||scheduled_job||r6co2s6eeh)
2026-09-19 15:26:03,039 Successfully completed frappe.utils.background_jobs.execute_job(event=None, is_async=True, job_name='frappe.core.doctype.scheduled_job_type.scheduled_job_type.run_scheduled_jo..., kwargs={'job_type': 'frappe.email.doctype.email_account.email_account.pull', 'sche..., method='frappe.core.doctype.scheduled_job_type.scheduled_job_type.run_scheduled_jo..., site='vms.localhost', user='Administrator') job in 0:00:00.261348s on worker c8e607118e834e41ad34f686973f86f2
2026-09-19 15:26:03,039 home-admin-Documents-nesa_projects-erpnext-vms-system-vms-system:default: Job OK (vms.localhost||scheduled_job||r6co2s6eeh)
2026-09-19 15:26:03,039 Result is kept for 600 seconds
2026-09-19 15:26:03,044 home-admin-Documents-nesa_projects-erpnext-vms-system-vms-system:default: frappe.utils.background_jobs.execute_job(event=None, is_async=True, job_name='frappe.core.doctype.scheduled_job_type.scheduled_job_type.run_scheduled_jo..., kwargs={'job_type': 'frappe.email.queue.flush', 'scheduled_job_type': 'r6cffmj05i'..., method='frappe.core.doctype.scheduled_job_type.scheduled_job_type.run_scheduled_jo..., site='vms.localhost', user='Administrator') (vms.localhost||scheduled_job||r6cffmj05i)
2026-09-19 15:26:03,291 Successfully completed frappe.utils.background_jobs.execute_job(event=None, is_async=True, job_name='frappe.core.doctype.scheduled_job_type.scheduled_job_type.run_scheduled_jo..., kwargs={'job_type': 'frappe.email.queue.flush', 'scheduled_job_type': 'r6cffmj05i'..., method='frappe.core.doctype.scheduled_job_type.scheduled_job_type.run_scheduled_jo..., site='vms.localhost', user='Administrator') job in 0:00:00.243260s on worker c8e607118e834e41ad34f686973f86f2
2026-09-19 15:26:03,291 home-admin-Documents-nesa_projects-erpnext-vms-system-vms-system:default: Job OK (vms.localhost||scheduled_job||r6cffmj05i)
2026-09-19 15:26:03,291 Result is kept for 600 seconds
2026-09-19 15:26:03,295 home-admin-Documents-nesa_projects-erpnext-vms-system-vms-system:default: frappe.utils.background_jobs.execute_job(event=None, is_async=True, job_name='frappe.core.doctype.scheduled_job_type.scheduled_job_type.run_scheduled_jo..., kwargs={'job_type': 'frappe.monitor.flush', 'scheduled_job_type': 'r6cn4pa2nj'}, method='frappe.core.doctype.scheduled_job_type.scheduled_job_type.run_scheduled_jo..., site='vms.localhost', user='Administrator') (vms.localhost||scheduled_job||r6cn4pa2nj)
2026-09-19 15:26:03,606 Successfully completed frappe.utils.background_jobs.execute_job(event=None, is_async=True, job_name='frappe.core.doctype.scheduled_job_type.scheduled_job_type.run_scheduled_jo..., kwargs={'job_type': 'frappe.monitor.flush', 'scheduled_job_type': 'r6cn4pa2nj'}, method='frappe.core.doctype.scheduled_job_type.scheduled_job_type.run_scheduled_jo..., site='vms.localhost', user='Administrator') job in 0:00:00.307589s on worker c8e607118e834e41ad34f686973f86f2
2026-09-19 15:26:03,606 home-admin-Documents-nesa_projects-erpnext-vms-system-vms-system:default: Job OK (vms.localhost||scheduled_job||r6cn4pa2nj)
2026-09-19 15:26:03,606 Result is kept for 600 seconds
2026-09-19 15:30:00,985 home-admin-Documents-nesa_projects-erpnext-vms-system-vms-system:default: frappe.utils.background_jobs.execute_job(event=None, is_async=True, job_name='frappe.core.doctype.scheduled_job_type.scheduled_job_type.run_scheduled_jo..., kwargs={'job_type': 'frappe.email.queue.flush', 'scheduled_job_type': 'r6cffmj05i'..., method='frappe.core.doctype.scheduled_job_type.scheduled_job_type.run_scheduled_jo..., site='vms.localhost', user='Administrator') (vms.localhost||scheduled_job||r6cffmj05i)
2026-09-19 15:30:01,233 Successfully completed frappe.utils.background_jobs.execute_job(event=None, is_async=True, job_name='frappe.core.doctype.scheduled_job_type.scheduled_job_type.run_scheduled_jo..., kwargs={'job_type': 'frappe.email.queue.flush', 'scheduled_job_type': 'r6cffmj05i'..., method='frappe.core.doctype.scheduled_job_type.scheduled_job_type.run_scheduled_jo..., site='vms.localhost', user='Administrator') job in 0:00:00.243880s on worker c8e607118e834e41ad34f686973f86f2
2026-09-19 15:30:01,233 home-admin-Documents-nesa_projects-erpnext-vms-system-vms-system:default: Job OK (vms.localhost||scheduled_job||r6cffmj05i)
2026-09-19 15:30:01,233 Result is kept for 600 seconds
2026-09-19 15:30:01,238 home-admin-Documents-nesa_projects-erpnext-vms-system-vms-system:default: frappe.utils.background_jobs.execute_job(event=None, is_async=True, job_name='frappe.core.doctype.scheduled_job_type.scheduled_job_type.run_scheduled_jo..., kwargs={'job_type': 'frappe.email.queue.retry_sending_emails', 'scheduled_job_type..., method='frappe.core.doctype.scheduled_job_type.scheduled_job_type.run_scheduled_jo..., site='vms.localhost', user='Administrator') (vms.localhost||scheduled_job||r6cfjq81g8)
2026-09-19 15:30:01,498 Successfully completed frappe.utils.background_jobs.execute_job(event=None, is_async=True, job_name='frappe.core.doctype.scheduled_job_type.scheduled_job_type.run_scheduled_jo..., kwargs={'job_type': 'frappe.email.queue.retry_sending_emails', 'scheduled_job_type..., method='frappe.core.doctype.scheduled_job_type.scheduled_job_type.run_scheduled_jo..., site='vms.localhost', user='Administrator') job in 0:00:00.255429s on worker c8e607118e834e41ad34f686973f86f2
2026-09-19 15:30:01,498 home-admin-Documents-nesa_projects-erpnext-vms-system-vms-system:default: Job OK (vms.localhost||scheduled_job||r6cfjq81g8)
2026-09-19 15:30:01,498 Result is kept for 600 seconds
2026-09-19 15:30:01,504 home-admin-Documents-nesa_projects-erpnext-vms-system-vms-system:default: frappe.utils.background_jobs.execute_job(event=None, is_async=True, job_name='frappe.core.doctype.scheduled_job_type.scheduled_job_type.run_scheduled_jo..., kwargs={'job_type': 'erpnext.manufacturing.doctype.bom_update_log.bom_update_log.r..., method='frappe.core.doctype.scheduled_job_type.scheduled_job_type.run_scheduled_jo..., site='vms.localhost', user='Administrator') (vms.localhost||scheduled_job||4g2rahgf4c)
2026-09-19 15:30:01,743 Successfully completed frappe.utils.background_jobs.execute_job(event=None, is_async=True, job_name='frappe.core.doctype.scheduled_job_type.scheduled_job_type.run_scheduled_jo..., kwargs={'job_type': 'erpnext.manufacturing.doctype.bom_update_log.bom_update_log.r..., method='frappe.core.doctype.scheduled_job_type.scheduled_job_type.run_scheduled_jo..., site='vms.localhost', user='Administrator') job in 0:00:00.235886s on worker c8e607118e834e41ad34f686973f86f2
2026-09-19 15:30:01,744 home-admin-Documents-nesa_projects-erpnext-vms-system-vms-system:default: Job OK (vms.localhost||scheduled_job||4g2rahgf4c)
2026-09-19 15:30:01,744 Result is kept for 600 seconds
2026-09-19 15:30:01,748 home-admin-Documents-nesa_projects-erpnext-vms-system-vms-system:default: frappe.utils.background_jobs.execute_job(event=None, is_async=True, job_name='frappe.core.doctype.scheduled_job_type.scheduled_job_type.run_scheduled_jo..., kwargs={'job_type': 'frappe.automation.doctype.reminder.reminder.send_reminders', ..., method='frappe.core.doctype.scheduled_job_type.scheduled_job_type.run_scheduled_jo..., site='vms.localhost', user='Administrator') (vms.localhost||scheduled_job||r6cm239u8l)
2026-09-19 15:30:01,986 Successfully completed frappe.utils.background_jobs.execute_job(event=None, is_async=True, job_name='frappe.core.doctype.scheduled_job_type.scheduled_job_type.run_scheduled_jo..., kwargs={'job_type': 'frappe.automation.doctype.reminder.reminder.send_reminders', ..., method='frappe.core.doctype.scheduled_job_type.scheduled_job_type.run_scheduled_jo..., site='vms.localhost', user='Administrator') job in 0:00:00.234245s on worker c8e607118e834e41ad34f686973f86f2
2026-09-19 15:30:01,986 home-admin-Documents-nesa_projects-erpnext-vms-system-vms-system:default: Job OK (vms.localhost||scheduled_job||r6cm239u8l)
2026-09-19 15:30:01,986 Result is kept for 600 seconds
2026-09-19 15:30:01,990 home-admin-Documents-nesa_projects-erpnext-vms-system-vms-system:default: frappe.utils.background_jobs.execute_job(event=None, is_async=True, job_name='frappe.core.doctype.scheduled_job_type.scheduled_job_type.run_scheduled_jo..., kwargs={'job_type': 'frappe.search.sqlite_search.index_docs_in_queue', 'scheduled_..., method='frappe.core.doctype.scheduled_job_type.scheduled_job_type.run_scheduled_jo..., site='vms.localhost', user='Administrator') (vms.localhost||scheduled_job||r6b0va6b0s)
2026-09-19 15:30:02,235 Successfully completed frappe.utils.background_jobs.execute_job(event=None, is_async=True, job_name='frappe.core.doctype.scheduled_job_type.scheduled_job_type.run_scheduled_jo..., kwargs={'job_type': 'frappe.search.sqlite_search.index_docs_in_queue', 'scheduled_..., method='frappe.core.doctype.scheduled_job_type.scheduled_job_type.run_scheduled_jo..., site='vms.localhost', user='Administrator') job in 0:00:00.241348s on worker c8e607118e834e41ad34f686973f86f2
2026-09-19 15:30:02,235 home-admin-Documents-nesa_projects-erpnext-vms-system-vms-system:default: Job OK (vms.localhost||scheduled_job||r6b0va6b0s)
2026-09-19 15:30:02,235 Result is kept for 600 seconds
2026-09-19 15:30:02,241 home-admin-Documents-nesa_projects-erpnext-vms-system-vms-system:default: frappe.utils.background_jobs.execute_job(event=None, is_async=True, job_name='frappe.core.doctype.scheduled_job_type.scheduled_job_type.run_scheduled_jo..., kwargs={'job_type': 'frappe.deferred_insert.save_to_db', 'scheduled_job_type': 'r6..., method='frappe.core.doctype.scheduled_job_type.scheduled_job_type.run_scheduled_jo..., site='vms.localhost', user='Administrator') (vms.localhost||scheduled_job||r6c93pvb5c)
2026-09-19 15:30:02,543 Successfully completed frappe.utils.background_jobs.execute_job(event=None, is_async=True, job_name='frappe.core.doctype.scheduled_job_type.scheduled_job_type.run_scheduled_jo..., kwargs={'job_type': 'frappe.deferred_insert.save_to_db', 'scheduled_job_type': 'r6..., method='frappe.core.doctype.scheduled_job_type.scheduled_job_type.run_scheduled_jo..., site='vms.localhost', user='Administrator') job in 0:00:00.298614s on worker c8e607118e834e41ad34f686973f86f2
2026-09-19 15:30:02,544 home-admin-Documents-nesa_projects-erpnext-vms-system-vms-system:default: Job OK (vms.localhost||scheduled_job||r6c93pvb5c)
2026-09-19 15:30:02,544 Result is kept for 600 seconds
2026-09-19 15:30:02,548 home-admin-Documents-nesa_projects-erpnext-vms-system-vms-system:default: frappe.utils.background_jobs.execute_job(event=None, is_async=True, job_name='frappe.core.doctype.scheduled_job_type.scheduled_job_type.run_scheduled_jo..., kwargs={'job_type': 'frappe.email.doctype.email_account.email_account.pull', 'sche..., method='frappe.core.doctype.scheduled_job_type.scheduled_job_type.run_scheduled_jo..., site='vms.localhost', user='Administrator') (vms.localhost||scheduled_job||r6co2s6eeh)
2026-09-19 15:30:02,828 Successfully completed frappe.utils.background_jobs.execute_job(event=None, is_async=True, job_name='frappe.core.doctype.scheduled_job_type.scheduled_job_type.run_scheduled_jo..., kwargs={'job_type': 'frappe.email.doctype.email_account.email_account.pull', 'sche..., method='frappe.core.doctype.scheduled_job_type.scheduled_job_type.run_scheduled_jo..., site='vms.localhost', user='Administrator') job in 0:00:00.275955s on worker c8e607118e834e41ad34f686973f86f2
2026-09-19 15:30:02,829 home-admin-Documents-nesa_projects-erpnext-vms-system-vms-system:default: Job OK (vms.localhost||scheduled_job||r6co2s6eeh)
2026-09-19 15:30:02,829 Result is kept for 600 seconds
2026-09-19 15:30:02,834 home-admin-Documents-nesa_projects-erpnext-vms-system-vms-system:default: frappe.utils.background_jobs.execute_job(event=None, is_async=True, job_name='frappe.core.doctype.scheduled_job_type.scheduled_job_type.run_scheduled_jo..., kwargs={'job_type': 'erpnext.accounts.doctype.gl_entry.gl_entry.rename_gle_sle_doc..., method='frappe.core.doctype.scheduled_job_type.scheduled_job_type.run_scheduled_jo..., site='vms.localhost', user='Administrator') (vms.localhost||scheduled_job||4g2864at1r)
2026-09-19 15:30:03,107 Successfully completed frappe.utils.background_jobs.execute_job(event=None, is_async=True, job_name='frappe.core.doctype.scheduled_job_type.scheduled_job_type.run_scheduled_jo..., kwargs={'job_type': 'erpnext.accounts.doctype.gl_entry.gl_entry.rename_gle_sle_doc..., method='frappe.core.doctype.scheduled_job_type.scheduled_job_type.run_scheduled_jo..., site='vms.localhost', user='Administrator') job in 0:00:00.269752s on worker c8e607118e834e41ad34f686973f86f2
2026-09-19 15:30:03,107 home-admin-Documents-nesa_projects-erpnext-vms-system-vms-system:default: Job OK (vms.localhost||scheduled_job||4g2864at1r)
2026-09-19 15:30:03,107 Result is kept for 600 seconds
2026-09-19 15:30:03,113 home-admin-Documents-nesa_projects-erpnext-vms-system-vms-system:default: frappe.utils.background_jobs.execute_job(event=None, is_async=True, job_name='frappe.core.doctype.scheduled_job_type.scheduled_job_type.run_scheduled_jo..., kwargs={'job_type': 'frappe.utils.telemetry.pulse.client.send_queued_events', 'sch..., method='frappe.core.doctype.scheduled_job_type.scheduled_job_type.run_scheduled_jo..., site='vms.localhost', user='Administrator') (vms.localhost||scheduled_job||r6cjuaehis)
2026-09-19 15:30:03,337 Successfully completed frappe.utils.background_jobs.execute_job(event=None, is_async=True, job_name='frappe.core.doctype.scheduled_job_type.scheduled_job_type.run_scheduled_jo..., kwargs={'job_type': 'frappe.utils.telemetry.pulse.client.send_queued_events', 'sch..., method='frappe.core.doctype.scheduled_job_type.scheduled_job_type.run_scheduled_jo..., site='vms.localhost', user='Administrator') job in 0:00:00.220187s on worker c8e607118e834e41ad34f686973f86f2
2026-09-19 15:30:03,337 home-admin-Documents-nesa_projects-erpnext-vms-system-vms-system:default: Job OK (vms.localhost||scheduled_job||r6cjuaehis)
2026-09-19 15:30:03,337 Result is kept for 600 seconds
2026-09-19 15:30:03,342 home-admin-Documents-nesa_projects-erpnext-vms-system-vms-system:default: frappe.utils.background_jobs.execute_job(event=None, is_async=True, job_name='frappe.core.doctype.scheduled_job_type.scheduled_job_type.run_scheduled_jo..., kwargs={'job_type': 'frappe.email.doctype.notification.notification.trigger_offset..., method='frappe.core.doctype.scheduled_job_type.scheduled_job_type.run_scheduled_jo..., site='vms.localhost', user='Administrator') (vms.localhost||scheduled_job||r6bmsv0n1c)
2026-09-19 15:30:03,590 Successfully completed frappe.utils.background_jobs.execute_job(event=None, is_async=True, job_name='frappe.core.doctype.scheduled_job_type.scheduled_job_type.run_scheduled_jo..., kwargs={'job_type': 'frappe.email.doctype.notification.notification.trigger_offset..., method='frappe.core.doctype.scheduled_job_type.scheduled_job_type.run_scheduled_jo..., site='vms.localhost', user='Administrator') job in 0:00:00.243584s on worker c8e607118e834e41ad34f686973f86f2
2026-09-19 15:30:03,590 home-admin-Documents-nesa_projects-erpnext-vms-system-vms-system:default: Job OK (vms.localhost||scheduled_job||r6bmsv0n1c)
2026-09-19 15:30:03,590 Result is kept for 600 seconds
2026-09-19 15:30:03,597 home-admin-Documents-nesa_projects-erpnext-vms-system-vms-system:default: frappe.utils.background_jobs.execute_job(event=None, is_async=True, job_name='frappe.core.doctype.scheduled_job_type.scheduled_job_type.run_scheduled_jo..., kwargs={'job_type': 'frappe.monitor.flush', 'scheduled_job_type': 'r6cn4pa2nj'}, method='frappe.core.doctype.scheduled_job_type.scheduled_job_type.run_scheduled_jo..., site='vms.localhost', user='Administrator') (vms.localhost||scheduled_job||r6cn4pa2nj)
2026-09-19 15:30:03,831 Successfully completed frappe.utils.background_jobs.execute_job(event=None, is_async=True, job_name='frappe.core.doctype.scheduled_job_type.scheduled_job_type.run_scheduled_jo..., kwargs={'job_type': 'frappe.monitor.flush', 'scheduled_job_type': 'r6cn4pa2nj'}, method='frappe.core.doctype.scheduled_job_type.scheduled_job_type.run_scheduled_jo..., site='vms.localhost', user='Administrator') job in 0:00:00.228275s on worker c8e607118e834e41ad34f686973f86f2
2026-09-19 15:30:03,831 home-admin-Documents-nesa_projects-erpnext-vms-system-vms-system:default: Job OK (vms.localhost||scheduled_job||r6cn4pa2nj)
2026-09-19 15:30:03,831 Result is kept for 600 seconds
2026-09-19 15:30:03,836 home-admin-Documents-nesa_projects-erpnext-vms-system-vms-system:default: frappe.utils.background_jobs.execute_job(event=None, is_async=True, job_name='frappe.core.doctype.scheduled_job_type.scheduled_job_type.run_scheduled_jo..., kwargs={'job_type': 'erpnext.utilities.doctype.video.video.update_youtube_data', '..., method='frappe.core.doctype.scheduled_job_type.scheduled_job_type.run_scheduled_jo..., site='vms.localhost', user='Administrator') (vms.localhost||scheduled_job||4g3ha9os4t)
2026-09-19 15:30:04,183 Successfully completed frappe.utils.background_jobs.execute_job(event=None, is_async=True, job_name='frappe.core.doctype.scheduled_job_type.scheduled_job_type.run_scheduled_jo..., kwargs={'job_type': 'erpnext.utilities.doctype.video.video.update_youtube_data', '..., method='frappe.core.doctype.scheduled_job_type.scheduled_job_type.run_scheduled_jo..., site='vms.localhost', user='Administrator') job in 0:00:00.342655s on worker c8e607118e834e41ad34f686973f86f2
2026-09-19 15:30:04,183 home-admin-Documents-nesa_projects-erpnext-vms-system-vms-system:default: Job OK (vms.localhost||scheduled_job||4g3ha9os4t)
2026-09-19 15:30:04,183 Result is kept for 600 seconds
2026-09-19 15:30:04,189 home-admin-Documents-nesa_projects-erpnext-vms-system-vms-system:default: frappe.utils.background_jobs.execute_job(event=None, is_async=True, job_name='frappe.core.doctype.scheduled_job_type.scheduled_job_type.run_scheduled_jo..., kwargs={'job_type': 'frappe.automation_engine.drainer.drain_due', 'scheduled_job_t..., method='frappe.core.doctype.scheduled_job_type.scheduled_job_type.run_scheduled_jo..., site='vms.localhost', user='Administrator') (vms.localhost||scheduled_job||r6cf3826fc)
2026-09-19 15:30:04,437 Successfully completed frappe.utils.background_jobs.execute_job(event=None, is_async=True, job_name='frappe.core.doctype.scheduled_job_type.scheduled_job_type.run_scheduled_jo..., kwargs={'job_type': 'frappe.automation_engine.drainer.drain_due', 'scheduled_job_t..., method='frappe.core.doctype.scheduled_job_type.scheduled_job_type.run_scheduled_jo..., site='vms.localhost', user='Administrator') job in 0:00:00.244076s on worker c8e607118e834e41ad34f686973f86f2
2026-09-19 15:30:04,437 home-admin-Documents-nesa_projects-erpnext-vms-system-vms-system:default: Job OK (vms.localhost||scheduled_job||r6cf3826fc)
2026-09-19 15:30:04,437 Result is kept for 600 seconds
2026-09-19 15:30:04,443 home-admin-Documents-nesa_projects-erpnext-vms-system-vms-system:default: frappe.utils.background_jobs.execute_job(event=None, is_async=True, job_name='frappe.core.doctype.scheduled_job_type.scheduled_job_type.run_scheduled_jo..., kwargs={'job_type': 'frappe.integrations.doctype.google_calendar.google_calendar.s..., method='frappe.core.doctype.scheduled_job_type.scheduled_job_type.run_scheduled_jo..., site='vms.localhost', user='Administrator') (vms.localhost||scheduled_job||r6cgbuk2q9)
2026-09-19 15:30:04,710 Successfully completed frappe.utils.background_jobs.execute_job(event=None, is_async=True, job_name='frappe.core.doctype.scheduled_job_type.scheduled_job_type.run_scheduled_jo..., kwargs={'job_type': 'frappe.integrations.doctype.google_calendar.google_calendar.s..., method='frappe.core.doctype.scheduled_job_type.scheduled_job_type.run_scheduled_jo..., site='vms.localhost', user='Administrator') job in 0:00:00.263254s on worker c8e607118e834e41ad34f686973f86f2
2026-09-19 15:30:04,710 home-admin-Documents-nesa_projects-erpnext-vms-system-vms-system:default: Job OK (vms.localhost||scheduled_job||r6cgbuk2q9)
2026-09-19 15:30:04,710 Result is kept for 600 seconds
2026-09-19 15:30:04,715 home-admin-Documents-nesa_projects-erpnext-vms-system-vms-system:default: frappe.utils.background_jobs.execute_job(event=None, is_async=True, job_name='frappe.core.doctype.scheduled_job_type.scheduled_job_type.run_scheduled_jo..., kwargs={'job_type': 'frappe.utils.global_search.sync_global_search', 'scheduled_jo..., method='frappe.core.doctype.scheduled_job_type.scheduled_job_type.run_scheduled_jo..., site='vms.localhost', user='Administrator') (vms.localhost||scheduled_job||r6cfmki32o)
2026-09-19 15:30:04,973 Successfully completed frappe.utils.background_jobs.execute_job(event=None, is_async=True, job_name='frappe.core.doctype.scheduled_job_type.scheduled_job_type.run_scheduled_jo..., kwargs={'job_type': 'frappe.utils.global_search.sync_global_search', 'scheduled_jo..., method='frappe.core.doctype.scheduled_job_type.scheduled_job_type.run_scheduled_jo..., site='vms.localhost', user='Administrator') job in 0:00:00.254450s on worker c8e607118e834e41ad34f686973f86f2
2026-09-19 15:30:04,973 home-admin-Documents-nesa_projects-erpnext-vms-system-vms-system:default: Job OK (vms.localhost||scheduled_job||r6cfmki32o)
2026-09-19 15:30:04,973 Result is kept for 600 seconds
2026-09-19 15:30:04,979 home-admin-Documents-nesa_projects-erpnext-vms-system-vms-system:default: frappe.utils.background_jobs.execute_job(event=None, is_async=True, job_name='frappe.core.doctype.scheduled_job_type.scheduled_job_type.run_scheduled_jo..., kwargs={'job_type': 'frappe.integrations.doctype.webhook.webhook.retry_failed_webh..., method='frappe.core.doctype.scheduled_job_type.scheduled_job_type.run_scheduled_jo..., site='vms.localhost', user='Administrator') (vms.localhost||scheduled_job||r6bem02261)
2026-09-19 15:30:05,238 Successfully completed frappe.utils.background_jobs.execute_job(event=None, is_async=True, job_name='frappe.core.doctype.scheduled_job_type.scheduled_job_type.run_scheduled_jo..., kwargs={'job_type': 'frappe.integrations.doctype.webhook.webhook.retry_failed_webh..., method='frappe.core.doctype.scheduled_job_type.scheduled_job_type.run_scheduled_jo..., site='vms.localhost', user='Administrator') job in 0:00:00.255435s on worker c8e607118e834e41ad34f686973f86f2
2026-09-19 15:30:05,238 home-admin-Documents-nesa_projects-erpnext-vms-system-vms-system:default: Job OK (vms.localhost||scheduled_job||r6bem02261)
2026-09-19 15:30:05,238 Result is kept for 600 seconds
2026-09-19 15:30:05,244 home-admin-Documents-nesa_projects-erpnext-vms-system-vms-system:default: frappe.utils.background_jobs.execute_job(event=None, is_async=True, job_name='frappe.core.doctype.scheduled_job_type.scheduled_job_type.run_scheduled_jo..., kwargs={'job_type': 'frappe.automation_engine.scheduler.process_cron', 'scheduled_..., method='frappe.core.doctype.scheduled_job_type.scheduled_job_type.run_scheduled_jo..., site='vms.localhost', user='Administrator') (vms.localhost||scheduled_job||r6c7imf2kv)
2026-09-19 15:30:05,490 Successfully completed frappe.utils.background_jobs.execute_job(event=None, is_async=True, job_name='frappe.core.doctype.scheduled_job_type.scheduled_job_type.run_scheduled_jo..., kwargs={'job_type': 'frappe.automation_engine.scheduler.process_cron', 'scheduled_..., method='frappe.core.doctype.scheduled_job_type.scheduled_job_type.run_scheduled_jo..., site='vms.localhost', user='Administrator') job in 0:00:00.241864s on worker c8e607118e834e41ad34f686973f86f2
2026-09-19 15:30:05,490 home-admin-Documents-nesa_projects-erpnext-vms-system-vms-system:default: Job OK (vms.localhost||scheduled_job||r6c7imf2kv)
2026-09-19 15:30:05,490 Result is kept for 600 seconds
2026-09-19 15:30:05,495 home-admin-Documents-nesa_projects-erpnext-vms-system-vms-system:default: frappe.utils.background_jobs.execute_job(event=None, is_async=True, job_name='frappe.core.doctype.scheduled_job_type.scheduled_job_type.run_scheduled_jo..., kwargs={'job_type': 'frappe.model.utils.link_count.update_link_count', 'scheduled_..., method='frappe.core.doctype.scheduled_job_type.scheduled_job_type.run_scheduled_jo..., site='vms.localhost', user='Administrator') (vms.localhost||scheduled_job||r6c53eaod6)
2026-09-19 15:30:05,731 Successfully completed frappe.utils.background_jobs.execute_job(event=None, is_async=True, job_name='frappe.core.doctype.scheduled_job_type.scheduled_job_type.run_scheduled_jo..., kwargs={'job_type': 'frappe.model.utils.link_count.update_link_count', 'scheduled_..., method='frappe.core.doctype.scheduled_job_type.scheduled_job_type.run_scheduled_jo..., site='vms.localhost', user='Administrator') job in 0:00:00.232215s on worker c8e607118e834e41ad34f686973f86f2
2026-09-19 15:30:05,731 home-admin-Documents-nesa_projects-erpnext-vms-system-vms-system:default: Job OK (vms.localhost||scheduled_job||r6c53eaod6)
2026-09-19 15:30:05,731 Result is kept for 600 seconds
2026-09-19 15:30:05,736 home-admin-Documents-nesa_projects-erpnext-vms-system-vms-system:default: frappe.utils.background_jobs.execute_job(event=None, is_async=True, job_name='frappe.core.doctype.scheduled_job_type.scheduled_job_type.run_scheduled_jo..., kwargs={'job_type': 'frappe.email.doctype.email_account.email_account.notify_unrep..., method='frappe.core.doctype.scheduled_job_type.scheduled_job_type.run_scheduled_jo..., site='vms.localhost', user='Administrator') (vms.localhost||scheduled_job||r6c7qkd882)
2026-09-19 15:30:06,043 Successfully completed frappe.utils.background_jobs.execute_job(event=None, is_async=True, job_name='frappe.core.doctype.scheduled_job_type.scheduled_job_type.run_scheduled_jo..., kwargs={'job_type': 'frappe.email.doctype.email_account.email_account.notify_unrep..., method='frappe.core.doctype.scheduled_job_type.scheduled_job_type.run_scheduled_jo..., site='vms.localhost', user='Administrator') job in 0:00:00.302367s on worker c8e607118e834e41ad34f686973f86f2
2026-09-19 15:30:06,043 home-admin-Documents-nesa_projects-erpnext-vms-system-vms-system:default: Job OK (vms.localhost||scheduled_job||r6c7qkd882)
2026-09-19 15:30:06,043 Result is kept for 600 seconds
2026-09-19 15:30:06,049 home-admin-Documents-nesa_projects-erpnext-vms-system-vms-system:default: frappe.utils.background_jobs.execute_job(event=None, is_async=True, job_name='frappe.core.doctype.scheduled_job_type.scheduled_job_type.run_scheduled_jo..., kwargs={'job_type': 'erpnext.accounts.doctype.process_payment_reconciliation.proce..., method='frappe.core.doctype.scheduled_job_type.scheduled_job_type.run_scheduled_jo..., site='vms.localhost', user='Administrator') (vms.localhost||scheduled_job||4g2jtms1sc)
2026-09-19 15:30:06,356 Successfully completed frappe.utils.background_jobs.execute_job(event=None, is_async=True, job_name='frappe.core.doctype.scheduled_job_type.scheduled_job_type.run_scheduled_jo..., kwargs={'job_type': 'erpnext.accounts.doctype.process_payment_reconciliation.proce..., method='frappe.core.doctype.scheduled_job_type.scheduled_job_type.run_scheduled_jo..., site='vms.localhost', user='Administrator') job in 0:00:00.302767s on worker c8e607118e834e41ad34f686973f86f2
2026-09-19 15:30:06,356 home-admin-Documents-nesa_projects-erpnext-vms-system-vms-system:default: Job OK (vms.localhost||scheduled_job||4g2jtms1sc)
2026-09-19 15:30:06,356 Result is kept for 600 seconds
2026-09-19 15:30:41,394 home-admin-Documents-nesa_projects-erpnext-vms-system-vms-system:default: frappe.utils.background_jobs.execute_job(event=None, is_async=True, job_name='frappe.core.doctype.user.user.create_contact', kwargs={'user': <User: doctype=User testuser@domain.com>, 'ignore_mandatory': True..., method='frappe.core.doctype.user.user.create_contact', site='vms.localhost', user='Guest') (vms.localhost||55cf6fea-b9cc-4beb-9e26-67bfa638351e)
2026-09-19 15:30:41,708 Successfully completed frappe.utils.background_jobs.execute_job(event=None, is_async=True, job_name='frappe.core.doctype.user.user.create_contact', kwargs={'user': <User: doctype=User testuser@domain.com>, 'ignore_mandatory': True..., method='frappe.core.doctype.user.user.create_contact', site='vms.localhost', user='Guest') job in 0:00:00.270607s on worker c8e607118e834e41ad34f686973f86f2
2026-09-19 15:30:41,708 home-admin-Documents-nesa_projects-erpnext-vms-system-vms-system:default: Job OK (vms.localhost||55cf6fea-b9cc-4beb-9e26-67bfa638351e)
2026-09-19 15:30:41,708 Result is kept for 600 seconds
2026-09-19 15:32:33,586 Worker c8e607118e834e41ad34f686973f86f2 [PID 25345]: warm shut down requested
2026-09-19 15:32:33,587 Worker c8e607118e834e41ad34f686973f86f2: unsubscribing from channel rq:pubsub:c8e607118e834e41ad34f686973f86f2
2026-09-19 15:32:54,003 Worker 19b1b900935446b09491764e7083d787: started with PID 31491, version 2.6.1
2026-09-19 15:32:54,003 Worker 19b1b900935446b09491764e7083d787: subscribing to channel rq:pubsub:19b1b900935446b09491764e7083d787
2026-09-19 15:32:54,004 *** Listening on home-admin-Documents-nesa_projects-erpnext-vms-system-vms-system:short, home-admin-Documents-nesa_projects-erpnext-vms-system-vms-system:default, home-admin-Documents-nesa_projects-erpnext-vms-system-vms-system:long...
2026-09-19 15:32:54,005 Worker 19b1b900935446b09491764e7083d787: cleaning registries for queue: home-admin-Documents-nesa_projects-erpnext-vms-system-vms-system:short
2026-09-19 15:32:54,006 Worker 19b1b900935446b09491764e7083d787: cleaning registries for queue: home-admin-Documents-nesa_projects-erpnext-vms-system-vms-system:default
2026-09-19 15:32:54,007 Worker 19b1b900935446b09491764e7083d787: cleaning registries for queue: home-admin-Documents-nesa_projects-erpnext-vms-system-vms-system:long
2026-09-19 15:34:00,657 home-admin-Documents-nesa_projects-erpnext-vms-system-vms-system:default: frappe.utils.background_jobs.execute_job(event=None, is_async=True, job_name='frappe.core.doctype.scheduled_job_type.scheduled_job_type.run_scheduled_jo..., kwargs={'job_type': 'frappe.monitor.flush', 'scheduled_job_type': 'r6cn4pa2nj'}, method='frappe.core.doctype.scheduled_job_type.scheduled_job_type.run_scheduled_jo..., site='vms.localhost', user='Administrator') (vms.localhost||scheduled_job||r6cn4pa2nj)
2026-09-19 15:34:00,935 Successfully completed frappe.utils.background_jobs.execute_job(event=None, is_async=True, job_name='frappe.core.doctype.scheduled_job_type.scheduled_job_type.run_scheduled_jo..., kwargs={'job_type': 'frappe.monitor.flush', 'scheduled_job_type': 'r6cn4pa2nj'}, method='frappe.core.doctype.scheduled_job_type.scheduled_job_type.run_scheduled_jo..., site='vms.localhost', user='Administrator') job in 0:00:00.256444s on worker 19b1b900935446b09491764e7083d787
2026-09-19 15:34:00,935 home-admin-Documents-nesa_projects-erpnext-vms-system-vms-system:default: Job OK (vms.localhost||scheduled_job||r6cn4pa2nj)
2026-09-19 15:34:00,935 Result is kept for 600 seconds
2026-09-19 15:34:00,939 home-admin-Documents-nesa_projects-erpnext-vms-system-vms-system:default: frappe.utils.background_jobs.execute_job(event=None, is_async=True, job_name='frappe.core.doctype.scheduled_job_type.scheduled_job_type.run_scheduled_jo..., kwargs={'job_type': 'frappe.integrations.doctype.google_calendar.google_calendar.s..., method='frappe.core.doctype.scheduled_job_type.scheduled_job_type.run_scheduled_jo..., site='vms.localhost', user='Administrator') (vms.localhost||scheduled_job||r6cgbuk2q9)
2026-09-19 15:34:01,188 Successfully completed frappe.utils.background_jobs.execute_job(event=None, is_async=True, job_name='frappe.core.doctype.scheduled_job_type.scheduled_job_type.run_scheduled_jo..., kwargs={'job_type': 'frappe.integrations.doctype.google_calendar.google_calendar.s..., method='frappe.core.doctype.scheduled_job_type.scheduled_job_type.run_scheduled_jo..., site='vms.localhost', user='Administrator') job in 0:00:00.244505s on worker 19b1b900935446b09491764e7083d787
2026-09-19 15:34:01,188 home-admin-Documents-nesa_projects-erpnext-vms-system-vms-system:default: Job OK (vms.localhost||scheduled_job||r6cgbuk2q9)
2026-09-19 15:34:01,188 Result is kept for 600 seconds
2026-09-19 15:34:01,193 home-admin-Documents-nesa_projects-erpnext-vms-system-vms-system:default: frappe.utils.background_jobs.execute_job(event=None, is_async=True, job_name='frappe.core.doctype.scheduled_job_type.scheduled_job_type.run_scheduled_jo..., kwargs={'job_type': 'frappe.email.queue.flush', 'scheduled_job_type': 'r6cffmj05i'..., method='frappe.core.doctype.scheduled_job_type.scheduled_job_type.run_scheduled_jo..., site='vms.localhost', user='Administrator') (vms.localhost||scheduled_job||r6cffmj05i)
2026-09-19 15:34:01,431 Successfully completed frappe.utils.background_jobs.execute_job(event=None, is_async=True, job_name='frappe.core.doctype.scheduled_job_type.scheduled_job_type.run_scheduled_jo..., kwargs={'job_type': 'frappe.email.queue.flush', 'scheduled_job_type': 'r6cffmj05i'..., method='frappe.core.doctype.scheduled_job_type.scheduled_job_type.run_scheduled_jo..., site='vms.localhost', user='Administrator') job in 0:00:00.234090s on worker 19b1b900935446b09491764e7083d787
2026-09-19 15:34:01,431 home-admin-Documents-nesa_projects-erpnext-vms-system-vms-system:default: Job OK (vms.localhost||scheduled_job||r6cffmj05i)
2026-09-19 15:34:01,431 Result is kept for 600 seconds
2026-09-19 15:34:01,436 home-admin-Documents-nesa_projects-erpnext-vms-system-vms-system:default: frappe.utils.background_jobs.execute_job(event=None, is_async=True, job_name='frappe.core.doctype.scheduled_job_type.scheduled_job_type.run_scheduled_jo..., kwargs={'job_type': 'frappe.email.queue.retry_sending_emails', 'scheduled_job_type..., method='frappe.core.doctype.scheduled_job_type.scheduled_job_type.run_scheduled_jo..., site='vms.localhost', user='Administrator') (vms.localhost||scheduled_job||r6cfjq81g8)
2026-09-19 15:34:01,689 Successfully completed frappe.utils.background_jobs.execute_job(event=None, is_async=True, job_name='frappe.core.doctype.scheduled_job_type.scheduled_job_type.run_scheduled_jo..., kwargs={'job_type': 'frappe.email.queue.retry_sending_emails', 'scheduled_job_type..., method='frappe.core.doctype.scheduled_job_type.scheduled_job_type.run_scheduled_jo..., site='vms.localhost', user='Administrator') job in 0:00:00.248716s on worker 19b1b900935446b09491764e7083d787
2026-09-19 15:34:01,689 home-admin-Documents-nesa_projects-erpnext-vms-system-vms-system:default: Job OK (vms.localhost||scheduled_job||r6cfjq81g8)
2026-09-19 15:34:01,689 Result is kept for 600 seconds
2026-09-19 15:36:23,259 Worker 19b1b900935446b09491764e7083d787 [PID 31491]: warm shut down requested
2026-09-19 15:36:23,261 Worker 19b1b900935446b09491764e7083d787: unsubscribing from channel rq:pubsub:19b1b900935446b09491764e7083d787
2026-09-19 15:36:45,130 Worker 990368ceb6e443bd930793076b4de5a9: started with PID 32266, version 2.6.1
2026-09-19 15:36:45,130 Worker 990368ceb6e443bd930793076b4de5a9: subscribing to channel rq:pubsub:990368ceb6e443bd930793076b4de5a9
2026-09-19 15:36:45,131 *** Listening on home-admin-Documents-nesa_projects-erpnext-vms-system-vms-system:short, home-admin-Documents-nesa_projects-erpnext-vms-system-vms-system:default, home-admin-Documents-nesa_projects-erpnext-vms-system-vms-system:long...
2026-09-19 15:36:45,132 Worker 990368ceb6e443bd930793076b4de5a9: cleaning registries for queue: home-admin-Documents-nesa_projects-erpnext-vms-system-vms-system:short
2026-09-19 15:36:45,134 Worker 990368ceb6e443bd930793076b4de5a9: cleaning registries for queue: home-admin-Documents-nesa_projects-erpnext-vms-system-vms-system:default
2026-09-19 15:36:45,135 Worker 990368ceb6e443bd930793076b4de5a9: cleaning registries for queue: home-admin-Documents-nesa_projects-erpnext-vms-system-vms-system:long
2026-09-19 15:36:50,644 Worker 990368ceb6e443bd930793076b4de5a9 [PID 32266]: warm shut down requested
Traceback (most recent call last):
  File "/home/admin/Documents/nesa_projects/erpnext-vms-system/vms-system/env/lib/python3.14/site-packages/redis/connection.py", line 1133, in read_response
    response = self._parser.read_response(disable_decoding=disable_decoding)
  File "/home/admin/Documents/nesa_projects/erpnext-vms-system/vms-system/env/lib/python3.14/site-packages/redis/_parsers/hiredis.py", line 163, in read_response
    self.read_from_socket()
    ~~~~~~~~~~~~~~~~~~~~~^^
  File "/home/admin/Documents/nesa_projects/erpnext-vms-system/vms-system/env/lib/python3.14/site-packages/redis/_parsers/hiredis.py", line 110, in read_from_socket
    bufflen = self._sock.recv_into(self._buffer)
ConnectionResetError: [Errno 104] Connection reset by peer

During handling of the above exception, another exception occurred:

Traceback (most recent call last):
  File "/home/admin/Documents/nesa_projects/erpnext-vms-system/vms-system/apps/frappe/frappe/utils/bench_helper.py", line 57, in invoke
    return super().invoke(ctx)
           ~~~~~~~~~~~~~~^^^^^
  File "/home/admin/Documents/nesa_projects/erpnext-vms-system/vms-system/env/lib/python3.14/site-packages/click/core.py", line 1970, in invoke
    return _process_result(sub_ctx.command.invoke(sub_ctx))
                           ~~~~~~~~~~~~~~~~~~~~~~^^^^^^^^^
  File "/home/admin/Documents/nesa_projects/erpnext-vms-system/vms-system/env/lib/python3.14/site-packages/click/core.py", line 1353, in invoke
    return ctx.invoke(self.callback, **ctx.params)
           ~~~~~~~~~~^^^^^^^^^^^^^^^^^^^^^^^^^^^^^
  File "/home/admin/Documents/nesa_projects/erpnext-vms-system/vms-system/env/lib/python3.14/site-packages/click/core.py", line 907, in invoke
    return callback(*args, **kwargs)
  File "/home/admin/Documents/nesa_projects/erpnext-vms-system/vms-system/apps/frappe/frappe/commands/scheduler.py", line 206, in start_worker
    start_worker(
    ~~~~~~~~~~~~^
    	queue,
     ^^^^^^
    ...<4 lines>...
    	strategy=strategy,
     ^^^^^^^^^^^^^^^^^^
    )
    ^
  File "/home/admin/Documents/nesa_projects/erpnext-vms-system/vms-system/apps/frappe/frappe/utils/background_jobs.py", line 429, in start_worker
    worker.work(
    ~~~~~~~~~~~^
    	logging_level=logging_level,
     ^^^^^^^^^^^^^^^^^^^^^^^^^^^^
    ...<4 lines>...
    	with_scheduler=False,
     ^^^^^^^^^^^^^^^^^^^^^
    )
    ^
  File "/home/admin/Documents/nesa_projects/erpnext-vms-system/vms-system/env/lib/python3.14/site-packages/rq/worker.py", line 631, in work
    self.teardown()
    ~~~~~~~~~~~~~^^
  File "/home/admin/Documents/nesa_projects/erpnext-vms-system/vms-system/env/lib/python3.14/site-packages/rq/worker.py", line 1150, in teardown
    self.register_death()
    ~~~~~~~~~~~~~~~~~~~^^
  File "/home/admin/Documents/nesa_projects/erpnext-vms-system/vms-system/env/lib/python3.14/site-packages/rq/worker.py", line 885, in register_death
    p.execute()
    ~~~~~~~~~^^
  File "/home/admin/Documents/nesa_projects/erpnext-vms-system/vms-system/env/lib/python3.14/site-packages/redis/client.py", line 1687, in execute
    conn = self.connection_pool.get_connection()
  File "/home/admin/Documents/nesa_projects/erpnext-vms-system/vms-system/env/lib/python3.14/site-packages/redis/utils.py", line 196, in wrapper
    return func(*args, **kwargs)
  File "/home/admin/Documents/nesa_projects/erpnext-vms-system/vms-system/env/lib/python3.14/site-packages/redis/connection.py", line 2603, in get_connection
    connection.connect()
    ~~~~~~~~~~~~~~~~~~^^
  File "/home/admin/Documents/nesa_projects/erpnext-vms-system/vms-system/env/lib/python3.14/site-packages/redis/connection.py", line 846, in connect
    self.connect_check_health(check_health=True)
    ~~~~~~~~~~~~~~~~~~~~~~~~~^^^^^^^^^^^^^^^^^^^
  File "/home/admin/Documents/nesa_projects/erpnext-vms-system/vms-system/env/lib/python3.14/site-packages/redis/connection.py", line 869, in connect_check_health
    self.on_connect_check_health(check_health=check_health)
    ~~~~~~~~~~~~~~~~~~~~~~~~~~~~^^^^^^^^^^^^^^^^^^^^^^^^^^^
  File "/home/admin/Documents/nesa_projects/erpnext-vms-system/vms-system/env/lib/python3.14/site-packages/redis/connection.py", line 994, in on_connect_check_health
    self.read_response()
    ~~~~~~~~~~~~~~~~~~^^
  File "/home/admin/Documents/nesa_projects/erpnext-vms-system/vms-system/env/lib/python3.14/site-packages/redis/connection.py", line 1141, in read_response
    raise ConnectionError(f"Error while reading from {host_error} : {e.args}")
redis.exceptions.ConnectionError: Error while reading from 127.0.0.1:11000 : (104, 'Connection reset by peer')

Error while reading from 127.0.0.1:11000 : (104, 'Connection reset by peer')
2026-09-19 15:37:45,681 Worker 32ddbed9e3e1410e952fed3079c23020: started with PID 33324, version 2.6.1
2026-09-19 15:37:45,682 Worker 32ddbed9e3e1410e952fed3079c23020: subscribing to channel rq:pubsub:32ddbed9e3e1410e952fed3079c23020
2026-09-19 15:37:45,682 *** Listening on home-admin-Documents-nesa_projects-erpnext-vms-system-vms-system:short, home-admin-Documents-nesa_projects-erpnext-vms-system-vms-system:default, home-admin-Documents-nesa_projects-erpnext-vms-system-vms-system:long...
2026-09-19 15:37:45,683 Worker 32ddbed9e3e1410e952fed3079c23020: cleaning registries for queue: home-admin-Documents-nesa_projects-erpnext-vms-system-vms-system:short
2026-09-19 15:37:45,684 Worker 32ddbed9e3e1410e952fed3079c23020: cleaning registries for queue: home-admin-Documents-nesa_projects-erpnext-vms-system-vms-system:default
2026-09-19 15:37:45,685 Worker 32ddbed9e3e1410e952fed3079c23020: cleaning registries for queue: home-admin-Documents-nesa_projects-erpnext-vms-system-vms-system:long
2026-09-19 15:38:00,496 home-admin-Documents-nesa_projects-erpnext-vms-system-vms-system:default: frappe.utils.background_jobs.execute_job(event=None, is_async=True, job_name='frappe.core.doctype.scheduled_job_type.scheduled_job_type.run_scheduled_jo..., kwargs={'job_type': 'frappe.automation_engine.drainer.drain_due', 'scheduled_job_t..., method='frappe.core.doctype.scheduled_job_type.scheduled_job_type.run_scheduled_jo..., site='vms.localhost', user='Administrator') (vms.localhost||scheduled_job||r6cf3826fc)
2026-09-19 15:38:00,787 Successfully completed frappe.utils.background_jobs.execute_job(event=None, is_async=True, job_name='frappe.core.doctype.scheduled_job_type.scheduled_job_type.run_scheduled_jo..., kwargs={'job_type': 'frappe.automation_engine.drainer.drain_due', 'scheduled_job_t..., method='frappe.core.doctype.scheduled_job_type.scheduled_job_type.run_scheduled_jo..., site='vms.localhost', user='Administrator') job in 0:00:00.270989s on worker 32ddbed9e3e1410e952fed3079c23020
2026-09-19 15:38:00,787 home-admin-Documents-nesa_projects-erpnext-vms-system-vms-system:default: Job OK (vms.localhost||scheduled_job||r6cf3826fc)
2026-09-19 15:38:00,787 Result is kept for 600 seconds
2026-09-19 15:38:00,792 home-admin-Documents-nesa_projects-erpnext-vms-system-vms-system:default: frappe.utils.background_jobs.execute_job(event=None, is_async=True, job_name='frappe.core.doctype.scheduled_job_type.scheduled_job_type.run_scheduled_jo..., kwargs={'job_type': 'frappe.email.queue.retry_sending_emails', 'scheduled_job_type..., method='frappe.core.doctype.scheduled_job_type.scheduled_job_type.run_scheduled_jo..., site='vms.localhost', user='Administrator') (vms.localhost||scheduled_job||r6cfjq81g8)
2026-09-19 15:38:01,060 Successfully completed frappe.utils.background_jobs.execute_job(event=None, is_async=True, job_name='frappe.core.doctype.scheduled_job_type.scheduled_job_type.run_scheduled_jo..., kwargs={'job_type': 'frappe.email.queue.retry_sending_emails', 'scheduled_job_type..., method='frappe.core.doctype.scheduled_job_type.scheduled_job_type.run_scheduled_jo..., site='vms.localhost', user='Administrator') job in 0:00:00.263347s on worker 32ddbed9e3e1410e952fed3079c23020
2026-09-19 15:38:01,060 home-admin-Documents-nesa_projects-erpnext-vms-system-vms-system:default: Job OK (vms.localhost||scheduled_job||r6cfjq81g8)
2026-09-19 15:38:01,060 Result is kept for 600 seconds
2026-09-19 15:38:01,064 home-admin-Documents-nesa_projects-erpnext-vms-system-vms-system:default: frappe.utils.background_jobs.execute_job(event=None, is_async=True, job_name='frappe.core.doctype.scheduled_job_type.scheduled_job_type.run_scheduled_jo..., kwargs={'job_type': 'frappe.email.queue.flush', 'scheduled_job_type': 'r6cffmj05i'..., method='frappe.core.doctype.scheduled_job_type.scheduled_job_type.run_scheduled_jo..., site='vms.localhost', user='Administrator') (vms.localhost||scheduled_job||r6cffmj05i)
2026-09-19 15:38:01,319 Successfully completed frappe.utils.background_jobs.execute_job(event=None, is_async=True, job_name='frappe.core.doctype.scheduled_job_type.scheduled_job_type.run_scheduled_jo..., kwargs={'job_type': 'frappe.email.queue.flush', 'scheduled_job_type': 'r6cffmj05i'..., method='frappe.core.doctype.scheduled_job_type.scheduled_job_type.run_scheduled_jo..., site='vms.localhost', user='Administrator') job in 0:00:00.250898s on worker 32ddbed9e3e1410e952fed3079c23020
2026-09-19 15:38:01,319 home-admin-Documents-nesa_projects-erpnext-vms-system-vms-system:default: Job OK (vms.localhost||scheduled_job||r6cffmj05i)
2026-09-19 15:38:01,319 Result is kept for 600 seconds
2026-09-19 15:38:01,324 home-admin-Documents-nesa_projects-erpnext-vms-system-vms-system:default: frappe.utils.background_jobs.execute_job(event=None, is_async=True, job_name='frappe.core.doctype.scheduled_job_type.scheduled_job_type.run_scheduled_jo..., kwargs={'job_type': 'frappe.email.doctype.notification.notification.trigger_offset..., method='frappe.core.doctype.scheduled_job_type.scheduled_job_type.run_scheduled_jo..., site='vms.localhost', user='Administrator') (vms.localhost||scheduled_job||r6bmsv0n1c)
2026-09-19 15:38:01,568 Successfully completed frappe.utils.background_jobs.execute_job(event=None, is_async=True, job_name='frappe.core.doctype.scheduled_job_type.scheduled_job_type.run_scheduled_jo..., kwargs={'job_type': 'frappe.email.doctype.notification.notification.trigger_offset..., method='frappe.core.doctype.scheduled_job_type.scheduled_job_type.run_scheduled_jo..., site='vms.localhost', user='Administrator') job in 0:00:00.240140s on worker 32ddbed9e3e1410e952fed3079c23020
2026-09-19 15:38:01,568 home-admin-Documents-nesa_projects-erpnext-vms-system-vms-system:default: Job OK (vms.localhost||scheduled_job||r6bmsv0n1c)
2026-09-19 15:38:01,568 Result is kept for 600 seconds
2026-09-19 15:38:01,572 home-admin-Documents-nesa_projects-erpnext-vms-system-vms-system:default: frappe.utils.background_jobs.execute_job(event=None, is_async=True, job_name='frappe.core.doctype.scheduled_job_type.scheduled_job_type.run_scheduled_jo..., kwargs={'job_type': 'frappe.integrations.doctype.webhook.webhook.retry_failed_webh..., method='frappe.core.doctype.scheduled_job_type.scheduled_job_type.run_scheduled_jo..., site='vms.localhost', user='Administrator') (vms.localhost||scheduled_job||r6bem02261)
2026-09-19 15:38:01,818 Successfully completed frappe.utils.background_jobs.execute_job(event=None, is_async=True, job_name='frappe.core.doctype.scheduled_job_type.scheduled_job_type.run_scheduled_jo..., kwargs={'job_type': 'frappe.integrations.doctype.webhook.webhook.retry_failed_webh..., method='frappe.core.doctype.scheduled_job_type.scheduled_job_type.run_scheduled_jo..., site='vms.localhost', user='Administrator') job in 0:00:00.241683s on worker 32ddbed9e3e1410e952fed3079c23020
2026-09-19 15:38:01,818 home-admin-Documents-nesa_projects-erpnext-vms-system-vms-system:default: Job OK (vms.localhost||scheduled_job||r6bem02261)
2026-09-19 15:38:01,818 Result is kept for 600 seconds
2026-09-19 15:38:01,823 home-admin-Documents-nesa_projects-erpnext-vms-system-vms-system:default: frappe.utils.background_jobs.execute_job(event=None, is_async=True, job_name='frappe.core.doctype.scheduled_job_type.scheduled_job_type.run_scheduled_jo..., kwargs={'job_type': 'frappe.integrations.doctype.google_calendar.google_calendar.s..., method='frappe.core.doctype.scheduled_job_type.scheduled_job_type.run_scheduled_jo..., site='vms.localhost', user='Administrator') (vms.localhost||scheduled_job||r6cgbuk2q9)
2026-09-19 15:38:02,095 Successfully completed frappe.utils.background_jobs.execute_job(event=None, is_async=True, job_name='frappe.core.doctype.scheduled_job_type.scheduled_job_type.run_scheduled_jo..., kwargs={'job_type': 'frappe.integrations.doctype.google_calendar.google_calendar.s..., method='frappe.core.doctype.scheduled_job_type.scheduled_job_type.run_scheduled_jo..., site='vms.localhost', user='Administrator') job in 0:00:00.269113s on worker 32ddbed9e3e1410e952fed3079c23020
2026-09-19 15:38:02,096 home-admin-Documents-nesa_projects-erpnext-vms-system-vms-system:default: Job OK (vms.localhost||scheduled_job||r6cgbuk2q9)
2026-09-19 15:38:02,096 Result is kept for 600 seconds
2026-09-19 15:38:02,100 home-admin-Documents-nesa_projects-erpnext-vms-system-vms-system:default: frappe.utils.background_jobs.execute_job(event=None, is_async=True, job_name='frappe.core.doctype.scheduled_job_type.scheduled_job_type.run_scheduled_jo..., kwargs={'job_type': 'frappe.monitor.flush', 'scheduled_job_type': 'r6cn4pa2nj'}, method='frappe.core.doctype.scheduled_job_type.scheduled_job_type.run_scheduled_jo..., site='vms.localhost', user='Administrator') (vms.localhost||scheduled_job||r6cn4pa2nj)
2026-09-19 15:38:02,369 Successfully completed frappe.utils.background_jobs.execute_job(event=None, is_async=True, job_name='frappe.core.doctype.scheduled_job_type.scheduled_job_type.run_scheduled_jo..., kwargs={'job_type': 'frappe.monitor.flush', 'scheduled_job_type': 'r6cn4pa2nj'}, method='frappe.core.doctype.scheduled_job_type.scheduled_job_type.run_scheduled_jo..., site='vms.localhost', user='Administrator') job in 0:00:00.265451s on worker 32ddbed9e3e1410e952fed3079c23020
2026-09-19 15:38:02,369 home-admin-Documents-nesa_projects-erpnext-vms-system-vms-system:default: Job OK (vms.localhost||scheduled_job||r6cn4pa2nj)
2026-09-19 15:38:02,369 Result is kept for 600 seconds
2026-09-19 15:38:02,373 home-admin-Documents-nesa_projects-erpnext-vms-system-vms-system:default: frappe.utils.background_jobs.execute_job(event=None, is_async=True, job_name='frappe.core.doctype.scheduled_job_type.scheduled_job_type.run_scheduled_jo..., kwargs={'job_type': 'frappe.search.sqlite_search.index_docs_in_queue', 'scheduled_..., method='frappe.core.doctype.scheduled_job_type.scheduled_job_type.run_scheduled_jo..., site='vms.localhost', user='Administrator') (vms.localhost||scheduled_job||r6b0va6b0s)
2026-09-19 15:38:02,631 Successfully completed frappe.utils.background_jobs.execute_job(event=None, is_async=True, job_name='frappe.core.doctype.scheduled_job_type.scheduled_job_type.run_scheduled_jo..., kwargs={'job_type': 'frappe.search.sqlite_search.index_docs_in_queue', 'scheduled_..., method='frappe.core.doctype.scheduled_job_type.scheduled_job_type.run_scheduled_jo..., site='vms.localhost', user='Administrator') job in 0:00:00.253734s on worker 32ddbed9e3e1410e952fed3079c23020
2026-09-19 15:38:02,631 home-admin-Documents-nesa_projects-erpnext-vms-system-vms-system:default: Job OK (vms.localhost||scheduled_job||r6b0va6b0s)
2026-09-19 15:38:02,631 Result is kept for 600 seconds
2026-09-19 15:38:02,636 home-admin-Documents-nesa_projects-erpnext-vms-system-vms-system:default: frappe.utils.background_jobs.execute_job(event=None, is_async=True, job_name='frappe.core.doctype.scheduled_job_type.scheduled_job_type.run_scheduled_jo..., kwargs={'job_type': 'frappe.automation_engine.scheduler.process_cron', 'scheduled_..., method='frappe.core.doctype.scheduled_job_type.scheduled_job_type.run_scheduled_jo..., site='vms.localhost', user='Administrator') (vms.localhost||scheduled_job||r6c7imf2kv)
2026-09-19 15:38:02,872 Successfully completed frappe.utils.background_jobs.execute_job(event=None, is_async=True, job_name='frappe.core.doctype.scheduled_job_type.scheduled_job_type.run_scheduled_jo..., kwargs={'job_type': 'frappe.automation_engine.scheduler.process_cron', 'scheduled_..., method='frappe.core.doctype.scheduled_job_type.scheduled_job_type.run_scheduled_jo..., site='vms.localhost', user='Administrator') job in 0:00:00.232569s on worker 32ddbed9e3e1410e952fed3079c23020
2026-09-19 15:38:02,872 home-admin-Documents-nesa_projects-erpnext-vms-system-vms-system:default: Job OK (vms.localhost||scheduled_job||r6c7imf2kv)
2026-09-19 15:38:02,872 Result is kept for 600 seconds
2026-09-19 15:38:46,012 home-admin-Documents-nesa_projects-erpnext-vms-system-vms-system:default: frappe.utils.background_jobs.execute_job(event=None, is_async=True, job_name='frappe.core.doctype.user.user.create_contact', kwargs={'user': <User: doctype=User testuserone@domain.com>, 'ignore_mandatory': T..., method='frappe.core.doctype.user.user.create_contact', site='vms.localhost', user='Guest') (vms.localhost||4688e1e8-cc1a-477d-9999-9ff9b8eccffa)
2026-09-19 15:38:46,329 Successfully completed frappe.utils.background_jobs.execute_job(event=None, is_async=True, job_name='frappe.core.doctype.user.user.create_contact', kwargs={'user': <User: doctype=User testuserone@domain.com>, 'ignore_mandatory': T..., method='frappe.core.doctype.user.user.create_contact', site='vms.localhost', user='Guest') job in 0:00:00.272066s on worker 32ddbed9e3e1410e952fed3079c23020
2026-09-19 15:38:46,329 home-admin-Documents-nesa_projects-erpnext-vms-system-vms-system:default: Job OK (vms.localhost||4688e1e8-cc1a-477d-9999-9ff9b8eccffa)
2026-09-19 15:38:46,329 Result is kept for 600 seconds
2026-09-19 15:41:21,633 home-admin-Documents-nesa_projects-erpnext-vms-system-vms-system:default: frappe.utils.background_jobs.execute_job(event=None, is_async=True, job_name='frappe.core.doctype.user.user.create_contact', kwargs={'user': <User: doctype=User testuserone@domain.com>, 'ignore_mandatory': T..., method='frappe.core.doctype.user.user.create_contact', site='vms.localhost', user='Administrator') (vms.localhost||fa1f97fb-d301-4b85-986b-2e1a444d975c)
2026-09-19 15:41:21,945 Successfully completed frappe.utils.background_jobs.execute_job(event=None, is_async=True, job_name='frappe.core.doctype.user.user.create_contact', kwargs={'user': <User: doctype=User testuserone@domain.com>, 'ignore_mandatory': T..., method='frappe.core.doctype.user.user.create_contact', site='vms.localhost', user='Administrator') job in 0:00:00.248553s on worker 32ddbed9e3e1410e952fed3079c23020
2026-09-19 15:41:21,945 home-admin-Documents-nesa_projects-erpnext-vms-system-vms-system:default: Job OK (vms.localhost||fa1f97fb-d301-4b85-986b-2e1a444d975c)
2026-09-19 15:41:21,945 Result is kept for 600 seconds
2026-09-19 15:42:00,513 home-admin-Documents-nesa_projects-erpnext-vms-system-vms-system:default: frappe.utils.background_jobs.execute_job(event=None, is_async=True, job_name='frappe.core.doctype.scheduled_job_type.scheduled_job_type.run_scheduled_jo..., kwargs={'job_type': 'frappe.automation_engine.scheduler.process_cron', 'scheduled_..., method='frappe.core.doctype.scheduled_job_type.scheduled_job_type.run_scheduled_jo..., site='vms.localhost', user='Administrator') (vms.localhost||scheduled_job||r6c7imf2kv)
2026-09-19 15:42:00,735 Successfully completed frappe.utils.background_jobs.execute_job(event=None, is_async=True, job_name='frappe.core.doctype.scheduled_job_type.scheduled_job_type.run_scheduled_jo..., kwargs={'job_type': 'frappe.automation_engine.scheduler.process_cron', 'scheduled_..., method='frappe.core.doctype.scheduled_job_type.scheduled_job_type.run_scheduled_jo..., site='vms.localhost', user='Administrator') job in 0:00:00.218261s on worker 32ddbed9e3e1410e952fed3079c23020
2026-09-19 15:42:00,735 home-admin-Documents-nesa_projects-erpnext-vms-system-vms-system:default: Job OK (vms.localhost||scheduled_job||r6c7imf2kv)
2026-09-19 15:42:00,735 Result is kept for 600 seconds
2026-09-19 15:42:00,741 home-admin-Documents-nesa_projects-erpnext-vms-system-vms-system:default: frappe.utils.background_jobs.execute_job(event=None, is_async=True, job_name='frappe.core.doctype.scheduled_job_type.scheduled_job_type.run_scheduled_jo..., kwargs={'job_type': 'frappe.integrations.doctype.google_calendar.google_calendar.s..., method='frappe.core.doctype.scheduled_job_type.scheduled_job_type.run_scheduled_jo..., site='vms.localhost', user='Administrator') (vms.localhost||scheduled_job||r6cgbuk2q9)
2026-09-19 15:42:00,974 Successfully completed frappe.utils.background_jobs.execute_job(event=None, is_async=True, job_name='frappe.core.doctype.scheduled_job_type.scheduled_job_type.run_scheduled_jo..., kwargs={'job_type': 'frappe.integrations.doctype.google_calendar.google_calendar.s..., method='frappe.core.doctype.scheduled_job_type.scheduled_job_type.run_scheduled_jo..., site='vms.localhost', user='Administrator') job in 0:00:00.229398s on worker 32ddbed9e3e1410e952fed3079c23020
2026-09-19 15:42:00,974 home-admin-Documents-nesa_projects-erpnext-vms-system-vms-system:default: Job OK (vms.localhost||scheduled_job||r6cgbuk2q9)
2026-09-19 15:42:00,974 Result is kept for 600 seconds
2026-09-19 15:42:00,979 home-admin-Documents-nesa_projects-erpnext-vms-system-vms-system:default: frappe.utils.background_jobs.execute_job(event=None, is_async=True, job_name='frappe.core.doctype.scheduled_job_type.scheduled_job_type.run_scheduled_jo..., kwargs={'job_type': 'frappe.integrations.doctype.webhook.webhook.retry_failed_webh..., method='frappe.core.doctype.scheduled_job_type.scheduled_job_type.run_scheduled_jo..., site='vms.localhost', user='Administrator') (vms.localhost||scheduled_job||r6bem02261)
2026-09-19 15:42:01,215 Successfully completed frappe.utils.background_jobs.execute_job(event=None, is_async=True, job_name='frappe.core.doctype.scheduled_job_type.scheduled_job_type.run_scheduled_jo..., kwargs={'job_type': 'frappe.integrations.doctype.webhook.webhook.retry_failed_webh..., method='frappe.core.doctype.scheduled_job_type.scheduled_job_type.run_scheduled_jo..., site='vms.localhost', user='Administrator') job in 0:00:00.232224s on worker 32ddbed9e3e1410e952fed3079c23020
2026-09-19 15:42:01,215 home-admin-Documents-nesa_projects-erpnext-vms-system-vms-system:default: Job OK (vms.localhost||scheduled_job||r6bem02261)
2026-09-19 15:42:01,215 Result is kept for 600 seconds
2026-09-19 15:42:01,222 home-admin-Documents-nesa_projects-erpnext-vms-system-vms-system:default: frappe.utils.background_jobs.execute_job(event=None, is_async=True, job_name='frappe.core.doctype.scheduled_job_type.scheduled_job_type.run_scheduled_jo..., kwargs={'job_type': 'frappe.automation_engine.drainer.drain_due', 'scheduled_job_t..., method='frappe.core.doctype.scheduled_job_type.scheduled_job_type.run_scheduled_jo..., site='vms.localhost', user='Administrator') (vms.localhost||scheduled_job||r6cf3826fc)
2026-09-19 15:42:01,463 Successfully completed frappe.utils.background_jobs.execute_job(event=None, is_async=True, job_name='frappe.core.doctype.scheduled_job_type.scheduled_job_type.run_scheduled_jo..., kwargs={'job_type': 'frappe.automation_engine.drainer.drain_due', 'scheduled_job_t..., method='frappe.core.doctype.scheduled_job_type.scheduled_job_type.run_scheduled_jo..., site='vms.localhost', user='Administrator') job in 0:00:00.237399s on worker 32ddbed9e3e1410e952fed3079c23020
2026-09-19 15:42:01,463 home-admin-Documents-nesa_projects-erpnext-vms-system-vms-system:default: Job OK (vms.localhost||scheduled_job||r6cf3826fc)
2026-09-19 15:42:01,463 Result is kept for 600 seconds
2026-09-19 15:42:01,469 home-admin-Documents-nesa_projects-erpnext-vms-system-vms-system:default: frappe.utils.background_jobs.execute_job(event=None, is_async=True, job_name='frappe.core.doctype.scheduled_job_type.scheduled_job_type.run_scheduled_jo..., kwargs={'job_type': 'frappe.email.queue.flush', 'scheduled_job_type': 'r6cffmj05i'..., method='frappe.core.doctype.scheduled_job_type.scheduled_job_type.run_scheduled_jo..., site='vms.localhost', user='Administrator') (vms.localhost||scheduled_job||r6cffmj05i)
2026-09-19 15:42:01,719 Successfully completed frappe.utils.background_jobs.execute_job(event=None, is_async=True, job_name='frappe.core.doctype.scheduled_job_type.scheduled_job_type.run_scheduled_jo..., kwargs={'job_type': 'frappe.email.queue.flush', 'scheduled_job_type': 'r6cffmj05i'..., method='frappe.core.doctype.scheduled_job_type.scheduled_job_type.run_scheduled_jo..., site='vms.localhost', user='Administrator') job in 0:00:00.246663s on worker 32ddbed9e3e1410e952fed3079c23020
2026-09-19 15:42:01,719 home-admin-Documents-nesa_projects-erpnext-vms-system-vms-system:default: Job OK (vms.localhost||scheduled_job||r6cffmj05i)
2026-09-19 15:42:01,719 Result is kept for 600 seconds
2026-09-19 15:42:01,724 home-admin-Documents-nesa_projects-erpnext-vms-system-vms-system:default: frappe.utils.background_jobs.execute_job(event=None, is_async=True, job_name='frappe.core.doctype.scheduled_job_type.scheduled_job_type.run_scheduled_jo..., kwargs={'job_type': 'frappe.email.doctype.email_account.email_account.pull', 'sche..., method='frappe.core.doctype.scheduled_job_type.scheduled_job_type.run_scheduled_jo..., site='vms.localhost', user='Administrator') (vms.localhost||scheduled_job||r6co2s6eeh)
2026-09-19 15:42:01,966 Successfully completed frappe.utils.background_jobs.execute_job(event=None, is_async=True, job_name='frappe.core.doctype.scheduled_job_type.scheduled_job_type.run_scheduled_jo..., kwargs={'job_type': 'frappe.email.doctype.email_account.email_account.pull', 'sche..., method='frappe.core.doctype.scheduled_job_type.scheduled_job_type.run_scheduled_jo..., site='vms.localhost', user='Administrator') job in 0:00:00.238642s on worker 32ddbed9e3e1410e952fed3079c23020
2026-09-19 15:42:01,967 home-admin-Documents-nesa_projects-erpnext-vms-system-vms-system:default: Job OK (vms.localhost||scheduled_job||r6co2s6eeh)
2026-09-19 15:42:01,967 Result is kept for 600 seconds
2026-09-19 15:42:01,972 home-admin-Documents-nesa_projects-erpnext-vms-system-vms-system:default: frappe.utils.background_jobs.execute_job(event=None, is_async=True, job_name='frappe.core.doctype.scheduled_job_type.scheduled_job_type.run_scheduled_jo..., kwargs={'job_type': 'frappe.monitor.flush', 'scheduled_job_type': 'r6cn4pa2nj'}, method='frappe.core.doctype.scheduled_job_type.scheduled_job_type.run_scheduled_jo..., site='vms.localhost', user='Administrator') (vms.localhost||scheduled_job||r6cn4pa2nj)
2026-09-19 15:42:02,215 Successfully completed frappe.utils.background_jobs.execute_job(event=None, is_async=True, job_name='frappe.core.doctype.scheduled_job_type.scheduled_job_type.run_scheduled_jo..., kwargs={'job_type': 'frappe.monitor.flush', 'scheduled_job_type': 'r6cn4pa2nj'}, method='frappe.core.doctype.scheduled_job_type.scheduled_job_type.run_scheduled_jo..., site='vms.localhost', user='Administrator') job in 0:00:00.238985s on worker 32ddbed9e3e1410e952fed3079c23020
2026-09-19 15:42:02,215 home-admin-Documents-nesa_projects-erpnext-vms-system-vms-system:default: Job OK (vms.localhost||scheduled_job||r6cn4pa2nj)
2026-09-19 15:42:02,215 Result is kept for 600 seconds
2026-09-19 15:42:02,220 home-admin-Documents-nesa_projects-erpnext-vms-system-vms-system:default: frappe.utils.background_jobs.execute_job(event=None, is_async=True, job_name='frappe.core.doctype.scheduled_job_type.scheduled_job_type.run_scheduled_jo..., kwargs={'job_type': 'frappe.search.sqlite_search.index_docs_in_queue', 'scheduled_..., method='frappe.core.doctype.scheduled_job_type.scheduled_job_type.run_scheduled_jo..., site='vms.localhost', user='Administrator') (vms.localhost||scheduled_job||r6b0va6b0s)
2026-09-19 15:42:02,448 Successfully completed frappe.utils.background_jobs.execute_job(event=None, is_async=True, job_name='frappe.core.doctype.scheduled_job_type.scheduled_job_type.run_scheduled_jo..., kwargs={'job_type': 'frappe.search.sqlite_search.index_docs_in_queue', 'scheduled_..., method='frappe.core.doctype.scheduled_job_type.scheduled_job_type.run_scheduled_jo..., site='vms.localhost', user='Administrator') job in 0:00:00.223821s on worker 32ddbed9e3e1410e952fed3079c23020
2026-09-19 15:42:02,448 home-admin-Documents-nesa_projects-erpnext-vms-system-vms-system:default: Job OK (vms.localhost||scheduled_job||r6b0va6b0s)
2026-09-19 15:42:02,448 Result is kept for 600 seconds
2026-09-19 15:42:02,454 home-admin-Documents-nesa_projects-erpnext-vms-system-vms-system:default: frappe.utils.background_jobs.execute_job(event=None, is_async=True, job_name='frappe.core.doctype.scheduled_job_type.scheduled_job_type.run_scheduled_jo..., kwargs={'job_type': 'frappe.email.queue.retry_sending_emails', 'scheduled_job_type..., method='frappe.core.doctype.scheduled_job_type.scheduled_job_type.run_scheduled_jo..., site='vms.localhost', user='Administrator') (vms.localhost||scheduled_job||r6cfjq81g8)
2026-09-19 15:42:02,694 Successfully completed frappe.utils.background_jobs.execute_job(event=None, is_async=True, job_name='frappe.core.doctype.scheduled_job_type.scheduled_job_type.run_scheduled_jo..., kwargs={'job_type': 'frappe.email.queue.retry_sending_emails', 'scheduled_job_type..., method='frappe.core.doctype.scheduled_job_type.scheduled_job_type.run_scheduled_jo..., site='vms.localhost', user='Administrator') job in 0:00:00.236379s on worker 32ddbed9e3e1410e952fed3079c23020
2026-09-19 15:42:02,694 home-admin-Documents-nesa_projects-erpnext-vms-system-vms-system:default: Job OK (vms.localhost||scheduled_job||r6cfjq81g8)
2026-09-19 15:42:02,694 Result is kept for 600 seconds
2026-09-19 15:42:02,699 home-admin-Documents-nesa_projects-erpnext-vms-system-vms-system:default: frappe.utils.background_jobs.execute_job(event=None, is_async=True, job_name='frappe.core.doctype.scheduled_job_type.scheduled_job_type.run_scheduled_jo..., kwargs={'job_type': 'frappe.email.doctype.notification.notification.trigger_offset..., method='frappe.core.doctype.scheduled_job_type.scheduled_job_type.run_scheduled_jo..., site='vms.localhost', user='Administrator') (vms.localhost||scheduled_job||r6bmsv0n1c)
2026-09-19 15:42:02,925 Successfully completed frappe.utils.background_jobs.execute_job(event=None, is_async=True, job_name='frappe.core.doctype.scheduled_job_type.scheduled_job_type.run_scheduled_jo..., kwargs={'job_type': 'frappe.email.doctype.notification.notification.trigger_offset..., method='frappe.core.doctype.scheduled_job_type.scheduled_job_type.run_scheduled_jo..., site='vms.localhost', user='Administrator') job in 0:00:00.223008s on worker 32ddbed9e3e1410e952fed3079c23020
2026-09-19 15:42:02,926 home-admin-Documents-nesa_projects-erpnext-vms-system-vms-system:default: Job OK (vms.localhost||scheduled_job||r6bmsv0n1c)
2026-09-19 15:42:02,926 Result is kept for 600 seconds
2026-09-19 15:42:32,286 home-admin-Documents-nesa_projects-erpnext-vms-system-vms-system:default: frappe.utils.background_jobs.execute_job(event=None, is_async=True, job_name='frappe.core.doctype.user.user.create_contact', kwargs={'user': <User: doctype=User dprasadnr@gmail.com>, 'ignore_mandatory': True..., method='frappe.core.doctype.user.user.create_contact', site='vms.localhost', user='Guest') (vms.localhost||a870ded4-3d06-4415-a51a-f3a05ec2fc07)
2026-09-19 15:42:32,576 Successfully completed frappe.utils.background_jobs.execute_job(event=None, is_async=True, job_name='frappe.core.doctype.user.user.create_contact', kwargs={'user': <User: doctype=User dprasadnr@gmail.com>, 'ignore_mandatory': True..., method='frappe.core.doctype.user.user.create_contact', site='vms.localhost', user='Guest') job in 0:00:00.246165s on worker 32ddbed9e3e1410e952fed3079c23020
2026-09-19 15:42:32,576 home-admin-Documents-nesa_projects-erpnext-vms-system-vms-system:default: Job OK (vms.localhost||a870ded4-3d06-4415-a51a-f3a05ec2fc07)
2026-09-19 15:42:32,576 Result is kept for 600 seconds
2026-09-19 15:46:00,529 home-admin-Documents-nesa_projects-erpnext-vms-system-vms-system:default: frappe.utils.background_jobs.execute_job(event=None, is_async=True, job_name='frappe.core.doctype.scheduled_job_type.scheduled_job_type.run_scheduled_jo..., kwargs={'job_type': 'frappe.integrations.doctype.google_calendar.google_calendar.s..., method='frappe.core.doctype.scheduled_job_type.scheduled_job_type.run_scheduled_jo..., site='vms.localhost', user='Administrator') (vms.localhost||scheduled_job||r6cgbuk2q9)
2026-09-19 15:46:00,806 Successfully completed frappe.utils.background_jobs.execute_job(event=None, is_async=True, job_name='frappe.core.doctype.scheduled_job_type.scheduled_job_type.run_scheduled_jo..., kwargs={'job_type': 'frappe.integrations.doctype.google_calendar.google_calendar.s..., method='frappe.core.doctype.scheduled_job_type.scheduled_job_type.run_scheduled_jo..., site='vms.localhost', user='Administrator') job in 0:00:00.271078s on worker 32ddbed9e3e1410e952fed3079c23020
2026-09-19 15:46:00,806 home-admin-Documents-nesa_projects-erpnext-vms-system-vms-system:default: Job OK (vms.localhost||scheduled_job||r6cgbuk2q9)
2026-09-19 15:46:00,806 Result is kept for 600 seconds
2026-09-19 15:46:00,814 home-admin-Documents-nesa_projects-erpnext-vms-system-vms-system:default: frappe.utils.background_jobs.execute_job(event=None, is_async=True, job_name='frappe.core.doctype.scheduled_job_type.scheduled_job_type.run_scheduled_jo..., kwargs={'job_type': 'frappe.email.queue.retry_sending_emails', 'scheduled_job_type..., method='frappe.core.doctype.scheduled_job_type.scheduled_job_type.run_scheduled_jo..., site='vms.localhost', user='Administrator') (vms.localhost||scheduled_job||r6cfjq81g8)
2026-09-19 15:46:01,084 Successfully completed frappe.utils.background_jobs.execute_job(event=None, is_async=True, job_name='frappe.core.doctype.scheduled_job_type.scheduled_job_type.run_scheduled_jo..., kwargs={'job_type': 'frappe.email.queue.retry_sending_emails', 'scheduled_job_type..., method='frappe.core.doctype.scheduled_job_type.scheduled_job_type.run_scheduled_jo..., site='vms.localhost', user='Administrator') job in 0:00:00.265328s on worker 32ddbed9e3e1410e952fed3079c23020
2026-09-19 15:46:01,084 home-admin-Documents-nesa_projects-erpnext-vms-system-vms-system:default: Job OK (vms.localhost||scheduled_job||r6cfjq81g8)
2026-09-19 15:46:01,084 Result is kept for 600 seconds
2026-09-19 15:46:01,089 home-admin-Documents-nesa_projects-erpnext-vms-system-vms-system:default: frappe.utils.background_jobs.execute_job(event=None, is_async=True, job_name='frappe.core.doctype.scheduled_job_type.scheduled_job_type.run_scheduled_jo..., kwargs={'job_type': 'frappe.deferred_insert.save_to_db', 'scheduled_job_type': 'r6..., method='frappe.core.doctype.scheduled_job_type.scheduled_job_type.run_scheduled_jo..., site='vms.localhost', user='Administrator') (vms.localhost||scheduled_job||r6c93pvb5c)
2026-09-19 15:46:01,358 Successfully completed frappe.utils.background_jobs.execute_job(event=None, is_async=True, job_name='frappe.core.doctype.scheduled_job_type.scheduled_job_type.run_scheduled_jo..., kwargs={'job_type': 'frappe.deferred_insert.save_to_db', 'scheduled_job_type': 'r6..., method='frappe.core.doctype.scheduled_job_type.scheduled_job_type.run_scheduled_jo..., site='vms.localhost', user='Administrator') job in 0:00:00.265443s on worker 32ddbed9e3e1410e952fed3079c23020
2026-09-19 15:46:01,358 home-admin-Documents-nesa_projects-erpnext-vms-system-vms-system:default: Job OK (vms.localhost||scheduled_job||r6c93pvb5c)
2026-09-19 15:46:01,358 Result is kept for 600 seconds
2026-09-19 15:46:01,363 home-admin-Documents-nesa_projects-erpnext-vms-system-vms-system:default: frappe.utils.background_jobs.execute_job(event=None, is_async=True, job_name='frappe.core.doctype.scheduled_job_type.scheduled_job_type.run_scheduled_jo..., kwargs={'job_type': 'erpnext.manufacturing.doctype.bom_update_log.bom_update_log.r..., method='frappe.core.doctype.scheduled_job_type.scheduled_job_type.run_scheduled_jo..., site='vms.localhost', user='Administrator') (vms.localhost||scheduled_job||4g2rahgf4c)
2026-09-19 15:46:01,618 Successfully completed frappe.utils.background_jobs.execute_job(event=None, is_async=True, job_name='frappe.core.doctype.scheduled_job_type.scheduled_job_type.run_scheduled_jo..., kwargs={'job_type': 'erpnext.manufacturing.doctype.bom_update_log.bom_update_log.r..., method='frappe.core.doctype.scheduled_job_type.scheduled_job_type.run_scheduled_jo..., site='vms.localhost', user='Administrator') job in 0:00:00.251110s on worker 32ddbed9e3e1410e952fed3079c23020
2026-09-19 15:46:01,618 home-admin-Documents-nesa_projects-erpnext-vms-system-vms-system:default: Job OK (vms.localhost||scheduled_job||4g2rahgf4c)
2026-09-19 15:46:01,618 Result is kept for 600 seconds
2026-09-19 15:46:01,624 home-admin-Documents-nesa_projects-erpnext-vms-system-vms-system:default: frappe.utils.background_jobs.execute_job(event=None, is_async=True, job_name='frappe.core.doctype.scheduled_job_type.scheduled_job_type.run_scheduled_jo..., kwargs={'job_type': 'frappe.email.queue.flush', 'scheduled_job_type': 'r6cffmj05i'..., method='frappe.core.doctype.scheduled_job_type.scheduled_job_type.run_scheduled_jo..., site='vms.localhost', user='Administrator') (vms.localhost||scheduled_job||r6cffmj05i)
2026-09-19 15:46:01,873 Successfully completed frappe.utils.background_jobs.execute_job(event=None, is_async=True, job_name='frappe.core.doctype.scheduled_job_type.scheduled_job_type.run_scheduled_jo..., kwargs={'job_type': 'frappe.email.queue.flush', 'scheduled_job_type': 'r6cffmj05i'..., method='frappe.core.doctype.scheduled_job_type.scheduled_job_type.run_scheduled_jo..., site='vms.localhost', user='Administrator') job in 0:00:00.245817s on worker 32ddbed9e3e1410e952fed3079c23020
2026-09-19 15:46:01,874 home-admin-Documents-nesa_projects-erpnext-vms-system-vms-system:default: Job OK (vms.localhost||scheduled_job||r6cffmj05i)
2026-09-19 15:46:01,874 Result is kept for 600 seconds
2026-09-19 15:46:01,878 home-admin-Documents-nesa_projects-erpnext-vms-system-vms-system:default: frappe.utils.background_jobs.execute_job(event=None, is_async=True, job_name='frappe.core.doctype.scheduled_job_type.scheduled_job_type.run_scheduled_jo..., kwargs={'job_type': 'frappe.monitor.flush', 'scheduled_job_type': 'r6cn4pa2nj'}, method='frappe.core.doctype.scheduled_job_type.scheduled_job_type.run_scheduled_jo..., site='vms.localhost', user='Administrator') (vms.localhost||scheduled_job||r6cn4pa2nj)
2026-09-19 15:46:02,102 Successfully completed frappe.utils.background_jobs.execute_job(event=None, is_async=True, job_name='frappe.core.doctype.scheduled_job_type.scheduled_job_type.run_scheduled_jo..., kwargs={'job_type': 'frappe.monitor.flush', 'scheduled_job_type': 'r6cn4pa2nj'}, method='frappe.core.doctype.scheduled_job_type.scheduled_job_type.run_scheduled_jo..., site='vms.localhost', user='Administrator') job in 0:00:00.220097s on worker 32ddbed9e3e1410e952fed3079c23020
2026-09-19 15:46:02,102 home-admin-Documents-nesa_projects-erpnext-vms-system-vms-system:default: Job OK (vms.localhost||scheduled_job||r6cn4pa2nj)
2026-09-19 15:46:02,102 Result is kept for 600 seconds
2026-09-19 15:46:02,107 home-admin-Documents-nesa_projects-erpnext-vms-system-vms-system:default: frappe.utils.background_jobs.execute_job(event=None, is_async=True, job_name='frappe.core.doctype.scheduled_job_type.scheduled_job_type.run_scheduled_jo..., kwargs={'job_type': 'erpnext.accounts.doctype.process_payment_reconciliation.proce..., method='frappe.core.doctype.scheduled_job_type.scheduled_job_type.run_scheduled_jo..., site='vms.localhost', user='Administrator') (vms.localhost||scheduled_job||4g2jtms1sc)
2026-09-19 15:46:02,345 Successfully completed frappe.utils.background_jobs.execute_job(event=None, is_async=True, job_name='frappe.core.doctype.scheduled_job_type.scheduled_job_type.run_scheduled_jo..., kwargs={'job_type': 'erpnext.accounts.doctype.process_payment_reconciliation.proce..., method='frappe.core.doctype.scheduled_job_type.scheduled_job_type.run_scheduled_jo..., site='vms.localhost', user='Administrator') job in 0:00:00.234852s on worker 32ddbed9e3e1410e952fed3079c23020
2026-09-19 15:46:02,346 home-admin-Documents-nesa_projects-erpnext-vms-system-vms-system:default: Job OK (vms.localhost||scheduled_job||4g2jtms1sc)
2026-09-19 15:46:02,346 Result is kept for 600 seconds
2026-09-19 15:46:02,350 home-admin-Documents-nesa_projects-erpnext-vms-system-vms-system:default: frappe.utils.background_jobs.execute_job(event=None, is_async=True, job_name='frappe.core.doctype.scheduled_job_type.scheduled_job_type.run_scheduled_jo..., kwargs={'job_type': 'frappe.utils.telemetry.pulse.client.send_queued_events', 'sch..., method='frappe.core.doctype.scheduled_job_type.scheduled_job_type.run_scheduled_jo..., site='vms.localhost', user='Administrator') (vms.localhost||scheduled_job||r6cjuaehis)
2026-09-19 15:46:02,638 Successfully completed frappe.utils.background_jobs.execute_job(event=None, is_async=True, job_name='frappe.core.doctype.scheduled_job_type.scheduled_job_type.run_scheduled_jo..., kwargs={'job_type': 'frappe.utils.telemetry.pulse.client.send_queued_events', 'sch..., method='frappe.core.doctype.scheduled_job_type.scheduled_job_type.run_scheduled_jo..., site='vms.localhost', user='Administrator') job in 0:00:00.283873s on worker 32ddbed9e3e1410e952fed3079c23020
2026-09-19 15:46:02,638 home-admin-Documents-nesa_projects-erpnext-vms-system-vms-system:default: Job OK (vms.localhost||scheduled_job||r6cjuaehis)
2026-09-19 15:46:02,638 Result is kept for 600 seconds
2026-09-19 15:46:02,649 home-admin-Documents-nesa_projects-erpnext-vms-system-vms-system:default: frappe.utils.background_jobs.execute_job(event=None, is_async=True, job_name='frappe.core.doctype.scheduled_job_type.scheduled_job_type.run_scheduled_jo..., kwargs={'job_type': 'frappe.integrations.doctype.webhook.webhook.retry_failed_webh..., method='frappe.core.doctype.scheduled_job_type.scheduled_job_type.run_scheduled_jo..., site='vms.localhost', user='Administrator') (vms.localhost||scheduled_job||r6bem02261)
2026-09-19 15:46:02,932 Successfully completed frappe.utils.background_jobs.execute_job(event=None, is_async=True, job_name='frappe.core.doctype.scheduled_job_type.scheduled_job_type.run_scheduled_jo..., kwargs={'job_type': 'frappe.integrations.doctype.webhook.webhook.retry_failed_webh..., method='frappe.core.doctype.scheduled_job_type.scheduled_job_type.run_scheduled_jo..., site='vms.localhost', user='Administrator') job in 0:00:00.275381s on worker 32ddbed9e3e1410e952fed3079c23020
2026-09-19 15:46:02,933 home-admin-Documents-nesa_projects-erpnext-vms-system-vms-system:default: Job OK (vms.localhost||scheduled_job||r6bem02261)
2026-09-19 15:46:02,933 Result is kept for 600 seconds
2026-09-19 15:46:02,938 home-admin-Documents-nesa_projects-erpnext-vms-system-vms-system:default: frappe.utils.background_jobs.execute_job(event=None, is_async=True, job_name='frappe.core.doctype.scheduled_job_type.scheduled_job_type.run_scheduled_jo..., kwargs={'job_type': 'frappe.model.utils.link_count.update_link_count', 'scheduled_..., method='frappe.core.doctype.scheduled_job_type.scheduled_job_type.run_scheduled_jo..., site='vms.localhost', user='Administrator') (vms.localhost||scheduled_job||r6c53eaod6)
2026-09-19 15:46:03,177 Successfully completed frappe.utils.background_jobs.execute_job(event=None, is_async=True, job_name='frappe.core.doctype.scheduled_job_type.scheduled_job_type.run_scheduled_jo..., kwargs={'job_type': 'frappe.model.utils.link_count.update_link_count', 'scheduled_..., method='frappe.core.doctype.scheduled_job_type.scheduled_job_type.run_scheduled_jo..., site='vms.localhost', user='Administrator') job in 0:00:00.236408s on worker 32ddbed9e3e1410e952fed3079c23020
2026-09-19 15:46:03,177 home-admin-Documents-nesa_projects-erpnext-vms-system-vms-system:default: Job OK (vms.localhost||scheduled_job||r6c53eaod6)
2026-09-19 15:46:03,177 Result is kept for 600 seconds
2026-09-19 15:46:03,182 home-admin-Documents-nesa_projects-erpnext-vms-system-vms-system:default: frappe.utils.background_jobs.execute_job(event=None, is_async=True, job_name='frappe.core.doctype.scheduled_job_type.scheduled_job_type.run_scheduled_jo..., kwargs={'job_type': 'frappe.search.sqlite_search.index_docs_in_queue', 'scheduled_..., method='frappe.core.doctype.scheduled_job_type.scheduled_job_type.run_scheduled_jo..., site='vms.localhost', user='Administrator') (vms.localhost||scheduled_job||r6b0va6b0s)
2026-09-19 15:46:03,472 Successfully completed frappe.utils.background_jobs.execute_job(event=None, is_async=True, job_name='frappe.core.doctype.scheduled_job_type.scheduled_job_type.run_scheduled_jo..., kwargs={'job_type': 'frappe.search.sqlite_search.index_docs_in_queue', 'scheduled_..., method='frappe.core.doctype.scheduled_job_type.scheduled_job_type.run_scheduled_jo..., site='vms.localhost', user='Administrator') job in 0:00:00.286340s on worker 32ddbed9e3e1410e952fed3079c23020
2026-09-19 15:46:03,472 home-admin-Documents-nesa_projects-erpnext-vms-system-vms-system:default: Job OK (vms.localhost||scheduled_job||r6b0va6b0s)
2026-09-19 15:46:03,472 Result is kept for 600 seconds
2026-09-19 15:46:03,477 home-admin-Documents-nesa_projects-erpnext-vms-system-vms-system:default: frappe.utils.background_jobs.execute_job(event=None, is_async=True, job_name='frappe.core.doctype.scheduled_job_type.scheduled_job_type.run_scheduled_jo..., kwargs={'job_type': 'frappe.automation_engine.scheduler.process_cron', 'scheduled_..., method='frappe.core.doctype.scheduled_job_type.scheduled_job_type.run_scheduled_jo..., site='vms.localhost', user='Administrator') (vms.localhost||scheduled_job||r6c7imf2kv)
2026-09-19 15:46:03,729 Successfully completed frappe.utils.background_jobs.execute_job(event=None, is_async=True, job_name='frappe.core.doctype.scheduled_job_type.scheduled_job_type.run_scheduled_jo..., kwargs={'job_type': 'frappe.automation_engine.scheduler.process_cron', 'scheduled_..., method='frappe.core.doctype.scheduled_job_type.scheduled_job_type.run_scheduled_jo..., site='vms.localhost', user='Administrator') job in 0:00:00.248802s on worker 32ddbed9e3e1410e952fed3079c23020
2026-09-19 15:46:03,729 home-admin-Documents-nesa_projects-erpnext-vms-system-vms-system:default: Job OK (vms.localhost||scheduled_job||r6c7imf2kv)
2026-09-19 15:46:03,729 Result is kept for 600 seconds
2026-09-19 15:46:03,735 home-admin-Documents-nesa_projects-erpnext-vms-system-vms-system:default: frappe.utils.background_jobs.execute_job(event=None, is_async=True, job_name='frappe.core.doctype.scheduled_job_type.scheduled_job_type.run_scheduled_jo..., kwargs={'job_type': 'frappe.email.doctype.notification.notification.trigger_offset..., method='frappe.core.doctype.scheduled_job_type.scheduled_job_type.run_scheduled_jo..., site='vms.localhost', user='Administrator') (vms.localhost||scheduled_job||r6bmsv0n1c)
2026-09-19 15:46:03,965 Successfully completed frappe.utils.background_jobs.execute_job(event=None, is_async=True, job_name='frappe.core.doctype.scheduled_job_type.scheduled_job_type.run_scheduled_jo..., kwargs={'job_type': 'frappe.email.doctype.notification.notification.trigger_offset..., method='frappe.core.doctype.scheduled_job_type.scheduled_job_type.run_scheduled_jo..., site='vms.localhost', user='Administrator') job in 0:00:00.224265s on worker 32ddbed9e3e1410e952fed3079c23020
2026-09-19 15:46:03,965 home-admin-Documents-nesa_projects-erpnext-vms-system-vms-system:default: Job OK (vms.localhost||scheduled_job||r6bmsv0n1c)
2026-09-19 15:46:03,965 Result is kept for 600 seconds
2026-09-19 15:46:03,969 home-admin-Documents-nesa_projects-erpnext-vms-system-vms-system:default: frappe.utils.background_jobs.execute_job(event=None, is_async=True, job_name='frappe.core.doctype.scheduled_job_type.scheduled_job_type.run_scheduled_jo..., kwargs={'job_type': 'frappe.email.doctype.email_account.email_account.notify_unrep..., method='frappe.core.doctype.scheduled_job_type.scheduled_job_type.run_scheduled_jo..., site='vms.localhost', user='Administrator') (vms.localhost||scheduled_job||r6c7qkd882)
2026-09-19 15:46:04,212 Successfully completed frappe.utils.background_jobs.execute_job(event=None, is_async=True, job_name='frappe.core.doctype.scheduled_job_type.scheduled_job_type.run_scheduled_jo..., kwargs={'job_type': 'frappe.email.doctype.email_account.email_account.notify_unrep..., method='frappe.core.doctype.scheduled_job_type.scheduled_job_type.run_scheduled_jo..., site='vms.localhost', user='Administrator') job in 0:00:00.238960s on worker 32ddbed9e3e1410e952fed3079c23020
2026-09-19 15:46:04,212 home-admin-Documents-nesa_projects-erpnext-vms-system-vms-system:default: Job OK (vms.localhost||scheduled_job||r6c7qkd882)
2026-09-19 15:46:04,212 Result is kept for 600 seconds
2026-09-19 15:46:04,217 home-admin-Documents-nesa_projects-erpnext-vms-system-vms-system:default: frappe.utils.background_jobs.execute_job(event=None, is_async=True, job_name='frappe.core.doctype.scheduled_job_type.scheduled_job_type.run_scheduled_jo..., kwargs={'job_type': 'frappe.automation_engine.drainer.drain_due', 'scheduled_job_t..., method='frappe.core.doctype.scheduled_job_type.scheduled_job_type.run_scheduled_jo..., site='vms.localhost', user='Administrator') (vms.localhost||scheduled_job||r6cf3826fc)
2026-09-19 15:46:04,505 Successfully completed frappe.utils.background_jobs.execute_job(event=None, is_async=True, job_name='frappe.core.doctype.scheduled_job_type.scheduled_job_type.run_scheduled_jo..., kwargs={'job_type': 'frappe.automation_engine.drainer.drain_due', 'scheduled_job_t..., method='frappe.core.doctype.scheduled_job_type.scheduled_job_type.run_scheduled_jo..., site='vms.localhost', user='Administrator') job in 0:00:00.284438s on worker 32ddbed9e3e1410e952fed3079c23020
2026-09-19 15:46:04,505 home-admin-Documents-nesa_projects-erpnext-vms-system-vms-system:default: Job OK (vms.localhost||scheduled_job||r6cf3826fc)
2026-09-19 15:46:04,505 Result is kept for 600 seconds
2026-09-19 15:46:04,510 home-admin-Documents-nesa_projects-erpnext-vms-system-vms-system:default: frappe.utils.background_jobs.execute_job(event=None, is_async=True, job_name='frappe.core.doctype.scheduled_job_type.scheduled_job_type.run_scheduled_jo..., kwargs={'job_type': 'frappe.automation.doctype.reminder.reminder.send_reminders', ..., method='frappe.core.doctype.scheduled_job_type.scheduled_job_type.run_scheduled_jo..., site='vms.localhost', user='Administrator') (vms.localhost||scheduled_job||r6cm239u8l)
2026-09-19 15:46:04,791 Successfully completed frappe.utils.background_jobs.execute_job(event=None, is_async=True, job_name='frappe.core.doctype.scheduled_job_type.scheduled_job_type.run_scheduled_jo..., kwargs={'job_type': 'frappe.automation.doctype.reminder.reminder.send_reminders', ..., method='frappe.core.doctype.scheduled_job_type.scheduled_job_type.run_scheduled_jo..., site='vms.localhost', user='Administrator') job in 0:00:00.276796s on worker 32ddbed9e3e1410e952fed3079c23020
2026-09-19 15:46:04,791 home-admin-Documents-nesa_projects-erpnext-vms-system-vms-system:default: Job OK (vms.localhost||scheduled_job||r6cm239u8l)
2026-09-19 15:46:04,791 Result is kept for 600 seconds
2026-09-19 15:46:04,797 home-admin-Documents-nesa_projects-erpnext-vms-system-vms-system:default: frappe.utils.background_jobs.execute_job(event=None, is_async=True, job_name='frappe.core.doctype.scheduled_job_type.scheduled_job_type.run_scheduled_jo..., kwargs={'job_type': 'frappe.utils.global_search.sync_global_search', 'scheduled_jo..., method='frappe.core.doctype.scheduled_job_type.scheduled_job_type.run_scheduled_jo..., site='vms.localhost', user='Administrator') (vms.localhost||scheduled_job||r6cfmki32o)
2026-09-19 15:46:05,070 Successfully completed frappe.utils.background_jobs.execute_job(event=None, is_async=True, job_name='frappe.core.doctype.scheduled_job_type.scheduled_job_type.run_scheduled_jo..., kwargs={'job_type': 'frappe.utils.global_search.sync_global_search', 'scheduled_jo..., method='frappe.core.doctype.scheduled_job_type.scheduled_job_type.run_scheduled_jo..., site='vms.localhost', user='Administrator') job in 0:00:00.268232s on worker 32ddbed9e3e1410e952fed3079c23020
2026-09-19 15:46:05,070 home-admin-Documents-nesa_projects-erpnext-vms-system-vms-system:default: Job OK (vms.localhost||scheduled_job||r6cfmki32o)
2026-09-19 15:46:05,070 Result is kept for 600 seconds
2026-09-19 15:50:00,561 home-admin-Documents-nesa_projects-erpnext-vms-system-vms-system:default: frappe.utils.background_jobs.execute_job(event=None, is_async=True, job_name='frappe.core.doctype.scheduled_job_type.scheduled_job_type.run_scheduled_jo..., kwargs={'job_type': 'frappe.email.doctype.notification.notification.trigger_offset..., method='frappe.core.doctype.scheduled_job_type.scheduled_job_type.run_scheduled_jo..., site='vms.localhost', user='Administrator') (vms.localhost||scheduled_job||r6bmsv0n1c)
2026-09-19 15:50:00,787 Successfully completed frappe.utils.background_jobs.execute_job(event=None, is_async=True, job_name='frappe.core.doctype.scheduled_job_type.scheduled_job_type.run_scheduled_jo..., kwargs={'job_type': 'frappe.email.doctype.notification.notification.trigger_offset..., method='frappe.core.doctype.scheduled_job_type.scheduled_job_type.run_scheduled_jo..., site='vms.localhost', user='Administrator') job in 0:00:00.218980s on worker 32ddbed9e3e1410e952fed3079c23020
2026-09-19 15:50:00,787 home-admin-Documents-nesa_projects-erpnext-vms-system-vms-system:default: Job OK (vms.localhost||scheduled_job||r6bmsv0n1c)
2026-09-19 15:50:00,787 Result is kept for 600 seconds
2026-09-19 15:50:00,793 Worker 32ddbed9e3e1410e952fed3079c23020: cleaning registries for queue: home-admin-Documents-nesa_projects-erpnext-vms-system-vms-system:short
2026-09-19 15:50:00,793 Worker 32ddbed9e3e1410e952fed3079c23020: cleaning registries for queue: home-admin-Documents-nesa_projects-erpnext-vms-system-vms-system:default
2026-09-19 15:50:00,794 Worker 32ddbed9e3e1410e952fed3079c23020: cleaning registries for queue: home-admin-Documents-nesa_projects-erpnext-vms-system-vms-system:long
2026-09-19 15:50:00,794 home-admin-Documents-nesa_projects-erpnext-vms-system-vms-system:default: frappe.utils.background_jobs.execute_job(event=None, is_async=True, job_name='frappe.core.doctype.scheduled_job_type.scheduled_job_type.run_scheduled_jo..., kwargs={'job_type': 'frappe.email.queue.flush', 'scheduled_job_type': 'r6cffmj05i'..., method='frappe.core.doctype.scheduled_job_type.scheduled_job_type.run_scheduled_jo..., site='vms.localhost', user='Administrator') (vms.localhost||scheduled_job||r6cffmj05i)
2026-09-19 15:50:01,049 Successfully completed frappe.utils.background_jobs.execute_job(event=None, is_async=True, job_name='frappe.core.doctype.scheduled_job_type.scheduled_job_type.run_scheduled_jo..., kwargs={'job_type': 'frappe.email.queue.flush', 'scheduled_job_type': 'r6cffmj05i'..., method='frappe.core.doctype.scheduled_job_type.scheduled_job_type.run_scheduled_jo..., site='vms.localhost', user='Administrator') job in 0:00:00.249677s on worker 32ddbed9e3e1410e952fed3079c23020
2026-09-19 15:50:01,049 home-admin-Documents-nesa_projects-erpnext-vms-system-vms-system:default: Job OK (vms.localhost||scheduled_job||r6cffmj05i)
2026-09-19 15:50:01,049 Result is kept for 600 seconds
2026-09-19 15:50:01,054 home-admin-Documents-nesa_projects-erpnext-vms-system-vms-system:default: frappe.utils.background_jobs.execute_job(event=None, is_async=True, job_name='frappe.core.doctype.scheduled_job_type.scheduled_job_type.run_scheduled_jo..., kwargs={'job_type': 'frappe.automation_engine.drainer.drain_due', 'scheduled_job_t..., method='frappe.core.doctype.scheduled_job_type.scheduled_job_type.run_scheduled_jo..., site='vms.localhost', user='Administrator') (vms.localhost||scheduled_job||r6cf3826fc)
2026-09-19 15:50:01,283 Successfully completed frappe.utils.background_jobs.execute_job(event=None, is_async=True, job_name='frappe.core.doctype.scheduled_job_type.scheduled_job_type.run_scheduled_jo..., kwargs={'job_type': 'frappe.automation_engine.drainer.drain_due', 'scheduled_job_t..., method='frappe.core.doctype.scheduled_job_type.scheduled_job_type.run_scheduled_jo..., site='vms.localhost', user='Administrator') job in 0:00:00.225187s on worker 32ddbed9e3e1410e952fed3079c23020
2026-09-19 15:50:01,283 home-admin-Documents-nesa_projects-erpnext-vms-system-vms-system:default: Job OK (vms.localhost||scheduled_job||r6cf3826fc)
2026-09-19 15:50:01,283 Result is kept for 600 seconds
2026-09-19 15:50:01,289 home-admin-Documents-nesa_projects-erpnext-vms-system-vms-system:default: frappe.utils.background_jobs.execute_job(event=None, is_async=True, job_name='frappe.core.doctype.scheduled_job_type.scheduled_job_type.run_scheduled_jo..., kwargs={'job_type': 'frappe.integrations.doctype.webhook.webhook.retry_failed_webh..., method='frappe.core.doctype.scheduled_job_type.scheduled_job_type.run_scheduled_jo..., site='vms.localhost', user='Administrator') (vms.localhost||scheduled_job||r6bem02261)
2026-09-19 15:50:01,522 Successfully completed frappe.utils.background_jobs.execute_job(event=None, is_async=True, job_name='frappe.core.doctype.scheduled_job_type.scheduled_job_type.run_scheduled_jo..., kwargs={'job_type': 'frappe.integrations.doctype.webhook.webhook.retry_failed_webh..., method='frappe.core.doctype.scheduled_job_type.scheduled_job_type.run_scheduled_jo..., site='vms.localhost', user='Administrator') job in 0:00:00.229895s on worker 32ddbed9e3e1410e952fed3079c23020
2026-09-19 15:50:01,522 home-admin-Documents-nesa_projects-erpnext-vms-system-vms-system:default: Job OK (vms.localhost||scheduled_job||r6bem02261)
2026-09-19 15:50:01,522 Result is kept for 600 seconds
2026-09-19 15:50:01,527 home-admin-Documents-nesa_projects-erpnext-vms-system-vms-system:default: frappe.utils.background_jobs.execute_job(event=None, is_async=True, job_name='frappe.core.doctype.scheduled_job_type.scheduled_job_type.run_scheduled_jo..., kwargs={'job_type': 'frappe.monitor.flush', 'scheduled_job_type': 'r6cn4pa2nj'}, method='frappe.core.doctype.scheduled_job_type.scheduled_job_type.run_scheduled_jo..., site='vms.localhost', user='Administrator') (vms.localhost||scheduled_job||r6cn4pa2nj)
2026-09-19 15:50:01,780 Successfully completed frappe.utils.background_jobs.execute_job(event=None, is_async=True, job_name='frappe.core.doctype.scheduled_job_type.scheduled_job_type.run_scheduled_jo..., kwargs={'job_type': 'frappe.monitor.flush', 'scheduled_job_type': 'r6cn4pa2nj'}, method='frappe.core.doctype.scheduled_job_type.scheduled_job_type.run_scheduled_jo..., site='vms.localhost', user='Administrator') job in 0:00:00.249418s on worker 32ddbed9e3e1410e952fed3079c23020
2026-09-19 15:50:01,780 home-admin-Documents-nesa_projects-erpnext-vms-system-vms-system:default: Job OK (vms.localhost||scheduled_job||r6cn4pa2nj)
2026-09-19 15:50:01,780 Result is kept for 600 seconds
2026-09-19 15:50:01,785 home-admin-Documents-nesa_projects-erpnext-vms-system-vms-system:default: frappe.utils.background_jobs.execute_job(event=None, is_async=True, job_name='frappe.core.doctype.scheduled_job_type.scheduled_job_type.run_scheduled_jo..., kwargs={'job_type': 'frappe.search.sqlite_search.index_docs_in_queue', 'scheduled_..., method='frappe.core.doctype.scheduled_job_type.scheduled_job_type.run_scheduled_jo..., site='vms.localhost', user='Administrator') (vms.localhost||scheduled_job||r6b0va6b0s)
2026-09-19 15:50:02,039 Successfully completed frappe.utils.background_jobs.execute_job(event=None, is_async=True, job_name='frappe.core.doctype.scheduled_job_type.scheduled_job_type.run_scheduled_jo..., kwargs={'job_type': 'frappe.search.sqlite_search.index_docs_in_queue', 'scheduled_..., method='frappe.core.doctype.scheduled_job_type.scheduled_job_type.run_scheduled_jo..., site='vms.localhost', user='Administrator') job in 0:00:00.249475s on worker 32ddbed9e3e1410e952fed3079c23020
2026-09-19 15:50:02,039 home-admin-Documents-nesa_projects-erpnext-vms-system-vms-system:default: Job OK (vms.localhost||scheduled_job||r6b0va6b0s)
2026-09-19 15:50:02,039 Result is kept for 600 seconds
2026-09-19 15:50:02,046 home-admin-Documents-nesa_projects-erpnext-vms-system-vms-system:default: frappe.utils.background_jobs.execute_job(event=None, is_async=True, job_name='frappe.core.doctype.scheduled_job_type.scheduled_job_type.run_scheduled_jo..., kwargs={'job_type': 'frappe.email.doctype.email_account.email_account.pull', 'sche..., method='frappe.core.doctype.scheduled_job_type.scheduled_job_type.run_scheduled_jo..., site='vms.localhost', user='Administrator') (vms.localhost||scheduled_job||r6co2s6eeh)
2026-09-19 15:50:02,291 Successfully completed frappe.utils.background_jobs.execute_job(event=None, is_async=True, job_name='frappe.core.doctype.scheduled_job_type.scheduled_job_type.run_scheduled_jo..., kwargs={'job_type': 'frappe.email.doctype.email_account.email_account.pull', 'sche..., method='frappe.core.doctype.scheduled_job_type.scheduled_job_type.run_scheduled_jo..., site='vms.localhost', user='Administrator') job in 0:00:00.242103s on worker 32ddbed9e3e1410e952fed3079c23020
2026-09-19 15:50:02,292 home-admin-Documents-nesa_projects-erpnext-vms-system-vms-system:default: Job OK (vms.localhost||scheduled_job||r6co2s6eeh)
2026-09-19 15:50:02,292 Result is kept for 600 seconds
2026-09-19 15:50:02,297 home-admin-Documents-nesa_projects-erpnext-vms-system-vms-system:default: frappe.utils.background_jobs.execute_job(event=None, is_async=True, job_name='frappe.core.doctype.scheduled_job_type.scheduled_job_type.run_scheduled_jo..., kwargs={'job_type': 'frappe.automation_engine.scheduler.process_cron', 'scheduled_..., method='frappe.core.doctype.scheduled_job_type.scheduled_job_type.run_scheduled_jo..., site='vms.localhost', user='Administrator') (vms.localhost||scheduled_job||r6c7imf2kv)
2026-09-19 15:50:02,526 Successfully completed frappe.utils.background_jobs.execute_job(event=None, is_async=True, job_name='frappe.core.doctype.scheduled_job_type.scheduled_job_type.run_scheduled_jo..., kwargs={'job_type': 'frappe.automation_engine.scheduler.process_cron', 'scheduled_..., method='frappe.core.doctype.scheduled_job_type.scheduled_job_type.run_scheduled_jo..., site='vms.localhost', user='Administrator') job in 0:00:00.225692s on worker 32ddbed9e3e1410e952fed3079c23020
2026-09-19 15:50:02,526 home-admin-Documents-nesa_projects-erpnext-vms-system-vms-system:default: Job OK (vms.localhost||scheduled_job||r6c7imf2kv)
2026-09-19 15:50:02,527 Result is kept for 600 seconds
2026-09-19 15:50:02,531 home-admin-Documents-nesa_projects-erpnext-vms-system-vms-system:default: frappe.utils.background_jobs.execute_job(event=None, is_async=True, job_name='frappe.core.doctype.scheduled_job_type.scheduled_job_type.run_scheduled_jo..., kwargs={'job_type': 'frappe.email.queue.retry_sending_emails', 'scheduled_job_type..., method='frappe.core.doctype.scheduled_job_type.scheduled_job_type.run_scheduled_jo..., site='vms.localhost', user='Administrator') (vms.localhost||scheduled_job||r6cfjq81g8)
2026-09-19 15:50:02,789 Successfully completed frappe.utils.background_jobs.execute_job(event=None, is_async=True, job_name='frappe.core.doctype.scheduled_job_type.scheduled_job_type.run_scheduled_jo..., kwargs={'job_type': 'frappe.email.queue.retry_sending_emails', 'scheduled_job_type..., method='frappe.core.doctype.scheduled_job_type.scheduled_job_type.run_scheduled_jo..., site='vms.localhost', user='Administrator') job in 0:00:00.253948s on worker 32ddbed9e3e1410e952fed3079c23020
2026-09-19 15:50:02,789 home-admin-Documents-nesa_projects-erpnext-vms-system-vms-system:default: Job OK (vms.localhost||scheduled_job||r6cfjq81g8)
2026-09-19 15:50:02,789 Result is kept for 600 seconds
2026-09-19 15:50:02,795 home-admin-Documents-nesa_projects-erpnext-vms-system-vms-system:default: frappe.utils.background_jobs.execute_job(event=None, is_async=True, job_name='frappe.core.doctype.scheduled_job_type.scheduled_job_type.run_scheduled_jo..., kwargs={'job_type': 'frappe.integrations.doctype.google_calendar.google_calendar.s..., method='frappe.core.doctype.scheduled_job_type.scheduled_job_type.run_scheduled_jo..., site='vms.localhost', user='Administrator') (vms.localhost||scheduled_job||r6cgbuk2q9)
2026-09-19 15:50:03,067 Successfully completed frappe.utils.background_jobs.execute_job(event=None, is_async=True, job_name='frappe.core.doctype.scheduled_job_type.scheduled_job_type.run_scheduled_jo..., kwargs={'job_type': 'frappe.integrations.doctype.google_calendar.google_calendar.s..., method='frappe.core.doctype.scheduled_job_type.scheduled_job_type.run_scheduled_jo..., site='vms.localhost', user='Administrator') job in 0:00:00.268515s on worker 32ddbed9e3e1410e952fed3079c23020
2026-09-19 15:50:03,067 home-admin-Documents-nesa_projects-erpnext-vms-system-vms-system:default: Job OK (vms.localhost||scheduled_job||r6cgbuk2q9)
2026-09-19 15:50:03,067 Result is kept for 600 seconds
2026-09-19 15:54:00,581 home-admin-Documents-nesa_projects-erpnext-vms-system-vms-system:default: frappe.utils.background_jobs.execute_job(event=None, is_async=True, job_name='frappe.core.doctype.scheduled_job_type.scheduled_job_type.run_scheduled_jo..., kwargs={'job_type': 'frappe.email.queue.flush', 'scheduled_job_type': 'r6cffmj05i'..., method='frappe.core.doctype.scheduled_job_type.scheduled_job_type.run_scheduled_jo..., site='vms.localhost', user='Administrator') (vms.localhost||scheduled_job||r6cffmj05i)
2026-09-19 15:54:00,838 Successfully completed frappe.utils.background_jobs.execute_job(event=None, is_async=True, job_name='frappe.core.doctype.scheduled_job_type.scheduled_job_type.run_scheduled_jo..., kwargs={'job_type': 'frappe.email.queue.flush', 'scheduled_job_type': 'r6cffmj05i'..., method='frappe.core.doctype.scheduled_job_type.scheduled_job_type.run_scheduled_jo..., site='vms.localhost', user='Administrator') job in 0:00:00.251326s on worker 32ddbed9e3e1410e952fed3079c23020
2026-09-19 15:54:00,838 home-admin-Documents-nesa_projects-erpnext-vms-system-vms-system:default: Job OK (vms.localhost||scheduled_job||r6cffmj05i)
2026-09-19 15:54:00,838 Result is kept for 600 seconds
2026-09-19 15:54:00,843 home-admin-Documents-nesa_projects-erpnext-vms-system-vms-system:default: frappe.utils.background_jobs.execute_job(event=None, is_async=True, job_name='frappe.core.doctype.scheduled_job_type.scheduled_job_type.run_scheduled_jo..., kwargs={'job_type': 'frappe.email.queue.retry_sending_emails', 'scheduled_job_type..., method='frappe.core.doctype.scheduled_job_type.scheduled_job_type.run_scheduled_jo..., site='vms.localhost', user='Administrator') (vms.localhost||scheduled_job||r6cfjq81g8)
2026-09-19 15:54:01,096 Successfully completed frappe.utils.background_jobs.execute_job(event=None, is_async=True, job_name='frappe.core.doctype.scheduled_job_type.scheduled_job_type.run_scheduled_jo..., kwargs={'job_type': 'frappe.email.queue.retry_sending_emails', 'scheduled_job_type..., method='frappe.core.doctype.scheduled_job_type.scheduled_job_type.run_scheduled_jo..., site='vms.localhost', user='Administrator') job in 0:00:00.248747s on worker 32ddbed9e3e1410e952fed3079c23020
2026-09-19 15:54:01,096 home-admin-Documents-nesa_projects-erpnext-vms-system-vms-system:default: Job OK (vms.localhost||scheduled_job||r6cfjq81g8)
2026-09-19 15:54:01,096 Result is kept for 600 seconds
2026-09-19 15:54:01,100 home-admin-Documents-nesa_projects-erpnext-vms-system-vms-system:default: frappe.utils.background_jobs.execute_job(event=None, is_async=True, job_name='frappe.core.doctype.scheduled_job_type.scheduled_job_type.run_scheduled_jo..., kwargs={'job_type': 'frappe.integrations.doctype.google_calendar.google_calendar.s..., method='frappe.core.doctype.scheduled_job_type.scheduled_job_type.run_scheduled_jo..., site='vms.localhost', user='Administrator') (vms.localhost||scheduled_job||r6cgbuk2q9)
2026-09-19 15:54:01,340 Successfully completed frappe.utils.background_jobs.execute_job(event=None, is_async=True, job_name='frappe.core.doctype.scheduled_job_type.scheduled_job_type.run_scheduled_jo..., kwargs={'job_type': 'frappe.integrations.doctype.google_calendar.google_calendar.s..., method='frappe.core.doctype.scheduled_job_type.scheduled_job_type.run_scheduled_jo..., site='vms.localhost', user='Administrator') job in 0:00:00.236379s on worker 32ddbed9e3e1410e952fed3079c23020
2026-09-19 15:54:01,341 home-admin-Documents-nesa_projects-erpnext-vms-system-vms-system:default: Job OK (vms.localhost||scheduled_job||r6cgbuk2q9)
2026-09-19 15:54:01,341 Result is kept for 600 seconds
2026-09-19 15:54:01,345 home-admin-Documents-nesa_projects-erpnext-vms-system-vms-system:default: frappe.utils.background_jobs.execute_job(event=None, is_async=True, job_name='frappe.core.doctype.scheduled_job_type.scheduled_job_type.run_scheduled_jo..., kwargs={'job_type': 'frappe.monitor.flush', 'scheduled_job_type': 'r6cn4pa2nj'}, method='frappe.core.doctype.scheduled_job_type.scheduled_job_type.run_scheduled_jo..., site='vms.localhost', user='Administrator') (vms.localhost||scheduled_job||r6cn4pa2nj)
2026-09-19 15:54:01,579 Successfully completed frappe.utils.background_jobs.execute_job(event=None, is_async=True, job_name='frappe.core.doctype.scheduled_job_type.scheduled_job_type.run_scheduled_jo..., kwargs={'job_type': 'frappe.monitor.flush', 'scheduled_job_type': 'r6cn4pa2nj'}, method='frappe.core.doctype.scheduled_job_type.scheduled_job_type.run_scheduled_jo..., site='vms.localhost', user='Administrator') job in 0:00:00.229728s on worker 32ddbed9e3e1410e952fed3079c23020
2026-09-19 15:54:01,579 home-admin-Documents-nesa_projects-erpnext-vms-system-vms-system:default: Job OK (vms.localhost||scheduled_job||r6cn4pa2nj)
2026-09-19 15:54:01,579 Result is kept for 600 seconds
2026-09-19 15:58:00,593 home-admin-Documents-nesa_projects-erpnext-vms-system-vms-system:default: frappe.utils.background_jobs.execute_job(event=None, is_async=True, job_name='frappe.core.doctype.scheduled_job_type.scheduled_job_type.run_scheduled_jo..., kwargs={'job_type': 'frappe.email.doctype.notification.notification.trigger_offset..., method='frappe.core.doctype.scheduled_job_type.scheduled_job_type.run_scheduled_jo..., site='vms.localhost', user='Administrator') (vms.localhost||scheduled_job||r6bmsv0n1c)
2026-09-19 15:58:00,818 Successfully completed frappe.utils.background_jobs.execute_job(event=None, is_async=True, job_name='frappe.core.doctype.scheduled_job_type.scheduled_job_type.run_scheduled_jo..., kwargs={'job_type': 'frappe.email.doctype.notification.notification.trigger_offset..., method='frappe.core.doctype.scheduled_job_type.scheduled_job_type.run_scheduled_jo..., site='vms.localhost', user='Administrator') job in 0:00:00.220141s on worker 32ddbed9e3e1410e952fed3079c23020
2026-09-19 15:58:00,818 home-admin-Documents-nesa_projects-erpnext-vms-system-vms-system:default: Job OK (vms.localhost||scheduled_job||r6bmsv0n1c)
2026-09-19 15:58:00,818 Result is kept for 600 seconds
2026-09-19 15:58:00,823 home-admin-Documents-nesa_projects-erpnext-vms-system-vms-system:default: frappe.utils.background_jobs.execute_job(event=None, is_async=True, job_name='frappe.core.doctype.scheduled_job_type.scheduled_job_type.run_scheduled_jo..., kwargs={'job_type': 'frappe.monitor.flush', 'scheduled_job_type': 'r6cn4pa2nj'}, method='frappe.core.doctype.scheduled_job_type.scheduled_job_type.run_scheduled_jo..., site='vms.localhost', user='Administrator') (vms.localhost||scheduled_job||r6cn4pa2nj)
2026-09-19 15:58:01,048 Successfully completed frappe.utils.background_jobs.execute_job(event=None, is_async=True, job_name='frappe.core.doctype.scheduled_job_type.scheduled_job_type.run_scheduled_jo..., kwargs={'job_type': 'frappe.monitor.flush', 'scheduled_job_type': 'r6cn4pa2nj'}, method='frappe.core.doctype.scheduled_job_type.scheduled_job_type.run_scheduled_jo..., site='vms.localhost', user='Administrator') job in 0:00:00.221201s on worker 32ddbed9e3e1410e952fed3079c23020
2026-09-19 15:58:01,048 home-admin-Documents-nesa_projects-erpnext-vms-system-vms-system:default: Job OK (vms.localhost||scheduled_job||r6cn4pa2nj)
2026-09-19 15:58:01,048 Result is kept for 600 seconds
2026-09-19 15:58:01,053 home-admin-Documents-nesa_projects-erpnext-vms-system-vms-system:default: frappe.utils.background_jobs.execute_job(event=None, is_async=True, job_name='frappe.core.doctype.scheduled_job_type.scheduled_job_type.run_scheduled_jo..., kwargs={'job_type': 'frappe.email.queue.retry_sending_emails', 'scheduled_job_type..., method='frappe.core.doctype.scheduled_job_type.scheduled_job_type.run_scheduled_jo..., site='vms.localhost', user='Administrator') (vms.localhost||scheduled_job||r6cfjq81g8)
2026-09-19 15:58:01,289 Successfully completed frappe.utils.background_jobs.execute_job(event=None, is_async=True, job_name='frappe.core.doctype.scheduled_job_type.scheduled_job_type.run_scheduled_jo..., kwargs={'job_type': 'frappe.email.queue.retry_sending_emails', 'scheduled_job_type..., method='frappe.core.doctype.scheduled_job_type.scheduled_job_type.run_scheduled_jo..., site='vms.localhost', user='Administrator') job in 0:00:00.232625s on worker 32ddbed9e3e1410e952fed3079c23020
2026-09-19 15:58:01,290 home-admin-Documents-nesa_projects-erpnext-vms-system-vms-system:default: Job OK (vms.localhost||scheduled_job||r6cfjq81g8)
2026-09-19 15:58:01,290 Result is kept for 600 seconds
2026-09-19 15:58:01,295 home-admin-Documents-nesa_projects-erpnext-vms-system-vms-system:default: frappe.utils.background_jobs.execute_job(event=None, is_async=True, job_name='frappe.core.doctype.scheduled_job_type.scheduled_job_type.run_scheduled_jo..., kwargs={'job_type': 'frappe.search.sqlite_search.index_docs_in_queue', 'scheduled_..., method='frappe.core.doctype.scheduled_job_type.scheduled_job_type.run_scheduled_jo..., site='vms.localhost', user='Administrator') (vms.localhost||scheduled_job||r6b0va6b0s)
2026-09-19 15:58:01,525 Successfully completed frappe.utils.background_jobs.execute_job(event=None, is_async=True, job_name='frappe.core.doctype.scheduled_job_type.scheduled_job_type.run_scheduled_jo..., kwargs={'job_type': 'frappe.search.sqlite_search.index_docs_in_queue', 'scheduled_..., method='frappe.core.doctype.scheduled_job_type.scheduled_job_type.run_scheduled_jo..., site='vms.localhost', user='Administrator') job in 0:00:00.226576s on worker 32ddbed9e3e1410e952fed3079c23020
2026-09-19 15:58:01,525 home-admin-Documents-nesa_projects-erpnext-vms-system-vms-system:default: Job OK (vms.localhost||scheduled_job||r6b0va6b0s)
2026-09-19 15:58:01,525 Result is kept for 600 seconds
2026-09-19 15:58:01,529 home-admin-Documents-nesa_projects-erpnext-vms-system-vms-system:default: frappe.utils.background_jobs.execute_job(event=None, is_async=True, job_name='frappe.core.doctype.scheduled_job_type.scheduled_job_type.run_scheduled_jo..., kwargs={'job_type': 'frappe.integrations.doctype.webhook.webhook.retry_failed_webh..., method='frappe.core.doctype.scheduled_job_type.scheduled_job_type.run_scheduled_jo..., site='vms.localhost', user='Administrator') (vms.localhost||scheduled_job||r6bem02261)
2026-09-19 15:58:01,764 Successfully completed frappe.utils.background_jobs.execute_job(event=None, is_async=True, job_name='frappe.core.doctype.scheduled_job_type.scheduled_job_type.run_scheduled_jo..., kwargs={'job_type': 'frappe.integrations.doctype.webhook.webhook.retry_failed_webh..., method='frappe.core.doctype.scheduled_job_type.scheduled_job_type.run_scheduled_jo..., site='vms.localhost', user='Administrator') job in 0:00:00.230958s on worker 32ddbed9e3e1410e952fed3079c23020
2026-09-19 15:58:01,764 home-admin-Documents-nesa_projects-erpnext-vms-system-vms-system:default: Job OK (vms.localhost||scheduled_job||r6bem02261)
2026-09-19 15:58:01,764 Result is kept for 600 seconds
2026-09-19 15:58:01,768 home-admin-Documents-nesa_projects-erpnext-vms-system-vms-system:default: frappe.utils.background_jobs.execute_job(event=None, is_async=True, job_name='frappe.core.doctype.scheduled_job_type.scheduled_job_type.run_scheduled_jo..., kwargs={'job_type': 'frappe.automation_engine.drainer.drain_due', 'scheduled_job_t..., method='frappe.core.doctype.scheduled_job_type.scheduled_job_type.run_scheduled_jo..., site='vms.localhost', user='Administrator') (vms.localhost||scheduled_job||r6cf3826fc)
2026-09-19 15:58:01,998 Successfully completed frappe.utils.background_jobs.execute_job(event=None, is_async=True, job_name='frappe.core.doctype.scheduled_job_type.scheduled_job_type.run_scheduled_jo..., kwargs={'job_type': 'frappe.automation_engine.drainer.drain_due', 'scheduled_job_t..., method='frappe.core.doctype.scheduled_job_type.scheduled_job_type.run_scheduled_jo..., site='vms.localhost', user='Administrator') job in 0:00:00.226557s on worker 32ddbed9e3e1410e952fed3079c23020
2026-09-19 15:58:01,998 home-admin-Documents-nesa_projects-erpnext-vms-system-vms-system:default: Job OK (vms.localhost||scheduled_job||r6cf3826fc)
2026-09-19 15:58:01,998 Result is kept for 600 seconds
2026-09-19 15:58:02,002 home-admin-Documents-nesa_projects-erpnext-vms-system-vms-system:default: frappe.utils.background_jobs.execute_job(event=None, is_async=True, job_name='frappe.core.doctype.scheduled_job_type.scheduled_job_type.run_scheduled_jo..., kwargs={'job_type': 'frappe.automation_engine.scheduler.process_cron', 'scheduled_..., method='frappe.core.doctype.scheduled_job_type.scheduled_job_type.run_scheduled_jo..., site='vms.localhost', user='Administrator') (vms.localhost||scheduled_job||r6c7imf2kv)
2026-09-19 15:58:02,242 Successfully completed frappe.utils.background_jobs.execute_job(event=None, is_async=True, job_name='frappe.core.doctype.scheduled_job_type.scheduled_job_type.run_scheduled_jo..., kwargs={'job_type': 'frappe.automation_engine.scheduler.process_cron', 'scheduled_..., method='frappe.core.doctype.scheduled_job_type.scheduled_job_type.run_scheduled_jo..., site='vms.localhost', user='Administrator') job in 0:00:00.235937s on worker 32ddbed9e3e1410e952fed3079c23020
2026-09-19 15:58:02,242 home-admin-Documents-nesa_projects-erpnext-vms-system-vms-system:default: Job OK (vms.localhost||scheduled_job||r6c7imf2kv)
2026-09-19 15:58:02,242 Result is kept for 600 seconds
2026-09-19 15:58:02,248 home-admin-Documents-nesa_projects-erpnext-vms-system-vms-system:default: frappe.utils.background_jobs.execute_job(event=None, is_async=True, job_name='frappe.core.doctype.scheduled_job_type.scheduled_job_type.run_scheduled_jo..., kwargs={'job_type': 'frappe.email.queue.flush', 'scheduled_job_type': 'r6cffmj05i'..., method='frappe.core.doctype.scheduled_job_type.scheduled_job_type.run_scheduled_jo..., site='vms.localhost', user='Administrator') (vms.localhost||scheduled_job||r6cffmj05i)
2026-09-19 15:58:02,495 Successfully completed frappe.utils.background_jobs.execute_job(event=None, is_async=True, job_name='frappe.core.doctype.scheduled_job_type.scheduled_job_type.run_scheduled_jo..., kwargs={'job_type': 'frappe.email.queue.flush', 'scheduled_job_type': 'r6cffmj05i'..., method='frappe.core.doctype.scheduled_job_type.scheduled_job_type.run_scheduled_jo..., site='vms.localhost', user='Administrator') job in 0:00:00.242229s on worker 32ddbed9e3e1410e952fed3079c23020
2026-09-19 15:58:02,495 home-admin-Documents-nesa_projects-erpnext-vms-system-vms-system:default: Job OK (vms.localhost||scheduled_job||r6cffmj05i)
2026-09-19 15:58:02,495 Result is kept for 600 seconds
2026-09-19 15:58:02,500 home-admin-Documents-nesa_projects-erpnext-vms-system-vms-system:default: frappe.utils.background_jobs.execute_job(event=None, is_async=True, job_name='frappe.core.doctype.scheduled_job_type.scheduled_job_type.run_scheduled_jo..., kwargs={'job_type': 'frappe.integrations.doctype.google_calendar.google_calendar.s..., method='frappe.core.doctype.scheduled_job_type.scheduled_job_type.run_scheduled_jo..., site='vms.localhost', user='Administrator') (vms.localhost||scheduled_job||r6cgbuk2q9)
2026-09-19 15:58:02,725 Successfully completed frappe.utils.background_jobs.execute_job(event=None, is_async=True, job_name='frappe.core.doctype.scheduled_job_type.scheduled_job_type.run_scheduled_jo..., kwargs={'job_type': 'frappe.integrations.doctype.google_calendar.google_calendar.s..., method='frappe.core.doctype.scheduled_job_type.scheduled_job_type.run_scheduled_jo..., site='vms.localhost', user='Administrator') job in 0:00:00.221953s on worker 32ddbed9e3e1410e952fed3079c23020
2026-09-19 15:58:02,725 home-admin-Documents-nesa_projects-erpnext-vms-system-vms-system:default: Job OK (vms.localhost||scheduled_job||r6cgbuk2q9)
2026-09-19 15:58:02,725 Result is kept for 600 seconds
2026-09-19 15:59:59,579 Worker 32ddbed9e3e1410e952fed3079c23020 [PID 33324]: warm shut down requested
2026-09-19 15:59:59,582 Worker 32ddbed9e3e1410e952fed3079c23020: unsubscribing from channel rq:pubsub:32ddbed9e3e1410e952fed3079c23020
2026-09-19 16:00:12,135 Worker 8f6e7a003f094352b9e692f2e18c9408: started with PID 44994, version 2.6.1
2026-09-19 16:00:12,135 Worker 8f6e7a003f094352b9e692f2e18c9408: subscribing to channel rq:pubsub:8f6e7a003f094352b9e692f2e18c9408
2026-09-19 16:00:12,136 *** Listening on home-admin-Documents-nesa_projects-erpnext-vms-system-vms-system:short, home-admin-Documents-nesa_projects-erpnext-vms-system-vms-system:default, home-admin-Documents-nesa_projects-erpnext-vms-system-vms-system:long...
2026-09-19 16:00:12,137 Worker 8f6e7a003f094352b9e692f2e18c9408: cleaning registries for queue: home-admin-Documents-nesa_projects-erpnext-vms-system-vms-system:short
2026-09-19 16:00:12,142 Worker 8f6e7a003f094352b9e692f2e18c9408: cleaning registries for queue: home-admin-Documents-nesa_projects-erpnext-vms-system-vms-system:default
2026-09-19 16:00:12,143 Worker 8f6e7a003f094352b9e692f2e18c9408: cleaning registries for queue: home-admin-Documents-nesa_projects-erpnext-vms-system-vms-system:long
2026-09-19 16:00:45,613 home-admin-Documents-nesa_projects-erpnext-vms-system-vms-system:default: frappe.utils.background_jobs.execute_job(event=None, is_async=True, job_name='frappe.model.delete_doc.delete_dynamic_links', kwargs={'doctype': 'Notification Settings', 'name': 'testuserone@domain.com'}, method='frappe.model.delete_doc.delete_dynamic_links', site='vms.localhost', user='Administrator') (vms.localhost||270323e4-c16e-42da-b24c-17e06df0bbb4)
2026-09-19 16:00:45,860 Successfully completed frappe.utils.background_jobs.execute_job(event=None, is_async=True, job_name='frappe.model.delete_doc.delete_dynamic_links', kwargs={'doctype': 'Notification Settings', 'name': 'testuserone@domain.com'}, method='frappe.model.delete_doc.delete_dynamic_links', site='vms.localhost', user='Administrator') job in 0:00:00.225481s on worker 8f6e7a003f094352b9e692f2e18c9408
2026-09-19 16:00:45,860 home-admin-Documents-nesa_projects-erpnext-vms-system-vms-system:default: Job OK (vms.localhost||270323e4-c16e-42da-b24c-17e06df0bbb4)
2026-09-19 16:00:45,860 Result is kept for 600 seconds
2026-09-19 16:00:45,864 home-admin-Documents-nesa_projects-erpnext-vms-system-vms-system:default: frappe.utils.background_jobs.execute_job(event=None, is_async=True, job_name='frappe.model.delete_doc.delete_dynamic_links', kwargs={'doctype': 'User', 'name': 'testuserone@domain.com'}, method='frappe.model.delete_doc.delete_dynamic_links', site='vms.localhost', user='Administrator') (vms.localhost||5402ec0c-f6ce-4088-ad26-e55f957ae30f)
2026-09-19 16:00:46,058 Successfully completed frappe.utils.background_jobs.execute_job(event=None, is_async=True, job_name='frappe.model.delete_doc.delete_dynamic_links', kwargs={'doctype': 'User', 'name': 'testuserone@domain.com'}, method='frappe.model.delete_doc.delete_dynamic_links', site='vms.localhost', user='Administrator') job in 0:00:00.189360s on worker 8f6e7a003f094352b9e692f2e18c9408
2026-09-19 16:00:46,058 home-admin-Documents-nesa_projects-erpnext-vms-system-vms-system:default: Job OK (vms.localhost||5402ec0c-f6ce-4088-ad26-e55f957ae30f)
2026-09-19 16:00:46,058 Result is kept for 600 seconds
2026-09-19 16:00:46,062 home-admin-Documents-nesa_projects-erpnext-vms-system-vms-system:default: frappe.utils.background_jobs.execute_job(event=None, is_async=True, job_name='frappe.model.delete_doc.delete_dynamic_links', kwargs={'doctype': 'Notification Settings', 'name': 'testuser@domain.com'}, method='frappe.model.delete_doc.delete_dynamic_links', site='vms.localhost', user='Administrator') (vms.localhost||a0c0bc0a-78fe-4d24-8ac5-0ad429a14fba)
2026-09-19 16:00:46,245 Successfully completed frappe.utils.background_jobs.execute_job(event=None, is_async=True, job_name='frappe.model.delete_doc.delete_dynamic_links', kwargs={'doctype': 'Notification Settings', 'name': 'testuser@domain.com'}, method='frappe.model.delete_doc.delete_dynamic_links', site='vms.localhost', user='Administrator') job in 0:00:00.178743s on worker 8f6e7a003f094352b9e692f2e18c9408
2026-09-19 16:00:46,245 home-admin-Documents-nesa_projects-erpnext-vms-system-vms-system:default: Job OK (vms.localhost||a0c0bc0a-78fe-4d24-8ac5-0ad429a14fba)
2026-09-19 16:00:46,245 Result is kept for 600 seconds
2026-09-19 16:00:46,250 home-admin-Documents-nesa_projects-erpnext-vms-system-vms-system:default: frappe.utils.background_jobs.execute_job(event=None, is_async=True, job_name='frappe.model.delete_doc.delete_dynamic_links', kwargs={'doctype': 'User', 'name': 'testuser@domain.com'}, method='frappe.model.delete_doc.delete_dynamic_links', site='vms.localhost', user='Administrator') (vms.localhost||ae2f4fe4-1c48-4485-88fc-85dee355ca5d)
2026-09-19 16:00:46,439 Successfully completed frappe.utils.background_jobs.execute_job(event=None, is_async=True, job_name='frappe.model.delete_doc.delete_dynamic_links', kwargs={'doctype': 'User', 'name': 'testuser@domain.com'}, method='frappe.model.delete_doc.delete_dynamic_links', site='vms.localhost', user='Administrator') job in 0:00:00.185757s on worker 8f6e7a003f094352b9e692f2e18c9408
2026-09-19 16:00:46,439 home-admin-Documents-nesa_projects-erpnext-vms-system-vms-system:default: Job OK (vms.localhost||ae2f4fe4-1c48-4485-88fc-85dee355ca5d)
2026-09-19 16:00:46,439 Result is kept for 600 seconds
2026-09-19 16:00:46,443 home-admin-Documents-nesa_projects-erpnext-vms-system-vms-system:default: frappe.utils.background_jobs.execute_job(event=None, is_async=True, job_name='frappe.model.delete_doc.delete_dynamic_links', kwargs={'doctype': 'Notification Settings', 'name': 'dprasadnr@gmail.com'}, method='frappe.model.delete_doc.delete_dynamic_links', site='vms.localhost', user='Administrator') (vms.localhost||7c9251e1-d270-4249-ac31-9144177bbf9f)
2026-09-19 16:00:46,622 Successfully completed frappe.utils.background_jobs.execute_job(event=None, is_async=True, job_name='frappe.model.delete_doc.delete_dynamic_links', kwargs={'doctype': 'Notification Settings', 'name': 'dprasadnr@gmail.com'}, method='frappe.model.delete_doc.delete_dynamic_links', site='vms.localhost', user='Administrator') job in 0:00:00.174469s on worker 8f6e7a003f094352b9e692f2e18c9408
2026-09-19 16:00:46,622 home-admin-Documents-nesa_projects-erpnext-vms-system-vms-system:default: Job OK (vms.localhost||7c9251e1-d270-4249-ac31-9144177bbf9f)
2026-09-19 16:00:46,622 Result is kept for 600 seconds
2026-09-19 16:00:46,626 home-admin-Documents-nesa_projects-erpnext-vms-system-vms-system:default: frappe.utils.background_jobs.execute_job(event=None, is_async=True, job_name='frappe.model.delete_doc.delete_dynamic_links', kwargs={'doctype': 'User', 'name': 'dprasadnr@gmail.com'}, method='frappe.model.delete_doc.delete_dynamic_links', site='vms.localhost', user='Administrator') (vms.localhost||ca7bf172-bef7-4e7c-b75b-3db8310ee958)
2026-09-19 16:00:46,816 Successfully completed frappe.utils.background_jobs.execute_job(event=None, is_async=True, job_name='frappe.model.delete_doc.delete_dynamic_links', kwargs={'doctype': 'User', 'name': 'dprasadnr@gmail.com'}, method='frappe.model.delete_doc.delete_dynamic_links', site='vms.localhost', user='Administrator') job in 0:00:00.186687s on worker 8f6e7a003f094352b9e692f2e18c9408
2026-09-19 16:00:46,817 home-admin-Documents-nesa_projects-erpnext-vms-system-vms-system:default: Job OK (vms.localhost||ca7bf172-bef7-4e7c-b75b-3db8310ee958)
2026-09-19 16:00:46,817 Result is kept for 600 seconds
2026-09-19 16:02:00,918 home-admin-Documents-nesa_projects-erpnext-vms-system-vms-system:default: frappe.utils.background_jobs.execute_job(event=None, is_async=True, job_name='frappe.core.doctype.scheduled_job_type.scheduled_job_type.run_scheduled_jo..., kwargs={'job_type': 'erpnext.erpnext_integrations.doctype.plaid_settings.plaid_set..., method='frappe.core.doctype.scheduled_job_type.scheduled_job_type.run_scheduled_jo..., site='vms.localhost', user='Administrator') (vms.localhost||scheduled_job||4g3saas46m)
2026-09-19 16:02:01,196 Successfully completed frappe.utils.background_jobs.execute_job(event=None, is_async=True, job_name='frappe.core.doctype.scheduled_job_type.scheduled_job_type.run_scheduled_jo..., kwargs={'job_type': 'erpnext.erpnext_integrations.doctype.plaid_settings.plaid_set..., method='frappe.core.doctype.scheduled_job_type.scheduled_job_type.run_scheduled_jo..., site='vms.localhost', user='Administrator') job in 0:00:00.272620s on worker 8f6e7a003f094352b9e692f2e18c9408
2026-09-19 16:02:01,196 home-admin-Documents-nesa_projects-erpnext-vms-system-vms-system:default: Job OK (vms.localhost||scheduled_job||4g3saas46m)
2026-09-19 16:02:01,196 Result is kept for 600 seconds
2026-09-19 16:02:01,202 home-admin-Documents-nesa_projects-erpnext-vms-system-vms-system:default: frappe.utils.background_jobs.execute_job(event=None, is_async=True, job_name='frappe.core.doctype.scheduled_job_type.scheduled_job_type.run_scheduled_jo..., kwargs={'job_type': 'frappe.utils.global_search.sync_global_search', 'scheduled_jo..., method='frappe.core.doctype.scheduled_job_type.scheduled_job_type.run_scheduled_jo..., site='vms.localhost', user='Administrator') (vms.localhost||scheduled_job||r6cfmki32o)
2026-09-19 16:02:01,422 Successfully completed frappe.utils.background_jobs.execute_job(event=None, is_async=True, job_name='frappe.core.doctype.scheduled_job_type.scheduled_job_type.run_scheduled_jo..., kwargs={'job_type': 'frappe.utils.global_search.sync_global_search', 'scheduled_jo..., method='frappe.core.doctype.scheduled_job_type.scheduled_job_type.run_scheduled_jo..., site='vms.localhost', user='Administrator') job in 0:00:00.217004s on worker 8f6e7a003f094352b9e692f2e18c9408
2026-09-19 16:02:01,422 home-admin-Documents-nesa_projects-erpnext-vms-system-vms-system:default: Job OK (vms.localhost||scheduled_job||r6cfmki32o)
2026-09-19 16:02:01,422 Result is kept for 600 seconds
2026-09-19 16:02:01,427 home-admin-Documents-nesa_projects-erpnext-vms-system-vms-system:default: frappe.utils.background_jobs.execute_job(event=None, is_async=True, job_name='frappe.core.doctype.scheduled_job_type.scheduled_job_type.run_scheduled_jo..., kwargs={'job_type': 'frappe.automation_engine.drainer.drain_due', 'scheduled_job_t..., method='frappe.core.doctype.scheduled_job_type.scheduled_job_type.run_scheduled_jo..., site='vms.localhost', user='Administrator') (vms.localhost||scheduled_job||r6cf3826fc)
2026-09-19 16:02:01,660 Successfully completed frappe.utils.background_jobs.execute_job(event=None, is_async=True, job_name='frappe.core.doctype.scheduled_job_type.scheduled_job_type.run_scheduled_jo..., kwargs={'job_type': 'frappe.automation_engine.drainer.drain_due', 'scheduled_job_t..., method='frappe.core.doctype.scheduled_job_type.scheduled_job_type.run_scheduled_jo..., site='vms.localhost', user='Administrator') job in 0:00:00.228993s on worker 8f6e7a003f094352b9e692f2e18c9408
2026-09-19 16:02:01,660 home-admin-Documents-nesa_projects-erpnext-vms-system-vms-system:default: Job OK (vms.localhost||scheduled_job||r6cf3826fc)
2026-09-19 16:02:01,660 Result is kept for 600 seconds
2026-09-19 16:02:01,665 home-admin-Documents-nesa_projects-erpnext-vms-system-vms-system:default: frappe.utils.background_jobs.execute_job(event=None, is_async=True, job_name='frappe.core.doctype.scheduled_job_type.scheduled_job_type.run_scheduled_jo..., kwargs={'job_type': 'frappe.monitor.flush', 'scheduled_job_type': 'r6cn4pa2nj'}, method='frappe.core.doctype.scheduled_job_type.scheduled_job_type.run_scheduled_jo..., site='vms.localhost', user='Administrator') (vms.localhost||scheduled_job||r6cn4pa2nj)
2026-09-19 16:02:01,900 Successfully completed frappe.utils.background_jobs.execute_job(event=None, is_async=True, job_name='frappe.core.doctype.scheduled_job_type.scheduled_job_type.run_scheduled_jo..., kwargs={'job_type': 'frappe.monitor.flush', 'scheduled_job_type': 'r6cn4pa2nj'}, method='frappe.core.doctype.scheduled_job_type.scheduled_job_type.run_scheduled_jo..., site='vms.localhost', user='Administrator') job in 0:00:00.230170s on worker 8f6e7a003f094352b9e692f2e18c9408
2026-09-19 16:02:01,900 home-admin-Documents-nesa_projects-erpnext-vms-system-vms-system:default: Job OK (vms.localhost||scheduled_job||r6cn4pa2nj)
2026-09-19 16:02:01,900 Result is kept for 600 seconds
2026-09-19 16:02:01,905 home-admin-Documents-nesa_projects-erpnext-vms-system-vms-system:default: frappe.utils.background_jobs.execute_job(event=None, is_async=True, job_name='frappe.core.doctype.scheduled_job_type.scheduled_job_type.run_scheduled_jo..., kwargs={'job_type': 'frappe.search.sqlite_search.index_docs_in_queue', 'scheduled_..., method='frappe.core.doctype.scheduled_job_type.scheduled_job_type.run_scheduled_jo..., site='vms.localhost', user='Administrator') (vms.localhost||scheduled_job||r6b0va6b0s)
2026-09-19 16:02:02,162 Successfully completed frappe.utils.background_jobs.execute_job(event=None, is_async=True, job_name='frappe.core.doctype.scheduled_job_type.scheduled_job_type.run_scheduled_jo..., kwargs={'job_type': 'frappe.search.sqlite_search.index_docs_in_queue', 'scheduled_..., method='frappe.core.doctype.scheduled_job_type.scheduled_job_type.run_scheduled_jo..., site='vms.localhost', user='Administrator') job in 0:00:00.252400s on worker 8f6e7a003f094352b9e692f2e18c9408
2026-09-19 16:02:02,162 home-admin-Documents-nesa_projects-erpnext-vms-system-vms-system:default: Job OK (vms.localhost||scheduled_job||r6b0va6b0s)
2026-09-19 16:02:02,162 Result is kept for 600 seconds
2026-09-19 16:02:02,167 home-admin-Documents-nesa_projects-erpnext-vms-system-vms-system:default: frappe.utils.background_jobs.execute_job(event=None, is_async=True, job_name='frappe.core.doctype.scheduled_job_type.scheduled_job_type.run_scheduled_jo..., kwargs={'job_type': 'erpnext.utilities.doctype.video.video.update_youtube_data', '..., method='frappe.core.doctype.scheduled_job_type.scheduled_job_type.run_scheduled_jo..., site='vms.localhost', user='Administrator') (vms.localhost||scheduled_job||4g3ha9os4t)
2026-09-19 16:02:02,511 Successfully completed frappe.utils.background_jobs.execute_job(event=None, is_async=True, job_name='frappe.core.doctype.scheduled_job_type.scheduled_job_type.run_scheduled_jo..., kwargs={'job_type': 'erpnext.utilities.doctype.video.video.update_youtube_data', '..., method='frappe.core.doctype.scheduled_job_type.scheduled_job_type.run_scheduled_jo..., site='vms.localhost', user='Administrator') job in 0:00:00.340250s on worker 8f6e7a003f094352b9e692f2e18c9408
2026-09-19 16:02:02,511 home-admin-Documents-nesa_projects-erpnext-vms-system-vms-system:default: Job OK (vms.localhost||scheduled_job||4g3ha9os4t)
2026-09-19 16:02:02,511 Result is kept for 600 seconds
2026-09-19 16:02:02,520 home-admin-Documents-nesa_projects-erpnext-vms-system-vms-system:default: frappe.utils.background_jobs.execute_job(event=None, is_async=True, job_name='frappe.core.doctype.scheduled_job_type.scheduled_job_type.run_scheduled_jo..., kwargs={'job_type': 'erpnext.projects.doctype.project.project.collect_project_stat..., method='frappe.core.doctype.scheduled_job_type.scheduled_job_type.run_scheduled_jo..., site='vms.localhost', user='Administrator') (vms.localhost||scheduled_job||4g3sthg2i3)
2026-09-19 16:02:02,822 Successfully completed frappe.utils.background_jobs.execute_job(event=None, is_async=True, job_name='frappe.core.doctype.scheduled_job_type.scheduled_job_type.run_scheduled_jo..., kwargs={'job_type': 'erpnext.projects.doctype.project.project.collect_project_stat..., method='frappe.core.doctype.scheduled_job_type.scheduled_job_type.run_scheduled_jo..., site='vms.localhost', user='Administrator') job in 0:00:00.297877s on worker 8f6e7a003f094352b9e692f2e18c9408
2026-09-19 16:02:02,822 home-admin-Documents-nesa_projects-erpnext-vms-system-vms-system:default: Job OK (vms.localhost||scheduled_job||4g3sthg2i3)
2026-09-19 16:02:02,822 Result is kept for 600 seconds
2026-09-19 16:02:02,828 home-admin-Documents-nesa_projects-erpnext-vms-system-vms-system:default: frappe.utils.background_jobs.execute_job(event=None, is_async=True, job_name='frappe.core.doctype.scheduled_job_type.scheduled_job_type.run_scheduled_jo..., kwargs={'job_type': 'frappe.email.queue.retry_sending_emails', 'scheduled_job_type..., method='frappe.core.doctype.scheduled_job_type.scheduled_job_type.run_scheduled_jo..., site='vms.localhost', user='Administrator') (vms.localhost||scheduled_job||r6cfjq81g8)
2026-09-19 16:02:03,097 Successfully completed frappe.utils.background_jobs.execute_job(event=None, is_async=True, job_name='frappe.core.doctype.scheduled_job_type.scheduled_job_type.run_scheduled_jo..., kwargs={'job_type': 'frappe.email.queue.retry_sending_emails', 'scheduled_job_type..., method='frappe.core.doctype.scheduled_job_type.scheduled_job_type.run_scheduled_jo..., site='vms.localhost', user='Administrator') job in 0:00:00.265389s on worker 8f6e7a003f094352b9e692f2e18c9408
2026-09-19 16:02:03,097 home-admin-Documents-nesa_projects-erpnext-vms-system-vms-system:default: Job OK (vms.localhost||scheduled_job||r6cfjq81g8)
2026-09-19 16:02:03,097 Result is kept for 600 seconds
2026-09-19 16:02:03,102 home-admin-Documents-nesa_projects-erpnext-vms-system-vms-system:default: frappe.utils.background_jobs.execute_job(event=None, is_async=True, job_name='frappe.core.doctype.scheduled_job_type.scheduled_job_type.run_scheduled_jo..., kwargs={'job_type': 'frappe.model.utils.link_count.update_link_count', 'scheduled_..., method='frappe.core.doctype.scheduled_job_type.scheduled_job_type.run_scheduled_jo..., site='vms.localhost', user='Administrator') (vms.localhost||scheduled_job||r6c53eaod6)
2026-09-19 16:02:03,319 Successfully completed frappe.utils.background_jobs.execute_job(event=None, is_async=True, job_name='frappe.core.doctype.scheduled_job_type.scheduled_job_type.run_scheduled_jo..., kwargs={'job_type': 'frappe.model.utils.link_count.update_link_count', 'scheduled_..., method='frappe.core.doctype.scheduled_job_type.scheduled_job_type.run_scheduled_jo..., site='vms.localhost', user='Administrator') job in 0:00:00.213391s on worker 8f6e7a003f094352b9e692f2e18c9408
2026-09-19 16:02:03,319 home-admin-Documents-nesa_projects-erpnext-vms-system-vms-system:default: Job OK (vms.localhost||scheduled_job||r6c53eaod6)
2026-09-19 16:02:03,319 Result is kept for 600 seconds
2026-09-19 16:02:03,325 home-admin-Documents-nesa_projects-erpnext-vms-system-vms-system:default: frappe.utils.background_jobs.execute_job(event=None, is_async=True, job_name='frappe.core.doctype.scheduled_job_type.scheduled_job_type.run_scheduled_jo..., kwargs={'job_type': 'frappe.email.doctype.email_account.email_account.notify_unrep..., method='frappe.core.doctype.scheduled_job_type.scheduled_job_type.run_scheduled_jo..., site='vms.localhost', user='Administrator') (vms.localhost||scheduled_job||r6c7qkd882)
2026-09-19 16:02:03,556 Successfully completed frappe.utils.background_jobs.execute_job(event=None, is_async=True, job_name='frappe.core.doctype.scheduled_job_type.scheduled_job_type.run_scheduled_jo..., kwargs={'job_type': 'frappe.email.doctype.email_account.email_account.notify_unrep..., method='frappe.core.doctype.scheduled_job_type.scheduled_job_type.run_scheduled_jo..., site='vms.localhost', user='Administrator') job in 0:00:00.227856s on worker 8f6e7a003f094352b9e692f2e18c9408
2026-09-19 16:02:03,556 home-admin-Documents-nesa_projects-erpnext-vms-system-vms-system:default: Job OK (vms.localhost||scheduled_job||r6c7qkd882)
2026-09-19 16:02:03,556 Result is kept for 600 seconds
2026-09-19 16:02:03,561 home-admin-Documents-nesa_projects-erpnext-vms-system-vms-system:default: frappe.utils.background_jobs.execute_job(event=None, is_async=True, job_name='frappe.core.doctype.scheduled_job_type.scheduled_job_type.run_scheduled_jo..., kwargs={'job_type': 'frappe.automation_engine.scheduler.process_cron', 'scheduled_..., method='frappe.core.doctype.scheduled_job_type.scheduled_job_type.run_scheduled_jo..., site='vms.localhost', user='Administrator') (vms.localhost||scheduled_job||r6c7imf2kv)
2026-09-19 16:02:03,798 Successfully completed frappe.utils.background_jobs.execute_job(event=None, is_async=True, job_name='frappe.core.doctype.scheduled_job_type.scheduled_job_type.run_scheduled_jo..., kwargs={'job_type': 'frappe.automation_engine.scheduler.process_cron', 'scheduled_..., method='frappe.core.doctype.scheduled_job_type.scheduled_job_type.run_scheduled_jo..., site='vms.localhost', user='Administrator') job in 0:00:00.233588s on worker 8f6e7a003f094352b9e692f2e18c9408
2026-09-19 16:02:03,798 home-admin-Documents-nesa_projects-erpnext-vms-system-vms-system:default: Job OK (vms.localhost||scheduled_job||r6c7imf2kv)
2026-09-19 16:02:03,798 Result is kept for 600 seconds
2026-09-19 16:02:03,804 home-admin-Documents-nesa_projects-erpnext-vms-system-vms-system:default: frappe.utils.background_jobs.execute_job(event=None, is_async=True, job_name='frappe.core.doctype.scheduled_job_type.scheduled_job_type.run_scheduled_jo..., kwargs={'job_type': 'frappe.utils.telemetry.pulse.client.send_queued_events', 'sch..., method='frappe.core.doctype.scheduled_job_type.scheduled_job_type.run_scheduled_jo..., site='vms.localhost', user='Administrator') (vms.localhost||scheduled_job||r6cjuaehis)
2026-09-19 16:02:04,021 Successfully completed frappe.utils.background_jobs.execute_job(event=None, is_async=True, job_name='frappe.core.doctype.scheduled_job_type.scheduled_job_type.run_scheduled_jo..., kwargs={'job_type': 'frappe.utils.telemetry.pulse.client.send_queued_events', 'sch..., method='frappe.core.doctype.scheduled_job_type.scheduled_job_type.run_scheduled_jo..., site='vms.localhost', user='Administrator') job in 0:00:00.213980s on worker 8f6e7a003f094352b9e692f2e18c9408
2026-09-19 16:02:04,021 home-admin-Documents-nesa_projects-erpnext-vms-system-vms-system:default: Job OK (vms.localhost||scheduled_job||r6cjuaehis)
2026-09-19 16:02:04,021 Result is kept for 600 seconds
2026-09-19 16:02:04,026 home-admin-Documents-nesa_projects-erpnext-vms-system-vms-system:default: frappe.utils.background_jobs.execute_job(event=None, is_async=True, job_name='frappe.core.doctype.scheduled_job_type.scheduled_job_type.run_scheduled_jo..., kwargs={'job_type': 'frappe.automation_engine.scheduler.process_date_based', 'sche..., method='frappe.core.doctype.scheduled_job_type.scheduled_job_type.run_scheduled_jo..., site='vms.localhost', user='Administrator') (vms.localhost||scheduled_job||r6ce7rv75u)
2026-09-19 16:02:04,281 Successfully completed frappe.utils.background_jobs.execute_job(event=None, is_async=True, job_name='frappe.core.doctype.scheduled_job_type.scheduled_job_type.run_scheduled_jo..., kwargs={'job_type': 'frappe.automation_engine.scheduler.process_date_based', 'sche..., method='frappe.core.doctype.scheduled_job_type.scheduled_job_type.run_scheduled_jo..., site='vms.localhost', user='Administrator') job in 0:00:00.251037s on worker 8f6e7a003f094352b9e692f2e18c9408
2026-09-19 16:02:04,281 home-admin-Documents-nesa_projects-erpnext-vms-system-vms-system:default: Job OK (vms.localhost||scheduled_job||r6ce7rv75u)
2026-09-19 16:02:04,281 Result is kept for 600 seconds
2026-09-19 16:02:04,286 home-admin-Documents-nesa_projects-erpnext-vms-system-vms-system:default: frappe.utils.background_jobs.execute_job(event=None, is_async=True, job_name='frappe.core.doctype.scheduled_job_type.scheduled_job_type.run_scheduled_jo..., kwargs={'job_type': 'erpnext.projects.doctype.project.project.project_status_updat..., method='frappe.core.doctype.scheduled_job_type.scheduled_job_type.run_scheduled_jo..., site='vms.localhost', user='Administrator') (vms.localhost||scheduled_job||4g30rrstq8)
2026-09-19 16:02:04,546 Successfully completed frappe.utils.background_jobs.execute_job(event=None, is_async=True, job_name='frappe.core.doctype.scheduled_job_type.scheduled_job_type.run_scheduled_jo..., kwargs={'job_type': 'erpnext.projects.doctype.project.project.project_status_updat..., method='frappe.core.doctype.scheduled_job_type.scheduled_job_type.run_scheduled_jo..., site='vms.localhost', user='Administrator') job in 0:00:00.255712s on worker 8f6e7a003f094352b9e692f2e18c9408
2026-09-19 16:02:04,546 home-admin-Documents-nesa_projects-erpnext-vms-system-vms-system:default: Job OK (vms.localhost||scheduled_job||4g30rrstq8)
2026-09-19 16:02:04,546 Result is kept for 600 seconds
2026-09-19 16:02:04,551 home-admin-Documents-nesa_projects-erpnext-vms-system-vms-system:default: frappe.utils.background_jobs.execute_job(event=None, is_async=True, job_name='frappe.core.doctype.scheduled_job_type.scheduled_job_type.run_scheduled_jo..., kwargs={'job_type': 'frappe.email.queue.flush', 'scheduled_job_type': 'r6cffmj05i'..., method='frappe.core.doctype.scheduled_job_type.scheduled_job_type.run_scheduled_jo..., site='vms.localhost', user='Administrator') (vms.localhost||scheduled_job||r6cffmj05i)
2026-09-19 16:02:04,795 Successfully completed frappe.utils.background_jobs.execute_job(event=None, is_async=True, job_name='frappe.core.doctype.scheduled_job_type.scheduled_job_type.run_scheduled_jo..., kwargs={'job_type': 'frappe.email.queue.flush', 'scheduled_job_type': 'r6cffmj05i'..., method='frappe.core.doctype.scheduled_job_type.scheduled_job_type.run_scheduled_jo..., site='vms.localhost', user='Administrator') job in 0:00:00.240672s on worker 8f6e7a003f094352b9e692f2e18c9408
2026-09-19 16:02:04,795 home-admin-Documents-nesa_projects-erpnext-vms-system-vms-system:default: Job OK (vms.localhost||scheduled_job||r6cffmj05i)
2026-09-19 16:02:04,795 Result is kept for 600 seconds
2026-09-19 16:02:04,801 home-admin-Documents-nesa_projects-erpnext-vms-system-vms-system:default: frappe.utils.background_jobs.execute_job(event=None, is_async=True, job_name='frappe.core.doctype.scheduled_job_type.scheduled_job_type.run_scheduled_jo..., kwargs={'job_type': 'erpnext.accounts.doctype.process_payment_reconciliation.proce..., method='frappe.core.doctype.scheduled_job_type.scheduled_job_type.run_scheduled_jo..., site='vms.localhost', user='Administrator') (vms.localhost||scheduled_job||4g2jtms1sc)
2026-09-19 16:02:05,045 Successfully completed frappe.utils.background_jobs.execute_job(event=None, is_async=True, job_name='frappe.core.doctype.scheduled_job_type.scheduled_job_type.run_scheduled_jo..., kwargs={'job_type': 'erpnext.accounts.doctype.process_payment_reconciliation.proce..., method='frappe.core.doctype.scheduled_job_type.scheduled_job_type.run_scheduled_jo..., site='vms.localhost', user='Administrator') job in 0:00:00.239006s on worker 8f6e7a003f094352b9e692f2e18c9408
2026-09-19 16:02:05,045 home-admin-Documents-nesa_projects-erpnext-vms-system-vms-system:default: Job OK (vms.localhost||scheduled_job||4g2jtms1sc)
2026-09-19 16:02:05,045 Result is kept for 600 seconds
2026-09-19 16:02:05,051 home-admin-Documents-nesa_projects-erpnext-vms-system-vms-system:default: frappe.utils.background_jobs.execute_job(event=None, is_async=True, job_name='frappe.core.doctype.scheduled_job_type.scheduled_job_type.run_scheduled_jo..., kwargs={'job_type': 'frappe.automation.doctype.reminder.reminder.send_reminders', ..., method='frappe.core.doctype.scheduled_job_type.scheduled_job_type.run_scheduled_jo..., site='vms.localhost', user='Administrator') (vms.localhost||scheduled_job||r6cm239u8l)
2026-09-19 16:02:05,296 Successfully completed frappe.utils.background_jobs.execute_job(event=None, is_async=True, job_name='frappe.core.doctype.scheduled_job_type.scheduled_job_type.run_scheduled_jo..., kwargs={'job_type': 'frappe.automation.doctype.reminder.reminder.send_reminders', ..., method='frappe.core.doctype.scheduled_job_type.scheduled_job_type.run_scheduled_jo..., site='vms.localhost', user='Administrator') job in 0:00:00.240726s on worker 8f6e7a003f094352b9e692f2e18c9408
2026-09-19 16:02:05,296 home-admin-Documents-nesa_projects-erpnext-vms-system-vms-system:default: Job OK (vms.localhost||scheduled_job||r6cm239u8l)
2026-09-19 16:02:05,296 Result is kept for 600 seconds
2026-09-19 16:02:05,301 home-admin-Documents-nesa_projects-erpnext-vms-system-vms-system:default: frappe.utils.background_jobs.execute_job(event=None, is_async=True, job_name='frappe.core.doctype.scheduled_job_type.scheduled_job_type.run_scheduled_jo..., kwargs={'job_type': 'frappe.deferred_insert.save_to_db', 'scheduled_job_type': 'r6..., method='frappe.core.doctype.scheduled_job_type.scheduled_job_type.run_scheduled_jo..., site='vms.localhost', user='Administrator') (vms.localhost||scheduled_job||r6c93pvb5c)
2026-09-19 16:02:05,561 Successfully completed frappe.utils.background_jobs.execute_job(event=None, is_async=True, job_name='frappe.core.doctype.scheduled_job_type.scheduled_job_type.run_scheduled_jo..., kwargs={'job_type': 'frappe.deferred_insert.save_to_db', 'scheduled_job_type': 'r6..., method='frappe.core.doctype.scheduled_job_type.scheduled_job_type.run_scheduled_jo..., site='vms.localhost', user='Administrator') job in 0:00:00.256736s on worker 8f6e7a003f094352b9e692f2e18c9408
2026-09-19 16:02:05,562 home-admin-Documents-nesa_projects-erpnext-vms-system-vms-system:default: Job OK (vms.localhost||scheduled_job||r6c93pvb5c)
2026-09-19 16:02:05,562 Result is kept for 600 seconds
2026-09-19 16:02:05,566 home-admin-Documents-nesa_projects-erpnext-vms-system-vms-system:default: frappe.utils.background_jobs.execute_job(event=None, is_async=True, job_name='frappe.core.doctype.scheduled_job_type.scheduled_job_type.run_scheduled_jo..., kwargs={'job_type': 'frappe.integrations.doctype.webhook.webhook.retry_failed_webh..., method='frappe.core.doctype.scheduled_job_type.scheduled_job_type.run_scheduled_jo..., site='vms.localhost', user='Administrator') (vms.localhost||scheduled_job||r6bem02261)
2026-09-19 16:02:05,806 Successfully completed frappe.utils.background_jobs.execute_job(event=None, is_async=True, job_name='frappe.core.doctype.scheduled_job_type.scheduled_job_type.run_scheduled_jo..., kwargs={'job_type': 'frappe.integrations.doctype.webhook.webhook.retry_failed_webh..., method='frappe.core.doctype.scheduled_job_type.scheduled_job_type.run_scheduled_jo..., site='vms.localhost', user='Administrator') job in 0:00:00.235961s on worker 8f6e7a003f094352b9e692f2e18c9408
2026-09-19 16:02:05,806 home-admin-Documents-nesa_projects-erpnext-vms-system-vms-system:default: Job OK (vms.localhost||scheduled_job||r6bem02261)
2026-09-19 16:02:05,806 Result is kept for 600 seconds
2026-09-19 16:02:05,811 home-admin-Documents-nesa_projects-erpnext-vms-system-vms-system:default: frappe.utils.background_jobs.execute_job(event=None, is_async=True, job_name='frappe.core.doctype.scheduled_job_type.scheduled_job_type.run_scheduled_jo..., kwargs={'job_type': 'erpnext.manufacturing.doctype.bom_update_log.bom_update_log.r..., method='frappe.core.doctype.scheduled_job_type.scheduled_job_type.run_scheduled_jo..., site='vms.localhost', user='Administrator') (vms.localhost||scheduled_job||4g2rahgf4c)
2026-09-19 16:02:06,050 Successfully completed frappe.utils.background_jobs.execute_job(event=None, is_async=True, job_name='frappe.core.doctype.scheduled_job_type.scheduled_job_type.run_scheduled_jo..., kwargs={'job_type': 'erpnext.manufacturing.doctype.bom_update_log.bom_update_log.r..., method='frappe.core.doctype.scheduled_job_type.scheduled_job_type.run_scheduled_jo..., site='vms.localhost', user='Administrator') job in 0:00:00.234961s on worker 8f6e7a003f094352b9e692f2e18c9408
2026-09-19 16:02:06,050 home-admin-Documents-nesa_projects-erpnext-vms-system-vms-system:default: Job OK (vms.localhost||scheduled_job||4g2rahgf4c)
2026-09-19 16:02:06,050 Result is kept for 600 seconds
2026-09-19 16:02:06,054 home-admin-Documents-nesa_projects-erpnext-vms-system-vms-system:default: frappe.utils.background_jobs.execute_job(event=None, is_async=True, job_name='frappe.core.doctype.scheduled_job_type.scheduled_job_type.run_scheduled_jo..., kwargs={'job_type': 'frappe.integrations.doctype.google_calendar.google_calendar.s..., method='frappe.core.doctype.scheduled_job_type.scheduled_job_type.run_scheduled_jo..., site='vms.localhost', user='Administrator') (vms.localhost||scheduled_job||r6cgbuk2q9)
2026-09-19 16:02:06,295 Successfully completed frappe.utils.background_jobs.execute_job(event=None, is_async=True, job_name='frappe.core.doctype.scheduled_job_type.scheduled_job_type.run_scheduled_jo..., kwargs={'job_type': 'frappe.integrations.doctype.google_calendar.google_calendar.s..., method='frappe.core.doctype.scheduled_job_type.scheduled_job_type.run_scheduled_jo..., site='vms.localhost', user='Administrator') job in 0:00:00.236801s on worker 8f6e7a003f094352b9e692f2e18c9408
2026-09-19 16:02:06,295 home-admin-Documents-nesa_projects-erpnext-vms-system-vms-system:default: Job OK (vms.localhost||scheduled_job||r6cgbuk2q9)
2026-09-19 16:02:06,295 Result is kept for 600 seconds
2026-09-19 16:02:06,300 home-admin-Documents-nesa_projects-erpnext-vms-system-vms-system:default: frappe.utils.background_jobs.execute_job(event=None, is_async=True, job_name='frappe.core.doctype.scheduled_job_type.scheduled_job_type.run_scheduled_jo..., kwargs={'job_type': 'erpnext.projects.doctype.project.project.hourly_reminder', 's..., method='frappe.core.doctype.scheduled_job_type.scheduled_job_type.run_scheduled_jo..., site='vms.localhost', user='Administrator') (vms.localhost||scheduled_job||4g3u4frco7)
2026-09-19 16:02:06,575 Successfully completed frappe.utils.background_jobs.execute_job(event=None, is_async=True, job_name='frappe.core.doctype.scheduled_job_type.scheduled_job_type.run_scheduled_jo..., kwargs={'job_type': 'erpnext.projects.doctype.project.project.hourly_reminder', 's..., method='frappe.core.doctype.scheduled_job_type.scheduled_job_type.run_scheduled_jo..., site='vms.localhost', user='Administrator') job in 0:00:00.271120s on worker 8f6e7a003f094352b9e692f2e18c9408
2026-09-19 16:02:06,575 home-admin-Documents-nesa_projects-erpnext-vms-system-vms-system:default: Job OK (vms.localhost||scheduled_job||4g3u4frco7)
2026-09-19 16:02:06,575 Result is kept for 600 seconds
2026-09-19 16:02:06,580 home-admin-Documents-nesa_projects-erpnext-vms-system-vms-system:default: frappe.utils.background_jobs.execute_job(event=None, is_async=True, job_name='frappe.core.doctype.scheduled_job_type.scheduled_job_type.run_scheduled_jo..., kwargs={'job_type': 'frappe.email.doctype.email_account.email_account.pull', 'sche..., method='frappe.core.doctype.scheduled_job_type.scheduled_job_type.run_scheduled_jo..., site='vms.localhost', user='Administrator') (vms.localhost||scheduled_job||r6co2s6eeh)
2026-09-19 16:02:06,829 Successfully completed frappe.utils.background_jobs.execute_job(event=None, is_async=True, job_name='frappe.core.doctype.scheduled_job_type.scheduled_job_type.run_scheduled_jo..., kwargs={'job_type': 'frappe.email.doctype.email_account.email_account.pull', 'sche..., method='frappe.core.doctype.scheduled_job_type.scheduled_job_type.run_scheduled_jo..., site='vms.localhost', user='Administrator') job in 0:00:00.244398s on worker 8f6e7a003f094352b9e692f2e18c9408
2026-09-19 16:02:06,829 home-admin-Documents-nesa_projects-erpnext-vms-system-vms-system:default: Job OK (vms.localhost||scheduled_job||r6co2s6eeh)
2026-09-19 16:02:06,829 Result is kept for 600 seconds
2026-09-19 16:02:06,835 home-admin-Documents-nesa_projects-erpnext-vms-system-vms-system:default: frappe.utils.background_jobs.execute_job(event=None, is_async=True, job_name='frappe.core.doctype.scheduled_job_type.scheduled_job_type.run_scheduled_jo..., kwargs={'job_type': 'frappe.email.doctype.notification.notification.trigger_offset..., method='frappe.core.doctype.scheduled_job_type.scheduled_job_type.run_scheduled_jo..., site='vms.localhost', user='Administrator') (vms.localhost||scheduled_job||r6bmsv0n1c)
2026-09-19 16:02:07,062 Successfully completed frappe.utils.background_jobs.execute_job(event=None, is_async=True, job_name='frappe.core.doctype.scheduled_job_type.scheduled_job_type.run_scheduled_jo..., kwargs={'job_type': 'frappe.email.doctype.notification.notification.trigger_offset..., method='frappe.core.doctype.scheduled_job_type.scheduled_job_type.run_scheduled_jo..., site='vms.localhost', user='Administrator') job in 0:00:00.223400s on worker 8f6e7a003f094352b9e692f2e18c9408
2026-09-19 16:02:07,062 home-admin-Documents-nesa_projects-erpnext-vms-system-vms-system:default: Job OK (vms.localhost||scheduled_job||r6bmsv0n1c)
2026-09-19 16:02:07,062 Result is kept for 600 seconds
2026-09-19 16:02:07,068 home-admin-Documents-nesa_projects-erpnext-vms-system-vms-system:default: frappe.utils.background_jobs.execute_job(event=None, is_async=True, job_name='frappe.core.doctype.user.user.create_contact', kwargs={'user': <User: doctype=User testuser@domain.com>, 'ignore_mandatory': True..., method='frappe.core.doctype.user.user.create_contact', site='vms.localhost', user='Guest') (vms.localhost||c32c6f98-984b-48fd-95f8-83a45eed9d28)
2026-09-19 16:02:07,324 Successfully completed frappe.utils.background_jobs.execute_job(event=None, is_async=True, job_name='frappe.core.doctype.user.user.create_contact', kwargs={'user': <User: doctype=User testuser@domain.com>, 'ignore_mandatory': True..., method='frappe.core.doctype.user.user.create_contact', site='vms.localhost', user='Guest') job in 0:00:00.220575s on worker 8f6e7a003f094352b9e692f2e18c9408
2026-09-19 16:02:07,324 home-admin-Documents-nesa_projects-erpnext-vms-system-vms-system:default: Job OK (vms.localhost||c32c6f98-984b-48fd-95f8-83a45eed9d28)
2026-09-19 16:02:07,324 Result is kept for 600 seconds
2026-09-19 16:02:07,330 home-admin-Documents-nesa_projects-erpnext-vms-system-vms-system:long: frappe.utils.background_jobs.execute_job(event=None, is_async=True, job_name='frappe.core.doctype.scheduled_job_type.scheduled_job_type.run_scheduled_jo..., kwargs={'job_type': 'frappe.website.doctype.web_page.web_page.check_publish_status..., method='frappe.core.doctype.scheduled_job_type.scheduled_job_type.run_scheduled_jo..., site='vms.localhost', user='Administrator') (vms.localhost||scheduled_job||r6cds5tma7)
2026-09-19 16:02:07,588 Successfully completed frappe.utils.background_jobs.execute_job(event=None, is_async=True, job_name='frappe.core.doctype.scheduled_job_type.scheduled_job_type.run_scheduled_jo..., kwargs={'job_type': 'frappe.website.doctype.web_page.web_page.check_publish_status..., method='frappe.core.doctype.scheduled_job_type.scheduled_job_type.run_scheduled_jo..., site='vms.localhost', user='Administrator') job in 0:00:00.254451s on worker 8f6e7a003f094352b9e692f2e18c9408
2026-09-19 16:02:07,588 home-admin-Documents-nesa_projects-erpnext-vms-system-vms-system:long: Job OK (vms.localhost||scheduled_job||r6cds5tma7)
2026-09-19 16:02:07,588 Result is kept for 600 seconds
2026-09-19 16:02:07,594 home-admin-Documents-nesa_projects-erpnext-vms-system-vms-system:long: frappe.utils.background_jobs.execute_job(event=None, is_async=True, job_name='frappe.core.doctype.scheduled_job_type.scheduled_job_type.run_scheduled_jo..., kwargs={'job_type': 'frappe.oauth.delete_oauth2_data', 'scheduled_job_type': 'r6cc..., method='frappe.core.doctype.scheduled_job_type.scheduled_job_type.run_scheduled_jo..., site='vms.localhost', user='Administrator') (vms.localhost||scheduled_job||r6ccc3ekno)
2026-09-19 16:02:07,846 Successfully completed frappe.utils.background_jobs.execute_job(event=None, is_async=True, job_name='frappe.core.doctype.scheduled_job_type.scheduled_job_type.run_scheduled_jo..., kwargs={'job_type': 'frappe.oauth.delete_oauth2_data', 'scheduled_job_type': 'r6cc..., method='frappe.core.doctype.scheduled_job_type.scheduled_job_type.run_scheduled_jo..., site='vms.localhost', user='Administrator') job in 0:00:00.247989s on worker 8f6e7a003f094352b9e692f2e18c9408
2026-09-19 16:02:07,846 home-admin-Documents-nesa_projects-erpnext-vms-system-vms-system:long: Job OK (vms.localhost||scheduled_job||r6ccc3ekno)
2026-09-19 16:02:07,846 Result is kept for 600 seconds
2026-09-19 16:02:07,852 home-admin-Documents-nesa_projects-erpnext-vms-system-vms-system:long: frappe.utils.background_jobs.execute_job(event=None, is_async=True, job_name='frappe.core.doctype.scheduled_job_type.scheduled_job_type.run_scheduled_jo..., kwargs={'job_type': 'erpnext.utilities.bulk_transaction.retry', 'scheduled_job_typ..., method='frappe.core.doctype.scheduled_job_type.scheduled_job_type.run_scheduled_jo..., site='vms.localhost', user='Administrator') (vms.localhost||scheduled_job||4g448ru8j0)
2026-09-19 16:02:08,104 Successfully completed frappe.utils.background_jobs.execute_job(event=None, is_async=True, job_name='frappe.core.doctype.scheduled_job_type.scheduled_job_type.run_scheduled_jo..., kwargs={'job_type': 'erpnext.utilities.bulk_transaction.retry', 'scheduled_job_typ..., method='frappe.core.doctype.scheduled_job_type.scheduled_job_type.run_scheduled_jo..., site='vms.localhost', user='Administrator') job in 0:00:00.247880s on worker 8f6e7a003f094352b9e692f2e18c9408
2026-09-19 16:02:08,104 home-admin-Documents-nesa_projects-erpnext-vms-system-vms-system:long: Job OK (vms.localhost||scheduled_job||4g448ru8j0)
2026-09-19 16:02:08,104 Result is kept for 600 seconds
2026-09-19 16:02:08,110 home-admin-Documents-nesa_projects-erpnext-vms-system-vms-system:long: frappe.utils.background_jobs.execute_job(event=None, is_async=True, job_name='frappe.core.doctype.scheduled_job_type.scheduled_job_type.run_scheduled_jo..., kwargs={'job_type': 'frappe.website.doctype.personal_data_deletion_request.persona..., method='frappe.core.doctype.scheduled_job_type.scheduled_job_type.run_scheduled_jo..., site='vms.localhost', user='Administrator') (vms.localhost||scheduled_job||r6c4eechub)
2026-09-19 16:02:08,368 Successfully completed frappe.utils.background_jobs.execute_job(event=None, is_async=True, job_name='frappe.core.doctype.scheduled_job_type.scheduled_job_type.run_scheduled_jo..., kwargs={'job_type': 'frappe.website.doctype.personal_data_deletion_request.persona..., method='frappe.core.doctype.scheduled_job_type.scheduled_job_type.run_scheduled_jo..., site='vms.localhost', user='Administrator') job in 0:00:00.253404s on worker 8f6e7a003f094352b9e692f2e18c9408
2026-09-19 16:02:08,368 home-admin-Documents-nesa_projects-erpnext-vms-system-vms-system:long: Job OK (vms.localhost||scheduled_job||r6c4eechub)
2026-09-19 16:02:08,368 Result is kept for 600 seconds
2026-09-19 16:02:08,374 home-admin-Documents-nesa_projects-erpnext-vms-system-vms-system:long: frappe.utils.background_jobs.execute_job(event=None, is_async=True, job_name='frappe.core.doctype.scheduled_job_type.scheduled_job_type.run_scheduled_jo..., kwargs={'job_type': 'frappe.twofactor.delete_all_barcodes_for_users', 'scheduled_j..., method='frappe.core.doctype.scheduled_job_type.scheduled_job_type.run_scheduled_jo..., site='vms.localhost', user='Administrator') (vms.localhost||scheduled_job||r6ct8tl6r9)
2026-09-19 16:02:08,619 Successfully completed frappe.utils.background_jobs.execute_job(event=None, is_async=True, job_name='frappe.core.doctype.scheduled_job_type.scheduled_job_type.run_scheduled_jo..., kwargs={'job_type': 'frappe.twofactor.delete_all_barcodes_for_users', 'scheduled_j..., method='frappe.core.doctype.scheduled_job_type.scheduled_job_type.run_scheduled_jo..., site='vms.localhost', user='Administrator') job in 0:00:00.241532s on worker 8f6e7a003f094352b9e692f2e18c9408
2026-09-19 16:02:08,619 home-admin-Documents-nesa_projects-erpnext-vms-system-vms-system:long: Job OK (vms.localhost||scheduled_job||r6ct8tl6r9)
2026-09-19 16:02:08,619 Result is kept for 600 seconds
2026-09-19 16:02:08,625 home-admin-Documents-nesa_projects-erpnext-vms-system-vms-system:long: frappe.utils.background_jobs.execute_job(event=None, is_async=True, job_name='frappe.core.doctype.scheduled_job_type.scheduled_job_type.run_scheduled_jo..., kwargs={'job_type': 'frappe.desk.page.backups.backups.delete_downloadable_backups'..., method='frappe.core.doctype.scheduled_job_type.scheduled_job_type.run_scheduled_jo..., site='vms.localhost', user='Administrator') (vms.localhost||scheduled_job||r6cd660nsm)
2026-09-19 16:02:08,870 Successfully completed frappe.utils.background_jobs.execute_job(event=None, is_async=True, job_name='frappe.core.doctype.scheduled_job_type.scheduled_job_type.run_scheduled_jo..., kwargs={'job_type': 'frappe.desk.page.backups.backups.delete_downloadable_backups'..., method='frappe.core.doctype.scheduled_job_type.scheduled_job_type.run_scheduled_jo..., site='vms.localhost', user='Administrator') job in 0:00:00.241526s on worker 8f6e7a003f094352b9e692f2e18c9408
2026-09-19 16:02:08,870 home-admin-Documents-nesa_projects-erpnext-vms-system-vms-system:long: Job OK (vms.localhost||scheduled_job||r6cd660nsm)
2026-09-19 16:02:08,870 Result is kept for 600 seconds
2026-09-19 16:02:08,875 home-admin-Documents-nesa_projects-erpnext-vms-system-vms-system:long: frappe.utils.background_jobs.execute_job(event=None, is_async=True, job_name='frappe.core.doctype.scheduled_job_type.scheduled_job_type.run_scheduled_jo..., kwargs={'job_type': 'frappe.model.utils.user_settings.sync_user_settings', 'schedu..., method='frappe.core.doctype.scheduled_job_type.scheduled_job_type.run_scheduled_jo..., site='vms.localhost', user='Administrator') (vms.localhost||scheduled_job||r6ciceoctm)
2026-09-19 16:02:09,134 Successfully completed frappe.utils.background_jobs.execute_job(event=None, is_async=True, job_name='frappe.core.doctype.scheduled_job_type.scheduled_job_type.run_scheduled_jo..., kwargs={'job_type': 'frappe.model.utils.user_settings.sync_user_settings', 'schedu..., method='frappe.core.doctype.scheduled_job_type.scheduled_job_type.run_scheduled_jo..., site='vms.localhost', user='Administrator') job in 0:00:00.254350s on worker 8f6e7a003f094352b9e692f2e18c9408
2026-09-19 16:02:09,135 home-admin-Documents-nesa_projects-erpnext-vms-system-vms-system:long: Job OK (vms.localhost||scheduled_job||r6ciceoctm)
2026-09-19 16:02:09,135 Result is kept for 600 seconds
2026-09-19 16:02:09,142 home-admin-Documents-nesa_projects-erpnext-vms-system-vms-system:long: frappe.utils.background_jobs.execute_job(event=None, is_async=True, job_name='frappe.core.doctype.scheduled_job_type.scheduled_job_type.run_scheduled_jo..., kwargs={'job_type': 'frappe.desk.utils.delete_old_exported_report_files', 'schedul..., method='frappe.core.doctype.scheduled_job_type.scheduled_job_type.run_scheduled_jo..., site='vms.localhost', user='Administrator') (vms.localhost||scheduled_job||r6cvardqcc)
2026-09-19 16:02:09,401 Successfully completed frappe.utils.background_jobs.execute_job(event=None, is_async=True, job_name='frappe.core.doctype.scheduled_job_type.scheduled_job_type.run_scheduled_jo..., kwargs={'job_type': 'frappe.desk.utils.delete_old_exported_report_files', 'schedul..., method='frappe.core.doctype.scheduled_job_type.scheduled_job_type.run_scheduled_jo..., site='vms.localhost', user='Administrator') job in 0:00:00.253297s on worker 8f6e7a003f094352b9e692f2e18c9408
2026-09-19 16:02:09,401 home-admin-Documents-nesa_projects-erpnext-vms-system-vms-system:long: Job OK (vms.localhost||scheduled_job||r6cvardqcc)
2026-09-19 16:02:09,401 Result is kept for 600 seconds
2026-09-19 16:02:09,408 home-admin-Documents-nesa_projects-erpnext-vms-system-vms-system:long: frappe.utils.background_jobs.execute_job(event=None, is_async=True, job_name='frappe.core.doctype.scheduled_job_type.scheduled_job_type.run_scheduled_jo..., kwargs={'job_type': 'frappe.desk.form.document_follow.send_hourly_updates', 'sched..., method='frappe.core.doctype.scheduled_job_type.scheduled_job_type.run_scheduled_jo..., site='vms.localhost', user='Administrator') (vms.localhost||scheduled_job||r6csg0t6m3)
2026-09-19 16:02:09,649 Successfully completed frappe.utils.background_jobs.execute_job(event=None, is_async=True, job_name='frappe.core.doctype.scheduled_job_type.scheduled_job_type.run_scheduled_jo..., kwargs={'job_type': 'frappe.desk.form.document_follow.send_hourly_updates', 'sched..., method='frappe.core.doctype.scheduled_job_type.scheduled_job_type.run_scheduled_jo..., site='vms.localhost', user='Administrator') job in 0:00:00.235853s on worker 8f6e7a003f094352b9e692f2e18c9408
2026-09-19 16:02:09,649 home-admin-Documents-nesa_projects-erpnext-vms-system-vms-system:long: Job OK (vms.localhost||scheduled_job||r6csg0t6m3)
2026-09-19 16:02:09,649 Result is kept for 600 seconds
2026-09-19 16:02:09,654 home-admin-Documents-nesa_projects-erpnext-vms-system-vms-system:long: frappe.utils.background_jobs.execute_job(event=None, is_async=True, job_name='frappe.core.doctype.scheduled_job_type.scheduled_job_type.run_scheduled_jo..., kwargs={'job_type': 'frappe.core.doctype.prepared_report.prepared_report.expire_st..., method='frappe.core.doctype.scheduled_job_type.scheduled_job_type.run_scheduled_jo..., site='vms.localhost', user='Administrator') (vms.localhost||scheduled_job||r6ctii666v)
2026-09-19 16:02:09,938 Successfully completed frappe.utils.background_jobs.execute_job(event=None, is_async=True, job_name='frappe.core.doctype.scheduled_job_type.scheduled_job_type.run_scheduled_jo..., kwargs={'job_type': 'frappe.core.doctype.prepared_report.prepared_report.expire_st..., method='frappe.core.doctype.scheduled_job_type.scheduled_job_type.run_scheduled_jo..., site='vms.localhost', user='Administrator') job in 0:00:00.280002s on worker 8f6e7a003f094352b9e692f2e18c9408
2026-09-19 16:02:09,938 home-admin-Documents-nesa_projects-erpnext-vms-system-vms-system:long: Job OK (vms.localhost||scheduled_job||r6ctii666v)
2026-09-19 16:02:09,938 Result is kept for 600 seconds
2026-09-19 16:02:09,943 home-admin-Documents-nesa_projects-erpnext-vms-system-vms-system:long: frappe.utils.background_jobs.execute_job(event=None, is_async=True, job_name='frappe.core.doctype.scheduled_job_type.scheduled_job_type.run_scheduled_jo..., kwargs={'job_type': 'erpnext.stock.doctype.repost_item_valuation.repost_item_valua..., method='frappe.core.doctype.scheduled_job_type.scheduled_job_type.run_scheduled_jo..., site='vms.localhost', user='Administrator') (vms.localhost||scheduled_job||4g4iktm5us)
2026-09-19 16:02:10,207 Successfully completed frappe.utils.background_jobs.execute_job(event=None, is_async=True, job_name='frappe.core.doctype.scheduled_job_type.scheduled_job_type.run_scheduled_jo..., kwargs={'job_type': 'erpnext.stock.doctype.repost_item_valuation.repost_item_valua..., method='frappe.core.doctype.scheduled_job_type.scheduled_job_type.run_scheduled_jo..., site='vms.localhost', user='Administrator') job in 0:00:00.259765s on worker 8f6e7a003f094352b9e692f2e18c9408
2026-09-19 16:02:10,207 home-admin-Documents-nesa_projects-erpnext-vms-system-vms-system:long: Job OK (vms.localhost||scheduled_job||4g4iktm5us)
2026-09-19 16:02:10,207 Result is kept for 600 seconds
2026-09-19 16:06:00,963 home-admin-Documents-nesa_projects-erpnext-vms-system-vms-system:default: frappe.utils.background_jobs.execute_job(event=None, is_async=True, job_name='frappe.core.doctype.scheduled_job_type.scheduled_job_type.run_scheduled_jo..., kwargs={'job_type': 'frappe.integrations.doctype.google_calendar.google_calendar.s..., method='frappe.core.doctype.scheduled_job_type.scheduled_job_type.run_scheduled_jo..., site='vms.localhost', user='Administrator') (vms.localhost||scheduled_job||r6cgbuk2q9)
2026-09-19 16:06:01,188 Successfully completed frappe.utils.background_jobs.execute_job(event=None, is_async=True, job_name='frappe.core.doctype.scheduled_job_type.scheduled_job_type.run_scheduled_jo..., kwargs={'job_type': 'frappe.integrations.doctype.google_calendar.google_calendar.s..., method='frappe.core.doctype.scheduled_job_type.scheduled_job_type.run_scheduled_jo..., site='vms.localhost', user='Administrator') job in 0:00:00.220924s on worker 8f6e7a003f094352b9e692f2e18c9408
2026-09-19 16:06:01,189 home-admin-Documents-nesa_projects-erpnext-vms-system-vms-system:default: Job OK (vms.localhost||scheduled_job||r6cgbuk2q9)
2026-09-19 16:06:01,189 Result is kept for 600 seconds
2026-09-19 16:06:01,193 home-admin-Documents-nesa_projects-erpnext-vms-system-vms-system:default: frappe.utils.background_jobs.execute_job(event=None, is_async=True, job_name='frappe.core.doctype.scheduled_job_type.scheduled_job_type.run_scheduled_jo..., kwargs={'job_type': 'frappe.automation_engine.drainer.drain_due', 'scheduled_job_t..., method='frappe.core.doctype.scheduled_job_type.scheduled_job_type.run_scheduled_jo..., site='vms.localhost', user='Administrator') (vms.localhost||scheduled_job||r6cf3826fc)
2026-09-19 16:06:01,421 Successfully completed frappe.utils.background_jobs.execute_job(event=None, is_async=True, job_name='frappe.core.doctype.scheduled_job_type.scheduled_job_type.run_scheduled_jo..., kwargs={'job_type': 'frappe.automation_engine.drainer.drain_due', 'scheduled_job_t..., method='frappe.core.doctype.scheduled_job_type.scheduled_job_type.run_scheduled_jo..., site='vms.localhost', user='Administrator') job in 0:00:00.224002s on worker 8f6e7a003f094352b9e692f2e18c9408
2026-09-19 16:06:01,421 home-admin-Documents-nesa_projects-erpnext-vms-system-vms-system:default: Job OK (vms.localhost||scheduled_job||r6cf3826fc)
2026-09-19 16:06:01,421 Result is kept for 600 seconds
2026-09-19 16:06:01,427 home-admin-Documents-nesa_projects-erpnext-vms-system-vms-system:default: frappe.utils.background_jobs.execute_job(event=None, is_async=True, job_name='frappe.core.doctype.scheduled_job_type.scheduled_job_type.run_scheduled_jo..., kwargs={'job_type': 'frappe.integrations.doctype.webhook.webhook.retry_failed_webh..., method='frappe.core.doctype.scheduled_job_type.scheduled_job_type.run_scheduled_jo..., site='vms.localhost', user='Administrator') (vms.localhost||scheduled_job||r6bem02261)
2026-09-19 16:06:01,665 Successfully completed frappe.utils.background_jobs.execute_job(event=None, is_async=True, job_name='frappe.core.doctype.scheduled_job_type.scheduled_job_type.run_scheduled_jo..., kwargs={'job_type': 'frappe.integrations.doctype.webhook.webhook.retry_failed_webh..., method='frappe.core.doctype.scheduled_job_type.scheduled_job_type.run_scheduled_jo..., site='vms.localhost', user='Administrator') job in 0:00:00.234795s on worker 8f6e7a003f094352b9e692f2e18c9408
2026-09-19 16:06:01,666 home-admin-Documents-nesa_projects-erpnext-vms-system-vms-system:default: Job OK (vms.localhost||scheduled_job||r6bem02261)
2026-09-19 16:06:01,666 Result is kept for 600 seconds
2026-09-19 16:06:01,671 home-admin-Documents-nesa_projects-erpnext-vms-system-vms-system:default: frappe.utils.background_jobs.execute_job(event=None, is_async=True, job_name='frappe.core.doctype.scheduled_job_type.scheduled_job_type.run_scheduled_jo..., kwargs={'job_type': 'frappe.email.queue.flush', 'scheduled_job_type': 'r6cffmj05i'..., method='frappe.core.doctype.scheduled_job_type.scheduled_job_type.run_scheduled_jo..., site='vms.localhost', user='Administrator') (vms.localhost||scheduled_job||r6cffmj05i)
2026-09-19 16:06:02,041 Successfully completed frappe.utils.background_jobs.execute_job(event=None, is_async=True, job_name='frappe.core.doctype.scheduled_job_type.scheduled_job_type.run_scheduled_jo..., kwargs={'job_type': 'frappe.email.queue.flush', 'scheduled_job_type': 'r6cffmj05i'..., method='frappe.core.doctype.scheduled_job_type.scheduled_job_type.run_scheduled_jo..., site='vms.localhost', user='Administrator') job in 0:00:00.365791s on worker 8f6e7a003f094352b9e692f2e18c9408
2026-09-19 16:06:02,042 home-admin-Documents-nesa_projects-erpnext-vms-system-vms-system:default: Job OK (vms.localhost||scheduled_job||r6cffmj05i)
2026-09-19 16:06:02,042 Result is kept for 600 seconds
2026-09-19 16:06:02,047 home-admin-Documents-nesa_projects-erpnext-vms-system-vms-system:default: frappe.utils.background_jobs.execute_job(event=None, is_async=True, job_name='frappe.core.doctype.scheduled_job_type.scheduled_job_type.run_scheduled_jo..., kwargs={'job_type': 'frappe.search.sqlite_search.index_docs_in_queue', 'scheduled_..., method='frappe.core.doctype.scheduled_job_type.scheduled_job_type.run_scheduled_jo..., site='vms.localhost', user='Administrator') (vms.localhost||scheduled_job||r6b0va6b0s)
2026-09-19 16:06:02,332 Successfully completed frappe.utils.background_jobs.execute_job(event=None, is_async=True, job_name='frappe.core.doctype.scheduled_job_type.scheduled_job_type.run_scheduled_jo..., kwargs={'job_type': 'frappe.search.sqlite_search.index_docs_in_queue', 'scheduled_..., method='frappe.core.doctype.scheduled_job_type.scheduled_job_type.run_scheduled_jo..., site='vms.localhost', user='Administrator') job in 0:00:00.279660s on worker 8f6e7a003f094352b9e692f2e18c9408
2026-09-19 16:06:02,332 home-admin-Documents-nesa_projects-erpnext-vms-system-vms-system:default: Job OK (vms.localhost||scheduled_job||r6b0va6b0s)
2026-09-19 16:06:02,332 Result is kept for 600 seconds
2026-09-19 16:06:02,340 home-admin-Documents-nesa_projects-erpnext-vms-system-vms-system:default: frappe.utils.background_jobs.execute_job(event=None, is_async=True, job_name='frappe.core.doctype.scheduled_job_type.scheduled_job_type.run_scheduled_jo..., kwargs={'job_type': 'frappe.automation_engine.scheduler.process_cron', 'scheduled_..., method='frappe.core.doctype.scheduled_job_type.scheduled_job_type.run_scheduled_jo..., site='vms.localhost', user='Administrator') (vms.localhost||scheduled_job||r6c7imf2kv)
2026-09-19 16:06:02,587 Successfully completed frappe.utils.background_jobs.execute_job(event=None, is_async=True, job_name='frappe.core.doctype.scheduled_job_type.scheduled_job_type.run_scheduled_jo..., kwargs={'job_type': 'frappe.automation_engine.scheduler.process_cron', 'scheduled_..., method='frappe.core.doctype.scheduled_job_type.scheduled_job_type.run_scheduled_jo..., site='vms.localhost', user='Administrator') job in 0:00:00.240733s on worker 8f6e7a003f094352b9e692f2e18c9408
2026-09-19 16:06:02,587 home-admin-Documents-nesa_projects-erpnext-vms-system-vms-system:default: Job OK (vms.localhost||scheduled_job||r6c7imf2kv)
2026-09-19 16:06:02,587 Result is kept for 600 seconds
2026-09-19 16:06:02,592 home-admin-Documents-nesa_projects-erpnext-vms-system-vms-system:default: frappe.utils.background_jobs.execute_job(event=None, is_async=True, job_name='frappe.core.doctype.scheduled_job_type.scheduled_job_type.run_scheduled_jo..., kwargs={'job_type': 'frappe.email.doctype.notification.notification.trigger_offset..., method='frappe.core.doctype.scheduled_job_type.scheduled_job_type.run_scheduled_jo..., site='vms.localhost', user='Administrator') (vms.localhost||scheduled_job||r6bmsv0n1c)
2026-09-19 16:06:02,844 Successfully completed frappe.utils.background_jobs.execute_job(event=None, is_async=True, job_name='frappe.core.doctype.scheduled_job_type.scheduled_job_type.run_scheduled_jo..., kwargs={'job_type': 'frappe.email.doctype.notification.notification.trigger_offset..., method='frappe.core.doctype.scheduled_job_type.scheduled_job_type.run_scheduled_jo..., site='vms.localhost', user='Administrator') job in 0:00:00.248194s on worker 8f6e7a003f094352b9e692f2e18c9408
2026-09-19 16:06:02,844 home-admin-Documents-nesa_projects-erpnext-vms-system-vms-system:default: Job OK (vms.localhost||scheduled_job||r6bmsv0n1c)
2026-09-19 16:06:02,844 Result is kept for 600 seconds
2026-09-19 16:06:02,849 home-admin-Documents-nesa_projects-erpnext-vms-system-vms-system:default: frappe.utils.background_jobs.execute_job(event=None, is_async=True, job_name='frappe.core.doctype.scheduled_job_type.scheduled_job_type.run_scheduled_jo..., kwargs={'job_type': 'frappe.monitor.flush', 'scheduled_job_type': 'r6cn4pa2nj'}, method='frappe.core.doctype.scheduled_job_type.scheduled_job_type.run_scheduled_jo..., site='vms.localhost', user='Administrator') (vms.localhost||scheduled_job||r6cn4pa2nj)
2026-09-19 16:06:03,081 Successfully completed frappe.utils.background_jobs.execute_job(event=None, is_async=True, job_name='frappe.core.doctype.scheduled_job_type.scheduled_job_type.run_scheduled_jo..., kwargs={'job_type': 'frappe.monitor.flush', 'scheduled_job_type': 'r6cn4pa2nj'}, method='frappe.core.doctype.scheduled_job_type.scheduled_job_type.run_scheduled_jo..., site='vms.localhost', user='Administrator') job in 0:00:00.227486s on worker 8f6e7a003f094352b9e692f2e18c9408
2026-09-19 16:06:03,081 home-admin-Documents-nesa_projects-erpnext-vms-system-vms-system:default: Job OK (vms.localhost||scheduled_job||r6cn4pa2nj)
2026-09-19 16:06:03,081 Result is kept for 600 seconds
2026-09-19 16:06:03,085 home-admin-Documents-nesa_projects-erpnext-vms-system-vms-system:default: frappe.utils.background_jobs.execute_job(event=None, is_async=True, job_name='frappe.core.doctype.scheduled_job_type.scheduled_job_type.run_scheduled_jo..., kwargs={'job_type': 'frappe.email.queue.retry_sending_emails', 'scheduled_job_type..., method='frappe.core.doctype.scheduled_job_type.scheduled_job_type.run_scheduled_jo..., site='vms.localhost', user='Administrator') (vms.localhost||scheduled_job||r6cfjq81g8)
2026-09-19 16:06:03,333 Successfully completed frappe.utils.background_jobs.execute_job(event=None, is_async=True, job_name='frappe.core.doctype.scheduled_job_type.scheduled_job_type.run_scheduled_jo..., kwargs={'job_type': 'frappe.email.queue.retry_sending_emails', 'scheduled_job_type..., method='frappe.core.doctype.scheduled_job_type.scheduled_job_type.run_scheduled_jo..., site='vms.localhost', user='Administrator') job in 0:00:00.244245s on worker 8f6e7a003f094352b9e692f2e18c9408
2026-09-19 16:06:03,333 home-admin-Documents-nesa_projects-erpnext-vms-system-vms-system:default: Job OK (vms.localhost||scheduled_job||r6cfjq81g8)
2026-09-19 16:06:03,333 Result is kept for 600 seconds
2026-09-19 16:08:59,804 Worker 8f6e7a003f094352b9e692f2e18c9408 [PID 44994]: warm shut down requested
2026-09-19 16:08:59,815 Worker 8f6e7a003f094352b9e692f2e18c9408: unsubscribing from channel rq:pubsub:8f6e7a003f094352b9e692f2e18c9408
2026-09-19 16:09:10,468 Worker 3fd299cdfecf4ca5992226552890f15a: started with PID 47986, version 2.6.1
2026-09-19 16:09:10,468 Worker 3fd299cdfecf4ca5992226552890f15a: subscribing to channel rq:pubsub:3fd299cdfecf4ca5992226552890f15a
2026-09-19 16:09:10,469 *** Listening on home-admin-Documents-nesa_projects-erpnext-vms-system-vms-system:short, home-admin-Documents-nesa_projects-erpnext-vms-system-vms-system:default, home-admin-Documents-nesa_projects-erpnext-vms-system-vms-system:long...
2026-09-19 16:09:10,469 Worker 3fd299cdfecf4ca5992226552890f15a: cleaning registries for queue: home-admin-Documents-nesa_projects-erpnext-vms-system-vms-system:short
2026-09-19 16:09:10,470 Worker 3fd299cdfecf4ca5992226552890f15a: cleaning registries for queue: home-admin-Documents-nesa_projects-erpnext-vms-system-vms-system:default
2026-09-19 16:09:10,471 Worker 3fd299cdfecf4ca5992226552890f15a: cleaning registries for queue: home-admin-Documents-nesa_projects-erpnext-vms-system-vms-system:long
2026-09-19 16:09:40,006 Worker 3fd299cdfecf4ca5992226552890f15a [PID 47986]: warm shut down requested
Traceback (most recent call last):
  File "/home/admin/Documents/nesa_projects/erpnext-vms-system/vms-system/env/lib/python3.14/site-packages/redis/connection.py", line 1133, in read_response
    response = self._parser.read_response(disable_decoding=disable_decoding)
  File "/home/admin/Documents/nesa_projects/erpnext-vms-system/vms-system/env/lib/python3.14/site-packages/redis/_parsers/hiredis.py", line 163, in read_response
    self.read_from_socket()
    ~~~~~~~~~~~~~~~~~~~~~^^
  File "/home/admin/Documents/nesa_projects/erpnext-vms-system/vms-system/env/lib/python3.14/site-packages/redis/_parsers/hiredis.py", line 110, in read_from_socket
    bufflen = self._sock.recv_into(self._buffer)
ConnectionResetError: [Errno 104] Connection reset by peer

During handling of the above exception, another exception occurred:

Traceback (most recent call last):
  File "/home/admin/Documents/nesa_projects/erpnext-vms-system/vms-system/apps/frappe/frappe/utils/bench_helper.py", line 57, in invoke
    return super().invoke(ctx)
           ~~~~~~~~~~~~~~^^^^^
  File "/home/admin/Documents/nesa_projects/erpnext-vms-system/vms-system/env/lib/python3.14/site-packages/click/core.py", line 1970, in invoke
    return _process_result(sub_ctx.command.invoke(sub_ctx))
                           ~~~~~~~~~~~~~~~~~~~~~~^^^^^^^^^
  File "/home/admin/Documents/nesa_projects/erpnext-vms-system/vms-system/env/lib/python3.14/site-packages/click/core.py", line 1353, in invoke
    return ctx.invoke(self.callback, **ctx.params)
           ~~~~~~~~~~^^^^^^^^^^^^^^^^^^^^^^^^^^^^^
  File "/home/admin/Documents/nesa_projects/erpnext-vms-system/vms-system/env/lib/python3.14/site-packages/click/core.py", line 907, in invoke
    return callback(*args, **kwargs)
  File "/home/admin/Documents/nesa_projects/erpnext-vms-system/vms-system/apps/frappe/frappe/commands/scheduler.py", line 206, in start_worker
    start_worker(
    ~~~~~~~~~~~~^
    	queue,
     ^^^^^^
    ...<4 lines>...
    	strategy=strategy,
     ^^^^^^^^^^^^^^^^^^
    )
    ^
  File "/home/admin/Documents/nesa_projects/erpnext-vms-system/vms-system/apps/frappe/frappe/utils/background_jobs.py", line 429, in start_worker
    worker.work(
    ~~~~~~~~~~~^
    	logging_level=logging_level,
     ^^^^^^^^^^^^^^^^^^^^^^^^^^^^
    ...<4 lines>...
    	with_scheduler=False,
     ^^^^^^^^^^^^^^^^^^^^^
    )
    ^
  File "/home/admin/Documents/nesa_projects/erpnext-vms-system/vms-system/env/lib/python3.14/site-packages/rq/worker.py", line 631, in work
    self.teardown()
    ~~~~~~~~~~~~~^^
  File "/home/admin/Documents/nesa_projects/erpnext-vms-system/vms-system/env/lib/python3.14/site-packages/rq/worker.py", line 1150, in teardown
    self.register_death()
    ~~~~~~~~~~~~~~~~~~~^^
  File "/home/admin/Documents/nesa_projects/erpnext-vms-system/vms-system/env/lib/python3.14/site-packages/rq/worker.py", line 885, in register_death
    p.execute()
    ~~~~~~~~~^^
  File "/home/admin/Documents/nesa_projects/erpnext-vms-system/vms-system/env/lib/python3.14/site-packages/redis/client.py", line 1687, in execute
    conn = self.connection_pool.get_connection()
  File "/home/admin/Documents/nesa_projects/erpnext-vms-system/vms-system/env/lib/python3.14/site-packages/redis/utils.py", line 196, in wrapper
    return func(*args, **kwargs)
  File "/home/admin/Documents/nesa_projects/erpnext-vms-system/vms-system/env/lib/python3.14/site-packages/redis/connection.py", line 2603, in get_connection
    connection.connect()
    ~~~~~~~~~~~~~~~~~~^^
  File "/home/admin/Documents/nesa_projects/erpnext-vms-system/vms-system/env/lib/python3.14/site-packages/redis/connection.py", line 846, in connect
    self.connect_check_health(check_health=True)
    ~~~~~~~~~~~~~~~~~~~~~~~~~^^^^^^^^^^^^^^^^^^^
  File "/home/admin/Documents/nesa_projects/erpnext-vms-system/vms-system/env/lib/python3.14/site-packages/redis/connection.py", line 869, in connect_check_health
    self.on_connect_check_health(check_health=check_health)
    ~~~~~~~~~~~~~~~~~~~~~~~~~~~~^^^^^^^^^^^^^^^^^^^^^^^^^^^
  File "/home/admin/Documents/nesa_projects/erpnext-vms-system/vms-system/env/lib/python3.14/site-packages/redis/connection.py", line 994, in on_connect_check_health
    self.read_response()
    ~~~~~~~~~~~~~~~~~~^^
  File "/home/admin/Documents/nesa_projects/erpnext-vms-system/vms-system/env/lib/python3.14/site-packages/redis/connection.py", line 1141, in read_response
    raise ConnectionError(f"Error while reading from {host_error} : {e.args}")
redis.exceptions.ConnectionError: Error while reading from 127.0.0.1:11000 : (104, 'Connection reset by peer')

Error while reading from 127.0.0.1:11000 : (104, 'Connection reset by peer')
2026-09-19 16:09:45,231 Worker c2ef0f141fae4a84abebc47eff0d454a: started with PID 48721, version 2.6.1
2026-09-19 16:09:45,231 Worker c2ef0f141fae4a84abebc47eff0d454a: subscribing to channel rq:pubsub:c2ef0f141fae4a84abebc47eff0d454a
2026-09-19 16:09:45,232 *** Listening on home-admin-Documents-nesa_projects-erpnext-vms-system-vms-system:short, home-admin-Documents-nesa_projects-erpnext-vms-system-vms-system:default, home-admin-Documents-nesa_projects-erpnext-vms-system-vms-system:long...
2026-09-19 16:09:45,233 Worker c2ef0f141fae4a84abebc47eff0d454a: cleaning registries for queue: home-admin-Documents-nesa_projects-erpnext-vms-system-vms-system:short
2026-09-19 16:09:45,234 Worker c2ef0f141fae4a84abebc47eff0d454a: cleaning registries for queue: home-admin-Documents-nesa_projects-erpnext-vms-system-vms-system:default
2026-09-19 16:09:45,235 Worker c2ef0f141fae4a84abebc47eff0d454a: cleaning registries for queue: home-admin-Documents-nesa_projects-erpnext-vms-system-vms-system:long
2026-09-19 16:10:00,952 home-admin-Documents-nesa_projects-erpnext-vms-system-vms-system:default: frappe.utils.background_jobs.execute_job(event=None, is_async=True, job_name='frappe.core.doctype.scheduled_job_type.scheduled_job_type.run_scheduled_jo..., kwargs={'job_type': 'frappe.integrations.doctype.webhook.webhook.retry_failed_webh..., method='frappe.core.doctype.scheduled_job_type.scheduled_job_type.run_scheduled_jo..., site='vms.localhost', user='Administrator') (vms.localhost||scheduled_job||r6bem02261)
2026-09-19 16:10:01,307 Successfully completed frappe.utils.background_jobs.execute_job(event=None, is_async=True, job_name='frappe.core.doctype.scheduled_job_type.scheduled_job_type.run_scheduled_jo..., kwargs={'job_type': 'frappe.integrations.doctype.webhook.webhook.retry_failed_webh..., method='frappe.core.doctype.scheduled_job_type.scheduled_job_type.run_scheduled_jo..., site='vms.localhost', user='Administrator') job in 0:00:00.331397s on worker c2ef0f141fae4a84abebc47eff0d454a
2026-09-19 16:10:01,307 home-admin-Documents-nesa_projects-erpnext-vms-system-vms-system:default: Job OK (vms.localhost||scheduled_job||r6bem02261)
2026-09-19 16:10:01,307 Result is kept for 600 seconds
2026-09-19 16:10:01,313 home-admin-Documents-nesa_projects-erpnext-vms-system-vms-system:default: frappe.utils.background_jobs.execute_job(event=None, is_async=True, job_name='frappe.core.doctype.scheduled_job_type.scheduled_job_type.run_scheduled_jo..., kwargs={'job_type': 'frappe.email.queue.retry_sending_emails', 'scheduled_job_type..., method='frappe.core.doctype.scheduled_job_type.scheduled_job_type.run_scheduled_jo..., site='vms.localhost', user='Administrator') (vms.localhost||scheduled_job||r6cfjq81g8)
2026-09-19 16:10:01,662 Successfully completed frappe.utils.background_jobs.execute_job(event=None, is_async=True, job_name='frappe.core.doctype.scheduled_job_type.scheduled_job_type.run_scheduled_jo..., kwargs={'job_type': 'frappe.email.queue.retry_sending_emails', 'scheduled_job_type..., method='frappe.core.doctype.scheduled_job_type.scheduled_job_type.run_scheduled_jo..., site='vms.localhost', user='Administrator') job in 0:00:00.344003s on worker c2ef0f141fae4a84abebc47eff0d454a
2026-09-19 16:10:01,662 home-admin-Documents-nesa_projects-erpnext-vms-system-vms-system:default: Job OK (vms.localhost||scheduled_job||r6cfjq81g8)
2026-09-19 16:10:01,662 Result is kept for 600 seconds
2026-09-19 16:10:01,667 home-admin-Documents-nesa_projects-erpnext-vms-system-vms-system:default: frappe.utils.background_jobs.execute_job(event=None, is_async=True, job_name='frappe.core.doctype.scheduled_job_type.scheduled_job_type.run_scheduled_jo..., kwargs={'job_type': 'frappe.automation_engine.drainer.drain_due', 'scheduled_job_t..., method='frappe.core.doctype.scheduled_job_type.scheduled_job_type.run_scheduled_jo..., site='vms.localhost', user='Administrator') (vms.localhost||scheduled_job||r6cf3826fc)
2026-09-19 16:10:01,932 Successfully completed frappe.utils.background_jobs.execute_job(event=None, is_async=True, job_name='frappe.core.doctype.scheduled_job_type.scheduled_job_type.run_scheduled_jo..., kwargs={'job_type': 'frappe.automation_engine.drainer.drain_due', 'scheduled_job_t..., method='frappe.core.doctype.scheduled_job_type.scheduled_job_type.run_scheduled_jo..., site='vms.localhost', user='Administrator') job in 0:00:00.260690s on worker c2ef0f141fae4a84abebc47eff0d454a
2026-09-19 16:10:01,932 home-admin-Documents-nesa_projects-erpnext-vms-system-vms-system:default: Job OK (vms.localhost||scheduled_job||r6cf3826fc)
2026-09-19 16:10:01,932 Result is kept for 600 seconds
2026-09-19 16:10:01,937 home-admin-Documents-nesa_projects-erpnext-vms-system-vms-system:default: frappe.utils.background_jobs.execute_job(event=None, is_async=True, job_name='frappe.core.doctype.scheduled_job_type.scheduled_job_type.run_scheduled_jo..., kwargs={'job_type': 'frappe.email.doctype.email_account.email_account.pull', 'sche..., method='frappe.core.doctype.scheduled_job_type.scheduled_job_type.run_scheduled_jo..., site='vms.localhost', user='Administrator') (vms.localhost||scheduled_job||r6co2s6eeh)
2026-09-19 16:10:02,217 Successfully completed frappe.utils.background_jobs.execute_job(event=None, is_async=True, job_name='frappe.core.doctype.scheduled_job_type.scheduled_job_type.run_scheduled_jo..., kwargs={'job_type': 'frappe.email.doctype.email_account.email_account.pull', 'sche..., method='frappe.core.doctype.scheduled_job_type.scheduled_job_type.run_scheduled_jo..., site='vms.localhost', user='Administrator') job in 0:00:00.276308s on worker c2ef0f141fae4a84abebc47eff0d454a
2026-09-19 16:10:02,217 home-admin-Documents-nesa_projects-erpnext-vms-system-vms-system:default: Job OK (vms.localhost||scheduled_job||r6co2s6eeh)
2026-09-19 16:10:02,217 Result is kept for 600 seconds
2026-09-19 16:10:02,222 home-admin-Documents-nesa_projects-erpnext-vms-system-vms-system:default: frappe.utils.background_jobs.execute_job(event=None, is_async=True, job_name='frappe.core.doctype.scheduled_job_type.scheduled_job_type.run_scheduled_jo..., kwargs={'job_type': 'frappe.search.sqlite_search.index_docs_in_queue', 'scheduled_..., method='frappe.core.doctype.scheduled_job_type.scheduled_job_type.run_scheduled_jo..., site='vms.localhost', user='Administrator') (vms.localhost||scheduled_job||r6b0va6b0s)
2026-09-19 16:10:02,468 Successfully completed frappe.utils.background_jobs.execute_job(event=None, is_async=True, job_name='frappe.core.doctype.scheduled_job_type.scheduled_job_type.run_scheduled_jo..., kwargs={'job_type': 'frappe.search.sqlite_search.index_docs_in_queue', 'scheduled_..., method='frappe.core.doctype.scheduled_job_type.scheduled_job_type.run_scheduled_jo..., site='vms.localhost', user='Administrator') job in 0:00:00.241692s on worker c2ef0f141fae4a84abebc47eff0d454a
2026-09-19 16:10:02,468 home-admin-Documents-nesa_projects-erpnext-vms-system-vms-system:default: Job OK (vms.localhost||scheduled_job||r6b0va6b0s)
2026-09-19 16:10:02,468 Result is kept for 600 seconds
2026-09-19 16:10:02,475 home-admin-Documents-nesa_projects-erpnext-vms-system-vms-system:default: frappe.utils.background_jobs.execute_job(event=None, is_async=True, job_name='frappe.core.doctype.scheduled_job_type.scheduled_job_type.run_scheduled_jo..., kwargs={'job_type': 'frappe.integrations.doctype.google_calendar.google_calendar.s..., method='frappe.core.doctype.scheduled_job_type.scheduled_job_type.run_scheduled_jo..., site='vms.localhost', user='Administrator') (vms.localhost||scheduled_job||r6cgbuk2q9)
2026-09-19 16:10:02,782 Successfully completed frappe.utils.background_jobs.execute_job(event=None, is_async=True, job_name='frappe.core.doctype.scheduled_job_type.scheduled_job_type.run_scheduled_jo..., kwargs={'job_type': 'frappe.integrations.doctype.google_calendar.google_calendar.s..., method='frappe.core.doctype.scheduled_job_type.scheduled_job_type.run_scheduled_jo..., site='vms.localhost', user='Administrator') job in 0:00:00.302091s on worker c2ef0f141fae4a84abebc47eff0d454a
2026-09-19 16:10:02,782 home-admin-Documents-nesa_projects-erpnext-vms-system-vms-system:default: Job OK (vms.localhost||scheduled_job||r6cgbuk2q9)
2026-09-19 16:10:02,782 Result is kept for 600 seconds
2026-09-19 16:10:02,787 home-admin-Documents-nesa_projects-erpnext-vms-system-vms-system:default: frappe.utils.background_jobs.execute_job(event=None, is_async=True, job_name='frappe.core.doctype.scheduled_job_type.scheduled_job_type.run_scheduled_jo..., kwargs={'job_type': 'frappe.monitor.flush', 'scheduled_job_type': 'r6cn4pa2nj'}, method='frappe.core.doctype.scheduled_job_type.scheduled_job_type.run_scheduled_jo..., site='vms.localhost', user='Administrator') (vms.localhost||scheduled_job||r6cn4pa2nj)
2026-09-19 16:10:03,019 Successfully completed frappe.utils.background_jobs.execute_job(event=None, is_async=True, job_name='frappe.core.doctype.scheduled_job_type.scheduled_job_type.run_scheduled_jo..., kwargs={'job_type': 'frappe.monitor.flush', 'scheduled_job_type': 'r6cn4pa2nj'}, method='frappe.core.doctype.scheduled_job_type.scheduled_job_type.run_scheduled_jo..., site='vms.localhost', user='Administrator') job in 0:00:00.228006s on worker c2ef0f141fae4a84abebc47eff0d454a
2026-09-19 16:10:03,019 home-admin-Documents-nesa_projects-erpnext-vms-system-vms-system:default: Job OK (vms.localhost||scheduled_job||r6cn4pa2nj)
2026-09-19 16:10:03,019 Result is kept for 600 seconds
2026-09-19 16:10:03,024 home-admin-Documents-nesa_projects-erpnext-vms-system-vms-system:default: frappe.utils.background_jobs.execute_job(event=None, is_async=True, job_name='frappe.core.doctype.scheduled_job_type.scheduled_job_type.run_scheduled_jo..., kwargs={'job_type': 'frappe.email.doctype.notification.notification.trigger_offset..., method='frappe.core.doctype.scheduled_job_type.scheduled_job_type.run_scheduled_jo..., site='vms.localhost', user='Administrator') (vms.localhost||scheduled_job||r6bmsv0n1c)
2026-09-19 16:10:03,261 Successfully completed frappe.utils.background_jobs.execute_job(event=None, is_async=True, job_name='frappe.core.doctype.scheduled_job_type.scheduled_job_type.run_scheduled_jo..., kwargs={'job_type': 'frappe.email.doctype.notification.notification.trigger_offset..., method='frappe.core.doctype.scheduled_job_type.scheduled_job_type.run_scheduled_jo..., site='vms.localhost', user='Administrator') job in 0:00:00.233136s on worker c2ef0f141fae4a84abebc47eff0d454a
2026-09-19 16:10:03,262 home-admin-Documents-nesa_projects-erpnext-vms-system-vms-system:default: Job OK (vms.localhost||scheduled_job||r6bmsv0n1c)
2026-09-19 16:10:03,262 Result is kept for 600 seconds
2026-09-19 16:10:03,266 home-admin-Documents-nesa_projects-erpnext-vms-system-vms-system:default: frappe.utils.background_jobs.execute_job(event=None, is_async=True, job_name='frappe.core.doctype.scheduled_job_type.scheduled_job_type.run_scheduled_jo..., kwargs={'job_type': 'frappe.email.queue.flush', 'scheduled_job_type': 'r6cffmj05i'..., method='frappe.core.doctype.scheduled_job_type.scheduled_job_type.run_scheduled_jo..., site='vms.localhost', user='Administrator') (vms.localhost||scheduled_job||r6cffmj05i)
2026-09-19 16:10:03,519 Successfully completed frappe.utils.background_jobs.execute_job(event=None, is_async=True, job_name='frappe.core.doctype.scheduled_job_type.scheduled_job_type.run_scheduled_jo..., kwargs={'job_type': 'frappe.email.queue.flush', 'scheduled_job_type': 'r6cffmj05i'..., method='frappe.core.doctype.scheduled_job_type.scheduled_job_type.run_scheduled_jo..., site='vms.localhost', user='Administrator') job in 0:00:00.248458s on worker c2ef0f141fae4a84abebc47eff0d454a
2026-09-19 16:10:03,519 home-admin-Documents-nesa_projects-erpnext-vms-system-vms-system:default: Job OK (vms.localhost||scheduled_job||r6cffmj05i)
2026-09-19 16:10:03,519 Result is kept for 600 seconds
2026-09-19 16:10:03,524 home-admin-Documents-nesa_projects-erpnext-vms-system-vms-system:default: frappe.utils.background_jobs.execute_job(event=None, is_async=True, job_name='frappe.core.doctype.scheduled_job_type.scheduled_job_type.run_scheduled_jo..., kwargs={'job_type': 'frappe.automation_engine.scheduler.process_cron', 'scheduled_..., method='frappe.core.doctype.scheduled_job_type.scheduled_job_type.run_scheduled_jo..., site='vms.localhost', user='Administrator') (vms.localhost||scheduled_job||r6c7imf2kv)
2026-09-19 16:10:03,780 Successfully completed frappe.utils.background_jobs.execute_job(event=None, is_async=True, job_name='frappe.core.doctype.scheduled_job_type.scheduled_job_type.run_scheduled_jo..., kwargs={'job_type': 'frappe.automation_engine.scheduler.process_cron', 'scheduled_..., method='frappe.core.doctype.scheduled_job_type.scheduled_job_type.run_scheduled_jo..., site='vms.localhost', user='Administrator') job in 0:00:00.252762s on worker c2ef0f141fae4a84abebc47eff0d454a
2026-09-19 16:10:03,780 home-admin-Documents-nesa_projects-erpnext-vms-system-vms-system:default: Job OK (vms.localhost||scheduled_job||r6c7imf2kv)
2026-09-19 16:10:03,780 Result is kept for 600 seconds
2026-09-19 16:12:59,128 Worker c2ef0f141fae4a84abebc47eff0d454a [PID 48721]: warm shut down requested
2026-09-19 16:12:59,130 Worker c2ef0f141fae4a84abebc47eff0d454a: unsubscribing from channel rq:pubsub:c2ef0f141fae4a84abebc47eff0d454a
2026-09-19 16:13:02,907 Worker c12d4b1b1e4c41d098456876f310b66f: started with PID 50609, version 2.6.1
2026-09-19 16:13:02,908 Worker c12d4b1b1e4c41d098456876f310b66f: subscribing to channel rq:pubsub:c12d4b1b1e4c41d098456876f310b66f
2026-09-19 16:13:02,909 *** Listening on home-admin-Documents-nesa_projects-erpnext-vms-system-vms-system:short, home-admin-Documents-nesa_projects-erpnext-vms-system-vms-system:default, home-admin-Documents-nesa_projects-erpnext-vms-system-vms-system:long...
2026-09-19 16:13:02,909 Worker c12d4b1b1e4c41d098456876f310b66f: cleaning registries for queue: home-admin-Documents-nesa_projects-erpnext-vms-system-vms-system:short
2026-09-19 16:13:02,910 Worker c12d4b1b1e4c41d098456876f310b66f: cleaning registries for queue: home-admin-Documents-nesa_projects-erpnext-vms-system-vms-system:default
2026-09-19 16:13:02,911 Worker c12d4b1b1e4c41d098456876f310b66f: cleaning registries for queue: home-admin-Documents-nesa_projects-erpnext-vms-system-vms-system:long
2026-09-19 16:14:00,540 home-admin-Documents-nesa_projects-erpnext-vms-system-vms-system:default: frappe.utils.background_jobs.execute_job(event=None, is_async=True, job_name='frappe.core.doctype.scheduled_job_type.scheduled_job_type.run_scheduled_jo..., kwargs={'job_type': 'frappe.integrations.doctype.google_calendar.google_calendar.s..., method='frappe.core.doctype.scheduled_job_type.scheduled_job_type.run_scheduled_jo..., site='vms.localhost', user='Administrator') (vms.localhost||scheduled_job||r6cgbuk2q9)
2026-09-19 16:14:00,888 Successfully completed frappe.utils.background_jobs.execute_job(event=None, is_async=True, job_name='frappe.core.doctype.scheduled_job_type.scheduled_job_type.run_scheduled_jo..., kwargs={'job_type': 'frappe.integrations.doctype.google_calendar.google_calendar.s..., method='frappe.core.doctype.scheduled_job_type.scheduled_job_type.run_scheduled_jo..., site='vms.localhost', user='Administrator') job in 0:00:00.323499s on worker c12d4b1b1e4c41d098456876f310b66f
2026-09-19 16:14:00,888 home-admin-Documents-nesa_projects-erpnext-vms-system-vms-system:default: Job OK (vms.localhost||scheduled_job||r6cgbuk2q9)
2026-09-19 16:14:00,888 Result is kept for 600 seconds
2026-09-19 16:14:00,893 home-admin-Documents-nesa_projects-erpnext-vms-system-vms-system:default: frappe.utils.background_jobs.execute_job(event=None, is_async=True, job_name='frappe.core.doctype.scheduled_job_type.scheduled_job_type.run_scheduled_jo..., kwargs={'job_type': 'frappe.email.queue.retry_sending_emails', 'scheduled_job_type..., method='frappe.core.doctype.scheduled_job_type.scheduled_job_type.run_scheduled_jo..., site='vms.localhost', user='Administrator') (vms.localhost||scheduled_job||r6cfjq81g8)
2026-09-19 16:14:01,174 Successfully completed frappe.utils.background_jobs.execute_job(event=None, is_async=True, job_name='frappe.core.doctype.scheduled_job_type.scheduled_job_type.run_scheduled_jo..., kwargs={'job_type': 'frappe.email.queue.retry_sending_emails', 'scheduled_job_type..., method='frappe.core.doctype.scheduled_job_type.scheduled_job_type.run_scheduled_jo..., site='vms.localhost', user='Administrator') job in 0:00:00.276234s on worker c12d4b1b1e4c41d098456876f310b66f
2026-09-19 16:14:01,174 home-admin-Documents-nesa_projects-erpnext-vms-system-vms-system:default: Job OK (vms.localhost||scheduled_job||r6cfjq81g8)
2026-09-19 16:14:01,174 Result is kept for 600 seconds
2026-09-19 16:14:01,178 home-admin-Documents-nesa_projects-erpnext-vms-system-vms-system:default: frappe.utils.background_jobs.execute_job(event=None, is_async=True, job_name='frappe.core.doctype.scheduled_job_type.scheduled_job_type.run_scheduled_jo..., kwargs={'job_type': 'frappe.monitor.flush', 'scheduled_job_type': 'r6cn4pa2nj'}, method='frappe.core.doctype.scheduled_job_type.scheduled_job_type.run_scheduled_jo..., site='vms.localhost', user='Administrator') (vms.localhost||scheduled_job||r6cn4pa2nj)
2026-09-19 16:14:01,430 Successfully completed frappe.utils.background_jobs.execute_job(event=None, is_async=True, job_name='frappe.core.doctype.scheduled_job_type.scheduled_job_type.run_scheduled_jo..., kwargs={'job_type': 'frappe.monitor.flush', 'scheduled_job_type': 'r6cn4pa2nj'}, method='frappe.core.doctype.scheduled_job_type.scheduled_job_type.run_scheduled_jo..., site='vms.localhost', user='Administrator') job in 0:00:00.247325s on worker c12d4b1b1e4c41d098456876f310b66f
2026-09-19 16:14:01,430 home-admin-Documents-nesa_projects-erpnext-vms-system-vms-system:default: Job OK (vms.localhost||scheduled_job||r6cn4pa2nj)
2026-09-19 16:14:01,430 Result is kept for 600 seconds
2026-09-19 16:14:01,435 home-admin-Documents-nesa_projects-erpnext-vms-system-vms-system:default: frappe.utils.background_jobs.execute_job(event=None, is_async=True, job_name='frappe.core.doctype.scheduled_job_type.scheduled_job_type.run_scheduled_jo..., kwargs={'job_type': 'frappe.email.queue.flush', 'scheduled_job_type': 'r6cffmj05i'..., method='frappe.core.doctype.scheduled_job_type.scheduled_job_type.run_scheduled_jo..., site='vms.localhost', user='Administrator') (vms.localhost||scheduled_job||r6cffmj05i)
2026-09-19 16:14:01,691 Successfully completed frappe.utils.background_jobs.execute_job(event=None, is_async=True, job_name='frappe.core.doctype.scheduled_job_type.scheduled_job_type.run_scheduled_jo..., kwargs={'job_type': 'frappe.email.queue.flush', 'scheduled_job_type': 'r6cffmj05i'..., method='frappe.core.doctype.scheduled_job_type.scheduled_job_type.run_scheduled_jo..., site='vms.localhost', user='Administrator') job in 0:00:00.251091s on worker c12d4b1b1e4c41d098456876f310b66f
2026-09-19 16:14:01,692 home-admin-Documents-nesa_projects-erpnext-vms-system-vms-system:default: Job OK (vms.localhost||scheduled_job||r6cffmj05i)
2026-09-19 16:14:01,692 Result is kept for 600 seconds
2026-09-19 16:18:00,554 home-admin-Documents-nesa_projects-erpnext-vms-system-vms-system:default: frappe.utils.background_jobs.execute_job(event=None, is_async=True, job_name='frappe.core.doctype.scheduled_job_type.scheduled_job_type.run_scheduled_jo..., kwargs={'job_type': 'frappe.monitor.flush', 'scheduled_job_type': 'r6cn4pa2nj'}, method='frappe.core.doctype.scheduled_job_type.scheduled_job_type.run_scheduled_jo..., site='vms.localhost', user='Administrator') (vms.localhost||scheduled_job||r6cn4pa2nj)
2026-09-19 16:18:00,792 Successfully completed frappe.utils.background_jobs.execute_job(event=None, is_async=True, job_name='frappe.core.doctype.scheduled_job_type.scheduled_job_type.run_scheduled_jo..., kwargs={'job_type': 'frappe.monitor.flush', 'scheduled_job_type': 'r6cn4pa2nj'}, method='frappe.core.doctype.scheduled_job_type.scheduled_job_type.run_scheduled_jo..., site='vms.localhost', user='Administrator') job in 0:00:00.233307s on worker c12d4b1b1e4c41d098456876f310b66f
2026-09-19 16:18:00,792 home-admin-Documents-nesa_projects-erpnext-vms-system-vms-system:default: Job OK (vms.localhost||scheduled_job||r6cn4pa2nj)
2026-09-19 16:18:00,792 Result is kept for 600 seconds
2026-09-19 16:18:00,797 home-admin-Documents-nesa_projects-erpnext-vms-system-vms-system:default: frappe.utils.background_jobs.execute_job(event=None, is_async=True, job_name='frappe.core.doctype.scheduled_job_type.scheduled_job_type.run_scheduled_jo..., kwargs={'job_type': 'frappe.integrations.doctype.google_calendar.google_calendar.s..., method='frappe.core.doctype.scheduled_job_type.scheduled_job_type.run_scheduled_jo..., site='vms.localhost', user='Administrator') (vms.localhost||scheduled_job||r6cgbuk2q9)
2026-09-19 16:18:01,046 Successfully completed frappe.utils.background_jobs.execute_job(event=None, is_async=True, job_name='frappe.core.doctype.scheduled_job_type.scheduled_job_type.run_scheduled_jo..., kwargs={'job_type': 'frappe.integrations.doctype.google_calendar.google_calendar.s..., method='frappe.core.doctype.scheduled_job_type.scheduled_job_type.run_scheduled_jo..., site='vms.localhost', user='Administrator') job in 0:00:00.244276s on worker c12d4b1b1e4c41d098456876f310b66f
2026-09-19 16:18:01,046 home-admin-Documents-nesa_projects-erpnext-vms-system-vms-system:default: Job OK (vms.localhost||scheduled_job||r6cgbuk2q9)
2026-09-19 16:18:01,046 Result is kept for 600 seconds
2026-09-19 16:18:01,052 home-admin-Documents-nesa_projects-erpnext-vms-system-vms-system:default: frappe.utils.background_jobs.execute_job(event=None, is_async=True, job_name='frappe.core.doctype.scheduled_job_type.scheduled_job_type.run_scheduled_jo..., kwargs={'job_type': 'erpnext.accounts.doctype.process_payment_reconciliation.proce..., method='frappe.core.doctype.scheduled_job_type.scheduled_job_type.run_scheduled_jo..., site='vms.localhost', user='Administrator') (vms.localhost||scheduled_job||4g2jtms1sc)
2026-09-19 16:18:01,293 Successfully completed frappe.utils.background_jobs.execute_job(event=None, is_async=True, job_name='frappe.core.doctype.scheduled_job_type.scheduled_job_type.run_scheduled_jo..., kwargs={'job_type': 'erpnext.accounts.doctype.process_payment_reconciliation.proce..., method='frappe.core.doctype.scheduled_job_type.scheduled_job_type.run_scheduled_jo..., site='vms.localhost', user='Administrator') job in 0:00:00.237130s on worker c12d4b1b1e4c41d098456876f310b66f
2026-09-19 16:18:01,294 home-admin-Documents-nesa_projects-erpnext-vms-system-vms-system:default: Job OK (vms.localhost||scheduled_job||4g2jtms1sc)
2026-09-19 16:18:01,294 Result is kept for 600 seconds
2026-09-19 16:18:01,299 home-admin-Documents-nesa_projects-erpnext-vms-system-vms-system:default: frappe.utils.background_jobs.execute_job(event=None, is_async=True, job_name='frappe.core.doctype.scheduled_job_type.scheduled_job_type.run_scheduled_jo..., kwargs={'job_type': 'frappe.email.queue.flush', 'scheduled_job_type': 'r6cffmj05i'..., method='frappe.core.doctype.scheduled_job_type.scheduled_job_type.run_scheduled_jo..., site='vms.localhost', user='Administrator') (vms.localhost||scheduled_job||r6cffmj05i)
2026-09-19 16:18:01,552 Successfully completed frappe.utils.background_jobs.execute_job(event=None, is_async=True, job_name='frappe.core.doctype.scheduled_job_type.scheduled_job_type.run_scheduled_jo..., kwargs={'job_type': 'frappe.email.queue.flush', 'scheduled_job_type': 'r6cffmj05i'..., method='frappe.core.doctype.scheduled_job_type.scheduled_job_type.run_scheduled_jo..., site='vms.localhost', user='Administrator') job in 0:00:00.249236s on worker c12d4b1b1e4c41d098456876f310b66f
2026-09-19 16:18:01,552 home-admin-Documents-nesa_projects-erpnext-vms-system-vms-system:default: Job OK (vms.localhost||scheduled_job||r6cffmj05i)
2026-09-19 16:18:01,552 Result is kept for 600 seconds
2026-09-19 16:18:01,557 home-admin-Documents-nesa_projects-erpnext-vms-system-vms-system:default: frappe.utils.background_jobs.execute_job(event=None, is_async=True, job_name='frappe.core.doctype.scheduled_job_type.scheduled_job_type.run_scheduled_jo..., kwargs={'job_type': 'frappe.automation.doctype.reminder.reminder.send_reminders', ..., method='frappe.core.doctype.scheduled_job_type.scheduled_job_type.run_scheduled_jo..., site='vms.localhost', user='Administrator') (vms.localhost||scheduled_job||r6cm239u8l)
2026-09-19 16:18:01,810 Successfully completed frappe.utils.background_jobs.execute_job(event=None, is_async=True, job_name='frappe.core.doctype.scheduled_job_type.scheduled_job_type.run_scheduled_jo..., kwargs={'job_type': 'frappe.automation.doctype.reminder.reminder.send_reminders', ..., method='frappe.core.doctype.scheduled_job_type.scheduled_job_type.run_scheduled_jo..., site='vms.localhost', user='Administrator') job in 0:00:00.248660s on worker c12d4b1b1e4c41d098456876f310b66f
2026-09-19 16:18:01,810 home-admin-Documents-nesa_projects-erpnext-vms-system-vms-system:default: Job OK (vms.localhost||scheduled_job||r6cm239u8l)
2026-09-19 16:18:01,810 Result is kept for 600 seconds
2026-09-19 16:18:01,815 home-admin-Documents-nesa_projects-erpnext-vms-system-vms-system:default: frappe.utils.background_jobs.execute_job(event=None, is_async=True, job_name='frappe.core.doctype.scheduled_job_type.scheduled_job_type.run_scheduled_jo..., kwargs={'job_type': 'frappe.email.doctype.notification.notification.trigger_offset..., method='frappe.core.doctype.scheduled_job_type.scheduled_job_type.run_scheduled_jo..., site='vms.localhost', user='Administrator') (vms.localhost||scheduled_job||r6bmsv0n1c)
2026-09-19 16:18:02,050 Successfully completed frappe.utils.background_jobs.execute_job(event=None, is_async=True, job_name='frappe.core.doctype.scheduled_job_type.scheduled_job_type.run_scheduled_jo..., kwargs={'job_type': 'frappe.email.doctype.notification.notification.trigger_offset..., method='frappe.core.doctype.scheduled_job_type.scheduled_job_type.run_scheduled_jo..., site='vms.localhost', user='Administrator') job in 0:00:00.230648s on worker c12d4b1b1e4c41d098456876f310b66f
2026-09-19 16:18:02,050 home-admin-Documents-nesa_projects-erpnext-vms-system-vms-system:default: Job OK (vms.localhost||scheduled_job||r6bmsv0n1c)
2026-09-19 16:18:02,050 Result is kept for 600 seconds
2026-09-19 16:18:02,055 home-admin-Documents-nesa_projects-erpnext-vms-system-vms-system:default: frappe.utils.background_jobs.execute_job(event=None, is_async=True, job_name='frappe.core.doctype.scheduled_job_type.scheduled_job_type.run_scheduled_jo..., kwargs={'job_type': 'frappe.model.utils.link_count.update_link_count', 'scheduled_..., method='frappe.core.doctype.scheduled_job_type.scheduled_job_type.run_scheduled_jo..., site='vms.localhost', user='Administrator') (vms.localhost||scheduled_job||r6c53eaod6)
2026-09-19 16:18:02,287 Successfully completed frappe.utils.background_jobs.execute_job(event=None, is_async=True, job_name='frappe.core.doctype.scheduled_job_type.scheduled_job_type.run_scheduled_jo..., kwargs={'job_type': 'frappe.model.utils.link_count.update_link_count', 'scheduled_..., method='frappe.core.doctype.scheduled_job_type.scheduled_job_type.run_scheduled_jo..., site='vms.localhost', user='Administrator') job in 0:00:00.227296s on worker c12d4b1b1e4c41d098456876f310b66f
2026-09-19 16:18:02,287 home-admin-Documents-nesa_projects-erpnext-vms-system-vms-system:default: Job OK (vms.localhost||scheduled_job||r6c53eaod6)
2026-09-19 16:18:02,287 Result is kept for 600 seconds
2026-09-19 16:18:02,291 home-admin-Documents-nesa_projects-erpnext-vms-system-vms-system:default: frappe.utils.background_jobs.execute_job(event=None, is_async=True, job_name='frappe.core.doctype.scheduled_job_type.scheduled_job_type.run_scheduled_jo..., kwargs={'job_type': 'frappe.email.doctype.email_account.email_account.notify_unrep..., method='frappe.core.doctype.scheduled_job_type.scheduled_job_type.run_scheduled_jo..., site='vms.localhost', user='Administrator') (vms.localhost||scheduled_job||r6c7qkd882)
2026-09-19 16:18:02,536 Successfully completed frappe.utils.background_jobs.execute_job(event=None, is_async=True, job_name='frappe.core.doctype.scheduled_job_type.scheduled_job_type.run_scheduled_jo..., kwargs={'job_type': 'frappe.email.doctype.email_account.email_account.notify_unrep..., method='frappe.core.doctype.scheduled_job_type.scheduled_job_type.run_scheduled_jo..., site='vms.localhost', user='Administrator') job in 0:00:00.241476s on worker c12d4b1b1e4c41d098456876f310b66f
2026-09-19 16:18:02,537 home-admin-Documents-nesa_projects-erpnext-vms-system-vms-system:default: Job OK (vms.localhost||scheduled_job||r6c7qkd882)
2026-09-19 16:18:02,537 Result is kept for 600 seconds
2026-09-19 16:18:02,543 home-admin-Documents-nesa_projects-erpnext-vms-system-vms-system:default: frappe.utils.background_jobs.execute_job(event=None, is_async=True, job_name='frappe.core.doctype.scheduled_job_type.scheduled_job_type.run_scheduled_jo..., kwargs={'job_type': 'frappe.utils.global_search.sync_global_search', 'scheduled_jo..., method='frappe.core.doctype.scheduled_job_type.scheduled_job_type.run_scheduled_jo..., site='vms.localhost', user='Administrator') (vms.localhost||scheduled_job||r6cfmki32o)
2026-09-19 16:18:02,839 Successfully completed frappe.utils.background_jobs.execute_job(event=None, is_async=True, job_name='frappe.core.doctype.scheduled_job_type.scheduled_job_type.run_scheduled_jo..., kwargs={'job_type': 'frappe.utils.global_search.sync_global_search', 'scheduled_jo..., method='frappe.core.doctype.scheduled_job_type.scheduled_job_type.run_scheduled_jo..., site='vms.localhost', user='Administrator') job in 0:00:00.290771s on worker c12d4b1b1e4c41d098456876f310b66f
2026-09-19 16:18:02,839 home-admin-Documents-nesa_projects-erpnext-vms-system-vms-system:default: Job OK (vms.localhost||scheduled_job||r6cfmki32o)
2026-09-19 16:18:02,839 Result is kept for 600 seconds
2026-09-19 16:18:02,845 home-admin-Documents-nesa_projects-erpnext-vms-system-vms-system:default: frappe.utils.background_jobs.execute_job(event=None, is_async=True, job_name='frappe.core.doctype.scheduled_job_type.scheduled_job_type.run_scheduled_jo..., kwargs={'job_type': 'frappe.search.sqlite_search.index_docs_in_queue', 'scheduled_..., method='frappe.core.doctype.scheduled_job_type.scheduled_job_type.run_scheduled_jo..., site='vms.localhost', user='Administrator') (vms.localhost||scheduled_job||r6b0va6b0s)
2026-09-19 16:18:03,115 Successfully completed frappe.utils.background_jobs.execute_job(event=None, is_async=True, job_name='frappe.core.doctype.scheduled_job_type.scheduled_job_type.run_scheduled_jo..., kwargs={'job_type': 'frappe.search.sqlite_search.index_docs_in_queue', 'scheduled_..., method='frappe.core.doctype.scheduled_job_type.scheduled_job_type.run_scheduled_jo..., site='vms.localhost', user='Administrator') job in 0:00:00.265748s on worker c12d4b1b1e4c41d098456876f310b66f
2026-09-19 16:18:03,115 home-admin-Documents-nesa_projects-erpnext-vms-system-vms-system:default: Job OK (vms.localhost||scheduled_job||r6b0va6b0s)
2026-09-19 16:18:03,115 Result is kept for 600 seconds
2026-09-19 16:18:03,121 home-admin-Documents-nesa_projects-erpnext-vms-system-vms-system:default: frappe.utils.background_jobs.execute_job(event=None, is_async=True, job_name='frappe.core.doctype.scheduled_job_type.scheduled_job_type.run_scheduled_jo..., kwargs={'job_type': 'frappe.utils.telemetry.pulse.client.send_queued_events', 'sch..., method='frappe.core.doctype.scheduled_job_type.scheduled_job_type.run_scheduled_jo..., site='vms.localhost', user='Administrator') (vms.localhost||scheduled_job||r6cjuaehis)
2026-09-19 16:18:03,412 Successfully completed frappe.utils.background_jobs.execute_job(event=None, is_async=True, job_name='frappe.core.doctype.scheduled_job_type.scheduled_job_type.run_scheduled_jo..., kwargs={'job_type': 'frappe.utils.telemetry.pulse.client.send_queued_events', 'sch..., method='frappe.core.doctype.scheduled_job_type.scheduled_job_type.run_scheduled_jo..., site='vms.localhost', user='Administrator') job in 0:00:00.286494s on worker c12d4b1b1e4c41d098456876f310b66f
2026-09-19 16:18:03,412 home-admin-Documents-nesa_projects-erpnext-vms-system-vms-system:default: Job OK (vms.localhost||scheduled_job||r6cjuaehis)
2026-09-19 16:18:03,412 Result is kept for 600 seconds
2026-09-19 16:18:03,418 home-admin-Documents-nesa_projects-erpnext-vms-system-vms-system:default: frappe.utils.background_jobs.execute_job(event=None, is_async=True, job_name='frappe.core.doctype.scheduled_job_type.scheduled_job_type.run_scheduled_jo..., kwargs={'job_type': 'frappe.automation_engine.scheduler.process_cron', 'scheduled_..., method='frappe.core.doctype.scheduled_job_type.scheduled_job_type.run_scheduled_jo..., site='vms.localhost', user='Administrator') (vms.localhost||scheduled_job||r6c7imf2kv)
2026-09-19 16:18:03,737 Successfully completed frappe.utils.background_jobs.execute_job(event=None, is_async=True, job_name='frappe.core.doctype.scheduled_job_type.scheduled_job_type.run_scheduled_jo..., kwargs={'job_type': 'frappe.automation_engine.scheduler.process_cron', 'scheduled_..., method='frappe.core.doctype.scheduled_job_type.scheduled_job_type.run_scheduled_jo..., site='vms.localhost', user='Administrator') job in 0:00:00.314040s on worker c12d4b1b1e4c41d098456876f310b66f
2026-09-19 16:18:03,737 home-admin-Documents-nesa_projects-erpnext-vms-system-vms-system:default: Job OK (vms.localhost||scheduled_job||r6c7imf2kv)
2026-09-19 16:18:03,737 Result is kept for 600 seconds
2026-09-19 16:18:03,743 home-admin-Documents-nesa_projects-erpnext-vms-system-vms-system:default: frappe.utils.background_jobs.execute_job(event=None, is_async=True, job_name='frappe.core.doctype.scheduled_job_type.scheduled_job_type.run_scheduled_jo..., kwargs={'job_type': 'frappe.integrations.doctype.webhook.webhook.retry_failed_webh..., method='frappe.core.doctype.scheduled_job_type.scheduled_job_type.run_scheduled_jo..., site='vms.localhost', user='Administrator') (vms.localhost||scheduled_job||r6bem02261)
2026-09-19 16:18:04,006 Successfully completed frappe.utils.background_jobs.execute_job(event=None, is_async=True, job_name='frappe.core.doctype.scheduled_job_type.scheduled_job_type.run_scheduled_jo..., kwargs={'job_type': 'frappe.integrations.doctype.webhook.webhook.retry_failed_webh..., method='frappe.core.doctype.scheduled_job_type.scheduled_job_type.run_scheduled_jo..., site='vms.localhost', user='Administrator') job in 0:00:00.259019s on worker c12d4b1b1e4c41d098456876f310b66f
2026-09-19 16:18:04,006 home-admin-Documents-nesa_projects-erpnext-vms-system-vms-system:default: Job OK (vms.localhost||scheduled_job||r6bem02261)
2026-09-19 16:18:04,006 Result is kept for 600 seconds
2026-09-19 16:18:04,012 home-admin-Documents-nesa_projects-erpnext-vms-system-vms-system:default: frappe.utils.background_jobs.execute_job(event=None, is_async=True, job_name='frappe.core.doctype.scheduled_job_type.scheduled_job_type.run_scheduled_jo..., kwargs={'job_type': 'frappe.email.queue.retry_sending_emails', 'scheduled_job_type..., method='frappe.core.doctype.scheduled_job_type.scheduled_job_type.run_scheduled_jo..., site='vms.localhost', user='Administrator') (vms.localhost||scheduled_job||r6cfjq81g8)
2026-09-19 16:18:04,267 Successfully completed frappe.utils.background_jobs.execute_job(event=None, is_async=True, job_name='frappe.core.doctype.scheduled_job_type.scheduled_job_type.run_scheduled_jo..., kwargs={'job_type': 'frappe.email.queue.retry_sending_emails', 'scheduled_job_type..., method='frappe.core.doctype.scheduled_job_type.scheduled_job_type.run_scheduled_jo..., site='vms.localhost', user='Administrator') job in 0:00:00.251893s on worker c12d4b1b1e4c41d098456876f310b66f
2026-09-19 16:18:04,267 home-admin-Documents-nesa_projects-erpnext-vms-system-vms-system:default: Job OK (vms.localhost||scheduled_job||r6cfjq81g8)
2026-09-19 16:18:04,267 Result is kept for 600 seconds
2026-09-19 16:18:04,273 home-admin-Documents-nesa_projects-erpnext-vms-system-vms-system:default: frappe.utils.background_jobs.execute_job(event=None, is_async=True, job_name='frappe.core.doctype.scheduled_job_type.scheduled_job_type.run_scheduled_jo..., kwargs={'job_type': 'erpnext.manufacturing.doctype.bom_update_log.bom_update_log.r..., method='frappe.core.doctype.scheduled_job_type.scheduled_job_type.run_scheduled_jo..., site='vms.localhost', user='Administrator') (vms.localhost||scheduled_job||4g2rahgf4c)
2026-09-19 16:18:04,524 Successfully completed frappe.utils.background_jobs.execute_job(event=None, is_async=True, job_name='frappe.core.doctype.scheduled_job_type.scheduled_job_type.run_scheduled_jo..., kwargs={'job_type': 'erpnext.manufacturing.doctype.bom_update_log.bom_update_log.r..., method='frappe.core.doctype.scheduled_job_type.scheduled_job_type.run_scheduled_jo..., site='vms.localhost', user='Administrator') job in 0:00:00.245930s on worker c12d4b1b1e4c41d098456876f310b66f
2026-09-19 16:18:04,524 home-admin-Documents-nesa_projects-erpnext-vms-system-vms-system:default: Job OK (vms.localhost||scheduled_job||4g2rahgf4c)
2026-09-19 16:18:04,524 Result is kept for 600 seconds
2026-09-19 16:18:04,529 home-admin-Documents-nesa_projects-erpnext-vms-system-vms-system:default: frappe.utils.background_jobs.execute_job(event=None, is_async=True, job_name='frappe.core.doctype.scheduled_job_type.scheduled_job_type.run_scheduled_jo..., kwargs={'job_type': 'frappe.deferred_insert.save_to_db', 'scheduled_job_type': 'r6..., method='frappe.core.doctype.scheduled_job_type.scheduled_job_type.run_scheduled_jo..., site='vms.localhost', user='Administrator') (vms.localhost||scheduled_job||r6c93pvb5c)
2026-09-19 16:18:04,790 Successfully completed frappe.utils.background_jobs.execute_job(event=None, is_async=True, job_name='frappe.core.doctype.scheduled_job_type.scheduled_job_type.run_scheduled_jo..., kwargs={'job_type': 'frappe.deferred_insert.save_to_db', 'scheduled_job_type': 'r6..., method='frappe.core.doctype.scheduled_job_type.scheduled_job_type.run_scheduled_jo..., site='vms.localhost', user='Administrator') job in 0:00:00.257069s on worker c12d4b1b1e4c41d098456876f310b66f
2026-09-19 16:18:04,790 home-admin-Documents-nesa_projects-erpnext-vms-system-vms-system:default: Job OK (vms.localhost||scheduled_job||r6c93pvb5c)
2026-09-19 16:18:04,790 Result is kept for 600 seconds
2026-09-19 16:18:04,795 home-admin-Documents-nesa_projects-erpnext-vms-system-vms-system:default: frappe.utils.background_jobs.execute_job(event=None, is_async=True, job_name='frappe.core.doctype.scheduled_job_type.scheduled_job_type.run_scheduled_jo..., kwargs={'job_type': 'frappe.automation_engine.drainer.drain_due', 'scheduled_job_t..., method='frappe.core.doctype.scheduled_job_type.scheduled_job_type.run_scheduled_jo..., site='vms.localhost', user='Administrator') (vms.localhost||scheduled_job||r6cf3826fc)
2026-09-19 16:18:05,038 Successfully completed frappe.utils.background_jobs.execute_job(event=None, is_async=True, job_name='frappe.core.doctype.scheduled_job_type.scheduled_job_type.run_scheduled_jo..., kwargs={'job_type': 'frappe.automation_engine.drainer.drain_due', 'scheduled_job_t..., method='frappe.core.doctype.scheduled_job_type.scheduled_job_type.run_scheduled_jo..., site='vms.localhost', user='Administrator') job in 0:00:00.239618s on worker c12d4b1b1e4c41d098456876f310b66f
2026-09-19 16:18:05,038 home-admin-Documents-nesa_projects-erpnext-vms-system-vms-system:default: Job OK (vms.localhost||scheduled_job||r6cf3826fc)
2026-09-19 16:18:05,038 Result is kept for 600 seconds
2026-09-19 16:18:05,043 home-admin-Documents-nesa_projects-erpnext-vms-system-vms-system:default: frappe.utils.background_jobs.execute_job(event=None, is_async=True, job_name='frappe.model.delete_doc.delete_dynamic_links', kwargs={'doctype': 'Notification Settings', 'name': 'testuser@domain.com'}, method='frappe.model.delete_doc.delete_dynamic_links', site='vms.localhost', user='Administrator') (vms.localhost||2372c089-84a0-4b49-ac61-631a321bff86)
2026-09-19 16:18:05,226 Successfully completed frappe.utils.background_jobs.execute_job(event=None, is_async=True, job_name='frappe.model.delete_doc.delete_dynamic_links', kwargs={'doctype': 'Notification Settings', 'name': 'testuser@domain.com'}, method='frappe.model.delete_doc.delete_dynamic_links', site='vms.localhost', user='Administrator') job in 0:00:00.179346s on worker c12d4b1b1e4c41d098456876f310b66f
2026-09-19 16:18:05,226 home-admin-Documents-nesa_projects-erpnext-vms-system-vms-system:default: Job OK (vms.localhost||2372c089-84a0-4b49-ac61-631a321bff86)
2026-09-19 16:18:05,226 Result is kept for 600 seconds
2026-09-19 16:18:05,230 home-admin-Documents-nesa_projects-erpnext-vms-system-vms-system:default: frappe.utils.background_jobs.execute_job(event=None, is_async=True, job_name='frappe.model.delete_doc.delete_dynamic_links', kwargs={'doctype': 'User', 'name': 'testuser@domain.com'}, method='frappe.model.delete_doc.delete_dynamic_links', site='vms.localhost', user='Administrator') (vms.localhost||c11d0f8d-7198-4c21-8457-b1ff0ca95185)
2026-09-19 16:18:05,457 Successfully completed frappe.utils.background_jobs.execute_job(event=None, is_async=True, job_name='frappe.model.delete_doc.delete_dynamic_links', kwargs={'doctype': 'User', 'name': 'testuser@domain.com'}, method='frappe.model.delete_doc.delete_dynamic_links', site='vms.localhost', user='Administrator') job in 0:00:00.222072s on worker c12d4b1b1e4c41d098456876f310b66f
2026-09-19 16:18:05,457 home-admin-Documents-nesa_projects-erpnext-vms-system-vms-system:default: Job OK (vms.localhost||c11d0f8d-7198-4c21-8457-b1ff0ca95185)
2026-09-19 16:18:05,457 Result is kept for 600 seconds
2026-09-19 16:20:50,708 home-admin-Documents-nesa_projects-erpnext-vms-system-vms-system:default: frappe.utils.background_jobs.execute_job(event=None, is_async=True, job_name='frappe.core.doctype.user.user.create_contact', kwargs={'user': <User: doctype=User dprasadnr@gmail.com>, 'ignore_mandatory': True..., method='frappe.core.doctype.user.user.create_contact', site='vms.localhost', user='Guest') (vms.localhost||981b355f-cb8d-419a-981d-3ce93c5aa802)
2026-09-19 16:20:50,969 Successfully completed frappe.utils.background_jobs.execute_job(event=None, is_async=True, job_name='frappe.core.doctype.user.user.create_contact', kwargs={'user': <User: doctype=User dprasadnr@gmail.com>, 'ignore_mandatory': True..., method='frappe.core.doctype.user.user.create_contact', site='vms.localhost', user='Guest') job in 0:00:00.210041s on worker c12d4b1b1e4c41d098456876f310b66f
2026-09-19 16:20:50,969 home-admin-Documents-nesa_projects-erpnext-vms-system-vms-system:default: Job OK (vms.localhost||981b355f-cb8d-419a-981d-3ce93c5aa802)
2026-09-19 16:20:50,969 Result is kept for 600 seconds
2026-09-19 16:22:00,589 home-admin-Documents-nesa_projects-erpnext-vms-system-vms-system:default: frappe.utils.background_jobs.execute_job(event=None, is_async=True, job_name='frappe.core.doctype.scheduled_job_type.scheduled_job_type.run_scheduled_jo..., kwargs={'job_type': 'frappe.integrations.doctype.webhook.webhook.retry_failed_webh..., method='frappe.core.doctype.scheduled_job_type.scheduled_job_type.run_scheduled_jo..., site='vms.localhost', user='Administrator') (vms.localhost||scheduled_job||r6bem02261)
2026-09-19 16:22:00,811 Successfully completed frappe.utils.background_jobs.execute_job(event=None, is_async=True, job_name='frappe.core.doctype.scheduled_job_type.scheduled_job_type.run_scheduled_jo..., kwargs={'job_type': 'frappe.integrations.doctype.webhook.webhook.retry_failed_webh..., method='frappe.core.doctype.scheduled_job_type.scheduled_job_type.run_scheduled_jo..., site='vms.localhost', user='Administrator') job in 0:00:00.215050s on worker c12d4b1b1e4c41d098456876f310b66f
2026-09-19 16:22:00,811 home-admin-Documents-nesa_projects-erpnext-vms-system-vms-system:default: Job OK (vms.localhost||scheduled_job||r6bem02261)
2026-09-19 16:22:00,811 Result is kept for 600 seconds
2026-09-19 16:22:00,816 home-admin-Documents-nesa_projects-erpnext-vms-system-vms-system:default: frappe.utils.background_jobs.execute_job(event=None, is_async=True, job_name='frappe.core.doctype.scheduled_job_type.scheduled_job_type.run_scheduled_jo..., kwargs={'job_type': 'frappe.email.queue.retry_sending_emails', 'scheduled_job_type..., method='frappe.core.doctype.scheduled_job_type.scheduled_job_type.run_scheduled_jo..., site='vms.localhost', user='Administrator') (vms.localhost||scheduled_job||r6cfjq81g8)
2026-09-19 16:22:01,068 Successfully completed frappe.utils.background_jobs.execute_job(event=None, is_async=True, job_name='frappe.core.doctype.scheduled_job_type.scheduled_job_type.run_scheduled_jo..., kwargs={'job_type': 'frappe.email.queue.retry_sending_emails', 'scheduled_job_type..., method='frappe.core.doctype.scheduled_job_type.scheduled_job_type.run_scheduled_jo..., site='vms.localhost', user='Administrator') job in 0:00:00.247577s on worker c12d4b1b1e4c41d098456876f310b66f
2026-09-19 16:22:01,068 home-admin-Documents-nesa_projects-erpnext-vms-system-vms-system:default: Job OK (vms.localhost||scheduled_job||r6cfjq81g8)
2026-09-19 16:22:01,068 Result is kept for 600 seconds
2026-09-19 16:22:01,073 home-admin-Documents-nesa_projects-erpnext-vms-system-vms-system:default: frappe.utils.background_jobs.execute_job(event=None, is_async=True, job_name='frappe.core.doctype.scheduled_job_type.scheduled_job_type.run_scheduled_jo..., kwargs={'job_type': 'frappe.search.sqlite_search.index_docs_in_queue', 'scheduled_..., method='frappe.core.doctype.scheduled_job_type.scheduled_job_type.run_scheduled_jo..., site='vms.localhost', user='Administrator') (vms.localhost||scheduled_job||r6b0va6b0s)
2026-09-19 16:22:01,297 Successfully completed frappe.utils.background_jobs.execute_job(event=None, is_async=True, job_name='frappe.core.doctype.scheduled_job_type.scheduled_job_type.run_scheduled_jo..., kwargs={'job_type': 'frappe.search.sqlite_search.index_docs_in_queue', 'scheduled_..., method='frappe.core.doctype.scheduled_job_type.scheduled_job_type.run_scheduled_jo..., site='vms.localhost', user='Administrator') job in 0:00:00.219414s on worker c12d4b1b1e4c41d098456876f310b66f
2026-09-19 16:22:01,297 home-admin-Documents-nesa_projects-erpnext-vms-system-vms-system:default: Job OK (vms.localhost||scheduled_job||r6b0va6b0s)
2026-09-19 16:22:01,297 Result is kept for 600 seconds
2026-09-19 16:22:01,303 home-admin-Documents-nesa_projects-erpnext-vms-system-vms-system:default: frappe.utils.background_jobs.execute_job(event=None, is_async=True, job_name='frappe.core.doctype.scheduled_job_type.scheduled_job_type.run_scheduled_jo..., kwargs={'job_type': 'frappe.email.doctype.notification.notification.trigger_offset..., method='frappe.core.doctype.scheduled_job_type.scheduled_job_type.run_scheduled_jo..., site='vms.localhost', user='Administrator') (vms.localhost||scheduled_job||r6bmsv0n1c)
2026-09-19 16:22:01,529 Successfully completed frappe.utils.background_jobs.execute_job(event=None, is_async=True, job_name='frappe.core.doctype.scheduled_job_type.scheduled_job_type.run_scheduled_jo..., kwargs={'job_type': 'frappe.email.doctype.notification.notification.trigger_offset..., method='frappe.core.doctype.scheduled_job_type.scheduled_job_type.run_scheduled_jo..., site='vms.localhost', user='Administrator') job in 0:00:00.222661s on worker c12d4b1b1e4c41d098456876f310b66f
2026-09-19 16:22:01,529 home-admin-Documents-nesa_projects-erpnext-vms-system-vms-system:default: Job OK (vms.localhost||scheduled_job||r6bmsv0n1c)
2026-09-19 16:22:01,529 Result is kept for 600 seconds
2026-09-19 16:22:01,535 home-admin-Documents-nesa_projects-erpnext-vms-system-vms-system:default: frappe.utils.background_jobs.execute_job(event=None, is_async=True, job_name='frappe.core.doctype.scheduled_job_type.scheduled_job_type.run_scheduled_jo..., kwargs={'job_type': 'frappe.integrations.doctype.google_calendar.google_calendar.s..., method='frappe.core.doctype.scheduled_job_type.scheduled_job_type.run_scheduled_jo..., site='vms.localhost', user='Administrator') (vms.localhost||scheduled_job||r6cgbuk2q9)
2026-09-19 16:22:01,768 Successfully completed frappe.utils.background_jobs.execute_job(event=None, is_async=True, job_name='frappe.core.doctype.scheduled_job_type.scheduled_job_type.run_scheduled_jo..., kwargs={'job_type': 'frappe.integrations.doctype.google_calendar.google_calendar.s..., method='frappe.core.doctype.scheduled_job_type.scheduled_job_type.run_scheduled_jo..., site='vms.localhost', user='Administrator') job in 0:00:00.229332s on worker c12d4b1b1e4c41d098456876f310b66f
2026-09-19 16:22:01,769 home-admin-Documents-nesa_projects-erpnext-vms-system-vms-system:default: Job OK (vms.localhost||scheduled_job||r6cgbuk2q9)
2026-09-19 16:22:01,769 Result is kept for 600 seconds
2026-09-19 16:22:01,774 home-admin-Documents-nesa_projects-erpnext-vms-system-vms-system:default: frappe.utils.background_jobs.execute_job(event=None, is_async=True, job_name='frappe.core.doctype.scheduled_job_type.scheduled_job_type.run_scheduled_jo..., kwargs={'job_type': 'frappe.automation_engine.drainer.drain_due', 'scheduled_job_t..., method='frappe.core.doctype.scheduled_job_type.scheduled_job_type.run_scheduled_jo..., site='vms.localhost', user='Administrator') (vms.localhost||scheduled_job||r6cf3826fc)
2026-09-19 16:22:02,011 Successfully completed frappe.utils.background_jobs.execute_job(event=None, is_async=True, job_name='frappe.core.doctype.scheduled_job_type.scheduled_job_type.run_scheduled_jo..., kwargs={'job_type': 'frappe.automation_engine.drainer.drain_due', 'scheduled_job_t..., method='frappe.core.doctype.scheduled_job_type.scheduled_job_type.run_scheduled_jo..., site='vms.localhost', user='Administrator') job in 0:00:00.233017s on worker c12d4b1b1e4c41d098456876f310b66f
2026-09-19 16:22:02,011 home-admin-Documents-nesa_projects-erpnext-vms-system-vms-system:default: Job OK (vms.localhost||scheduled_job||r6cf3826fc)
2026-09-19 16:22:02,011 Result is kept for 600 seconds
2026-09-19 16:22:02,017 home-admin-Documents-nesa_projects-erpnext-vms-system-vms-system:default: frappe.utils.background_jobs.execute_job(event=None, is_async=True, job_name='frappe.core.doctype.scheduled_job_type.scheduled_job_type.run_scheduled_jo..., kwargs={'job_type': 'frappe.automation_engine.scheduler.process_cron', 'scheduled_..., method='frappe.core.doctype.scheduled_job_type.scheduled_job_type.run_scheduled_jo..., site='vms.localhost', user='Administrator') (vms.localhost||scheduled_job||r6c7imf2kv)
2026-09-19 16:22:02,247 Successfully completed frappe.utils.background_jobs.execute_job(event=None, is_async=True, job_name='frappe.core.doctype.scheduled_job_type.scheduled_job_type.run_scheduled_jo..., kwargs={'job_type': 'frappe.automation_engine.scheduler.process_cron', 'scheduled_..., method='frappe.core.doctype.scheduled_job_type.scheduled_job_type.run_scheduled_jo..., site='vms.localhost', user='Administrator') job in 0:00:00.226159s on worker c12d4b1b1e4c41d098456876f310b66f
2026-09-19 16:22:02,247 home-admin-Documents-nesa_projects-erpnext-vms-system-vms-system:default: Job OK (vms.localhost||scheduled_job||r6c7imf2kv)
2026-09-19 16:22:02,247 Result is kept for 600 seconds
2026-09-19 16:22:02,252 home-admin-Documents-nesa_projects-erpnext-vms-system-vms-system:default: frappe.utils.background_jobs.execute_job(event=None, is_async=True, job_name='frappe.core.doctype.scheduled_job_type.scheduled_job_type.run_scheduled_jo..., kwargs={'job_type': 'frappe.email.doctype.email_account.email_account.pull', 'sche..., method='frappe.core.doctype.scheduled_job_type.scheduled_job_type.run_scheduled_jo..., site='vms.localhost', user='Administrator') (vms.localhost||scheduled_job||r6co2s6eeh)
2026-09-19 16:22:02,488 Successfully completed frappe.utils.background_jobs.execute_job(event=None, is_async=True, job_name='frappe.core.doctype.scheduled_job_type.scheduled_job_type.run_scheduled_jo..., kwargs={'job_type': 'frappe.email.doctype.email_account.email_account.pull', 'sche..., method='frappe.core.doctype.scheduled_job_type.scheduled_job_type.run_scheduled_jo..., site='vms.localhost', user='Administrator') job in 0:00:00.232903s on worker c12d4b1b1e4c41d098456876f310b66f
2026-09-19 16:22:02,488 home-admin-Documents-nesa_projects-erpnext-vms-system-vms-system:default: Job OK (vms.localhost||scheduled_job||r6co2s6eeh)
2026-09-19 16:22:02,488 Result is kept for 600 seconds
2026-09-19 16:22:02,494 home-admin-Documents-nesa_projects-erpnext-vms-system-vms-system:default: frappe.utils.background_jobs.execute_job(event=None, is_async=True, job_name='frappe.core.doctype.scheduled_job_type.scheduled_job_type.run_scheduled_jo..., kwargs={'job_type': 'frappe.monitor.flush', 'scheduled_job_type': 'r6cn4pa2nj'}, method='frappe.core.doctype.scheduled_job_type.scheduled_job_type.run_scheduled_jo..., site='vms.localhost', user='Administrator') (vms.localhost||scheduled_job||r6cn4pa2nj)
2026-09-19 16:22:02,712 Successfully completed frappe.utils.background_jobs.execute_job(event=None, is_async=True, job_name='frappe.core.doctype.scheduled_job_type.scheduled_job_type.run_scheduled_jo..., kwargs={'job_type': 'frappe.monitor.flush', 'scheduled_job_type': 'r6cn4pa2nj'}, method='frappe.core.doctype.scheduled_job_type.scheduled_job_type.run_scheduled_jo..., site='vms.localhost', user='Administrator') job in 0:00:00.213900s on worker c12d4b1b1e4c41d098456876f310b66f
2026-09-19 16:22:02,712 home-admin-Documents-nesa_projects-erpnext-vms-system-vms-system:default: Job OK (vms.localhost||scheduled_job||r6cn4pa2nj)
2026-09-19 16:22:02,712 Result is kept for 600 seconds
2026-09-19 16:22:02,717 home-admin-Documents-nesa_projects-erpnext-vms-system-vms-system:default: frappe.utils.background_jobs.execute_job(event=None, is_async=True, job_name='frappe.core.doctype.scheduled_job_type.scheduled_job_type.run_scheduled_jo..., kwargs={'job_type': 'frappe.email.queue.flush', 'scheduled_job_type': 'r6cffmj05i'..., method='frappe.core.doctype.scheduled_job_type.scheduled_job_type.run_scheduled_jo..., site='vms.localhost', user='Administrator') (vms.localhost||scheduled_job||r6cffmj05i)
2026-09-19 16:22:02,955 Successfully completed frappe.utils.background_jobs.execute_job(event=None, is_async=True, job_name='frappe.core.doctype.scheduled_job_type.scheduled_job_type.run_scheduled_jo..., kwargs={'job_type': 'frappe.email.queue.flush', 'scheduled_job_type': 'r6cffmj05i'..., method='frappe.core.doctype.scheduled_job_type.scheduled_job_type.run_scheduled_jo..., site='vms.localhost', user='Administrator') job in 0:00:00.233947s on worker c12d4b1b1e4c41d098456876f310b66f
2026-09-19 16:22:02,955 home-admin-Documents-nesa_projects-erpnext-vms-system-vms-system:default: Job OK (vms.localhost||scheduled_job||r6cffmj05i)
2026-09-19 16:22:02,955 Result is kept for 600 seconds
2026-09-19 16:24:11,145 home-admin-Documents-nesa_projects-erpnext-vms-system-vms-system:default: frappe.utils.background_jobs.execute_job(event=None, is_async=True, job_name='frappe.core.doctype.user.user.create_contact', kwargs={'user': <User: doctype=User dprasadnr@gmail.com>, 'ignore_mandatory': True..., method='frappe.core.doctype.user.user.create_contact', site='vms.localhost', user='Administrator') (vms.localhost||8b6e5714-6e67-4ceb-a400-96f1473f0e0f)
2026-09-19 16:24:11,528 Successfully completed frappe.utils.background_jobs.execute_job(event=None, is_async=True, job_name='frappe.core.doctype.user.user.create_contact', kwargs={'user': <User: doctype=User dprasadnr@gmail.com>, 'ignore_mandatory': True..., method='frappe.core.doctype.user.user.create_contact', site='vms.localhost', user='Administrator') job in 0:00:00.309384s on worker c12d4b1b1e4c41d098456876f310b66f
2026-09-19 16:24:11,528 home-admin-Documents-nesa_projects-erpnext-vms-system-vms-system:default: Job OK (vms.localhost||8b6e5714-6e67-4ceb-a400-96f1473f0e0f)
2026-09-19 16:24:11,528 Result is kept for 600 seconds
2026-09-19 16:24:11,534 Worker c12d4b1b1e4c41d098456876f310b66f: cleaning registries for queue: home-admin-Documents-nesa_projects-erpnext-vms-system-vms-system:short
2026-09-19 16:24:11,535 Worker c12d4b1b1e4c41d098456876f310b66f: cleaning registries for queue: home-admin-Documents-nesa_projects-erpnext-vms-system-vms-system:default
2026-09-19 16:24:11,536 Worker c12d4b1b1e4c41d098456876f310b66f: cleaning registries for queue: home-admin-Documents-nesa_projects-erpnext-vms-system-vms-system:long
2026-09-19 16:26:00,618 home-admin-Documents-nesa_projects-erpnext-vms-system-vms-system:default: frappe.utils.background_jobs.execute_job(event=None, is_async=True, job_name='frappe.core.doctype.scheduled_job_type.scheduled_job_type.run_scheduled_jo..., kwargs={'job_type': 'frappe.email.queue.flush', 'scheduled_job_type': 'r6cffmj05i'..., method='frappe.core.doctype.scheduled_job_type.scheduled_job_type.run_scheduled_jo..., site='vms.localhost', user='Administrator') (vms.localhost||scheduled_job||r6cffmj05i)
2026-09-19 16:26:00,860 Successfully completed frappe.utils.background_jobs.execute_job(event=None, is_async=True, job_name='frappe.core.doctype.scheduled_job_type.scheduled_job_type.run_scheduled_jo..., kwargs={'job_type': 'frappe.email.queue.flush', 'scheduled_job_type': 'r6cffmj05i'..., method='frappe.core.doctype.scheduled_job_type.scheduled_job_type.run_scheduled_jo..., site='vms.localhost', user='Administrator') job in 0:00:00.238290s on worker c12d4b1b1e4c41d098456876f310b66f
2026-09-19 16:26:00,860 home-admin-Documents-nesa_projects-erpnext-vms-system-vms-system:default: Job OK (vms.localhost||scheduled_job||r6cffmj05i)
2026-09-19 16:26:00,860 Result is kept for 600 seconds
2026-09-19 16:26:00,865 home-admin-Documents-nesa_projects-erpnext-vms-system-vms-system:default: frappe.utils.background_jobs.execute_job(event=None, is_async=True, job_name='frappe.core.doctype.scheduled_job_type.scheduled_job_type.run_scheduled_jo..., kwargs={'job_type': 'frappe.automation_engine.drainer.drain_due', 'scheduled_job_t..., method='frappe.core.doctype.scheduled_job_type.scheduled_job_type.run_scheduled_jo..., site='vms.localhost', user='Administrator') (vms.localhost||scheduled_job||r6cf3826fc)
2026-09-19 16:26:01,090 Successfully completed frappe.utils.background_jobs.execute_job(event=None, is_async=True, job_name='frappe.core.doctype.scheduled_job_type.scheduled_job_type.run_scheduled_jo..., kwargs={'job_type': 'frappe.automation_engine.drainer.drain_due', 'scheduled_job_t..., method='frappe.core.doctype.scheduled_job_type.scheduled_job_type.run_scheduled_jo..., site='vms.localhost', user='Administrator') job in 0:00:00.220614s on worker c12d4b1b1e4c41d098456876f310b66f
2026-09-19 16:26:01,090 home-admin-Documents-nesa_projects-erpnext-vms-system-vms-system:default: Job OK (vms.localhost||scheduled_job||r6cf3826fc)
2026-09-19 16:26:01,090 Result is kept for 600 seconds
2026-09-19 16:26:01,095 home-admin-Documents-nesa_projects-erpnext-vms-system-vms-system:default: frappe.utils.background_jobs.execute_job(event=None, is_async=True, job_name='frappe.core.doctype.scheduled_job_type.scheduled_job_type.run_scheduled_jo..., kwargs={'job_type': 'frappe.email.doctype.notification.notification.trigger_offset..., method='frappe.core.doctype.scheduled_job_type.scheduled_job_type.run_scheduled_jo..., site='vms.localhost', user='Administrator') (vms.localhost||scheduled_job||r6bmsv0n1c)
2026-09-19 16:26:01,331 Successfully completed frappe.utils.background_jobs.execute_job(event=None, is_async=True, job_name='frappe.core.doctype.scheduled_job_type.scheduled_job_type.run_scheduled_jo..., kwargs={'job_type': 'frappe.email.doctype.notification.notification.trigger_offset..., method='frappe.core.doctype.scheduled_job_type.scheduled_job_type.run_scheduled_jo..., site='vms.localhost', user='Administrator') job in 0:00:00.231871s on worker c12d4b1b1e4c41d098456876f310b66f
2026-09-19 16:26:01,331 home-admin-Documents-nesa_projects-erpnext-vms-system-vms-system:default: Job OK (vms.localhost||scheduled_job||r6bmsv0n1c)
2026-09-19 16:26:01,331 Result is kept for 600 seconds
2026-09-19 16:26:01,337 home-admin-Documents-nesa_projects-erpnext-vms-system-vms-system:default: frappe.utils.background_jobs.execute_job(event=None, is_async=True, job_name='frappe.core.doctype.scheduled_job_type.scheduled_job_type.run_scheduled_jo..., kwargs={'job_type': 'frappe.integrations.doctype.google_calendar.google_calendar.s..., method='frappe.core.doctype.scheduled_job_type.scheduled_job_type.run_scheduled_jo..., site='vms.localhost', user='Administrator') (vms.localhost||scheduled_job||r6cgbuk2q9)
2026-09-19 16:26:01,593 Successfully completed frappe.utils.background_jobs.execute_job(event=None, is_async=True, job_name='frappe.core.doctype.scheduled_job_type.scheduled_job_type.run_scheduled_jo..., kwargs={'job_type': 'frappe.integrations.doctype.google_calendar.google_calendar.s..., method='frappe.core.doctype.scheduled_job_type.scheduled_job_type.run_scheduled_jo..., site='vms.localhost', user='Administrator') job in 0:00:00.253193s on worker c12d4b1b1e4c41d098456876f310b66f
2026-09-19 16:26:01,593 home-admin-Documents-nesa_projects-erpnext-vms-system-vms-system:default: Job OK (vms.localhost||scheduled_job||r6cgbuk2q9)
2026-09-19 16:26:01,593 Result is kept for 600 seconds
2026-09-19 16:26:01,598 home-admin-Documents-nesa_projects-erpnext-vms-system-vms-system:default: frappe.utils.background_jobs.execute_job(event=None, is_async=True, job_name='frappe.core.doctype.scheduled_job_type.scheduled_job_type.run_scheduled_jo..., kwargs={'job_type': 'frappe.automation_engine.scheduler.process_cron', 'scheduled_..., method='frappe.core.doctype.scheduled_job_type.scheduled_job_type.run_scheduled_jo..., site='vms.localhost', user='Administrator') (vms.localhost||scheduled_job||r6c7imf2kv)
2026-09-19 16:26:01,825 Successfully completed frappe.utils.background_jobs.execute_job(event=None, is_async=True, job_name='frappe.core.doctype.scheduled_job_type.scheduled_job_type.run_scheduled_jo..., kwargs={'job_type': 'frappe.automation_engine.scheduler.process_cron', 'scheduled_..., method='frappe.core.doctype.scheduled_job_type.scheduled_job_type.run_scheduled_jo..., site='vms.localhost', user='Administrator') job in 0:00:00.223146s on worker c12d4b1b1e4c41d098456876f310b66f
2026-09-19 16:26:01,825 home-admin-Documents-nesa_projects-erpnext-vms-system-vms-system:default: Job OK (vms.localhost||scheduled_job||r6c7imf2kv)
2026-09-19 16:26:01,825 Result is kept for 600 seconds
2026-09-19 16:26:01,830 home-admin-Documents-nesa_projects-erpnext-vms-system-vms-system:default: frappe.utils.background_jobs.execute_job(event=None, is_async=True, job_name='frappe.core.doctype.scheduled_job_type.scheduled_job_type.run_scheduled_jo..., kwargs={'job_type': 'frappe.search.sqlite_search.index_docs_in_queue', 'scheduled_..., method='frappe.core.doctype.scheduled_job_type.scheduled_job_type.run_scheduled_jo..., site='vms.localhost', user='Administrator') (vms.localhost||scheduled_job||r6b0va6b0s)
2026-09-19 16:26:02,065 Successfully completed frappe.utils.background_jobs.execute_job(event=None, is_async=True, job_name='frappe.core.doctype.scheduled_job_type.scheduled_job_type.run_scheduled_jo..., kwargs={'job_type': 'frappe.search.sqlite_search.index_docs_in_queue', 'scheduled_..., method='frappe.core.doctype.scheduled_job_type.scheduled_job_type.run_scheduled_jo..., site='vms.localhost', user='Administrator') job in 0:00:00.230727s on worker c12d4b1b1e4c41d098456876f310b66f
2026-09-19 16:26:02,065 home-admin-Documents-nesa_projects-erpnext-vms-system-vms-system:default: Job OK (vms.localhost||scheduled_job||r6b0va6b0s)
2026-09-19 16:26:02,065 Result is kept for 600 seconds
2026-09-19 16:26:02,070 home-admin-Documents-nesa_projects-erpnext-vms-system-vms-system:default: frappe.utils.background_jobs.execute_job(event=None, is_async=True, job_name='frappe.core.doctype.scheduled_job_type.scheduled_job_type.run_scheduled_jo..., kwargs={'job_type': 'frappe.monitor.flush', 'scheduled_job_type': 'r6cn4pa2nj'}, method='frappe.core.doctype.scheduled_job_type.scheduled_job_type.run_scheduled_jo..., site='vms.localhost', user='Administrator') (vms.localhost||scheduled_job||r6cn4pa2nj)
2026-09-19 16:26:02,313 Successfully completed frappe.utils.background_jobs.execute_job(event=None, is_async=True, job_name='frappe.core.doctype.scheduled_job_type.scheduled_job_type.run_scheduled_jo..., kwargs={'job_type': 'frappe.monitor.flush', 'scheduled_job_type': 'r6cn4pa2nj'}, method='frappe.core.doctype.scheduled_job_type.scheduled_job_type.run_scheduled_jo..., site='vms.localhost', user='Administrator') job in 0:00:00.238990s on worker c12d4b1b1e4c41d098456876f310b66f
2026-09-19 16:26:02,313 home-admin-Documents-nesa_projects-erpnext-vms-system-vms-system:default: Job OK (vms.localhost||scheduled_job||r6cn4pa2nj)
2026-09-19 16:26:02,313 Result is kept for 600 seconds
2026-09-19 16:26:02,318 home-admin-Documents-nesa_projects-erpnext-vms-system-vms-system:default: frappe.utils.background_jobs.execute_job(event=None, is_async=True, job_name='frappe.core.doctype.scheduled_job_type.scheduled_job_type.run_scheduled_jo..., kwargs={'job_type': 'frappe.email.queue.retry_sending_emails', 'scheduled_job_type..., method='frappe.core.doctype.scheduled_job_type.scheduled_job_type.run_scheduled_jo..., site='vms.localhost', user='Administrator') (vms.localhost||scheduled_job||r6cfjq81g8)
2026-09-19 16:26:02,581 Successfully completed frappe.utils.background_jobs.execute_job(event=None, is_async=True, job_name='frappe.core.doctype.scheduled_job_type.scheduled_job_type.run_scheduled_jo..., kwargs={'job_type': 'frappe.email.queue.retry_sending_emails', 'scheduled_job_type..., method='frappe.core.doctype.scheduled_job_type.scheduled_job_type.run_scheduled_jo..., site='vms.localhost', user='Administrator') job in 0:00:00.258661s on worker c12d4b1b1e4c41d098456876f310b66f
2026-09-19 16:26:02,581 home-admin-Documents-nesa_projects-erpnext-vms-system-vms-system:default: Job OK (vms.localhost||scheduled_job||r6cfjq81g8)
2026-09-19 16:26:02,581 Result is kept for 600 seconds
2026-09-19 16:26:02,585 home-admin-Documents-nesa_projects-erpnext-vms-system-vms-system:default: frappe.utils.background_jobs.execute_job(event=None, is_async=True, job_name='frappe.core.doctype.scheduled_job_type.scheduled_job_type.run_scheduled_jo..., kwargs={'job_type': 'frappe.integrations.doctype.webhook.webhook.retry_failed_webh..., method='frappe.core.doctype.scheduled_job_type.scheduled_job_type.run_scheduled_jo..., site='vms.localhost', user='Administrator') (vms.localhost||scheduled_job||r6bem02261)
2026-09-19 16:26:02,838 Successfully completed frappe.utils.background_jobs.execute_job(event=None, is_async=True, job_name='frappe.core.doctype.scheduled_job_type.scheduled_job_type.run_scheduled_jo..., kwargs={'job_type': 'frappe.integrations.doctype.webhook.webhook.retry_failed_webh..., method='frappe.core.doctype.scheduled_job_type.scheduled_job_type.run_scheduled_jo..., site='vms.localhost', user='Administrator') job in 0:00:00.248548s on worker c12d4b1b1e4c41d098456876f310b66f
2026-09-19 16:26:02,838 home-admin-Documents-nesa_projects-erpnext-vms-system-vms-system:default: Job OK (vms.localhost||scheduled_job||r6bem02261)
2026-09-19 16:26:02,838 Result is kept for 600 seconds
2026-09-19 16:30:00,638 home-admin-Documents-nesa_projects-erpnext-vms-system-vms-system:default: frappe.utils.background_jobs.execute_job(event=None, is_async=True, job_name='frappe.core.doctype.scheduled_job_type.scheduled_job_type.run_scheduled_jo..., kwargs={'job_type': 'frappe.email.doctype.email_account.email_account.notify_unrep..., method='frappe.core.doctype.scheduled_job_type.scheduled_job_type.run_scheduled_jo..., site='vms.localhost', user='Administrator') (vms.localhost||scheduled_job||r6c7qkd882)
2026-09-19 16:30:00,869 Successfully completed frappe.utils.background_jobs.execute_job(event=None, is_async=True, job_name='frappe.core.doctype.scheduled_job_type.scheduled_job_type.run_scheduled_jo..., kwargs={'job_type': 'frappe.email.doctype.email_account.email_account.notify_unrep..., method='frappe.core.doctype.scheduled_job_type.scheduled_job_type.run_scheduled_jo..., site='vms.localhost', user='Administrator') job in 0:00:00.223212s on worker c12d4b1b1e4c41d098456876f310b66f
2026-09-19 16:30:00,869 home-admin-Documents-nesa_projects-erpnext-vms-system-vms-system:default: Job OK (vms.localhost||scheduled_job||r6c7qkd882)
2026-09-19 16:30:00,869 Result is kept for 600 seconds
2026-09-19 16:30:00,874 home-admin-Documents-nesa_projects-erpnext-vms-system-vms-system:default: frappe.utils.background_jobs.execute_job(event=None, is_async=True, job_name='frappe.core.doctype.scheduled_job_type.scheduled_job_type.run_scheduled_jo..., kwargs={'job_type': 'frappe.deferred_insert.save_to_db', 'scheduled_job_type': 'r6..., method='frappe.core.doctype.scheduled_job_type.scheduled_job_type.run_scheduled_jo..., site='vms.localhost', user='Administrator') (vms.localhost||scheduled_job||r6c93pvb5c)
2026-09-19 16:30:01,159 Successfully completed frappe.utils.background_jobs.execute_job(event=None, is_async=True, job_name='frappe.core.doctype.scheduled_job_type.scheduled_job_type.run_scheduled_jo..., kwargs={'job_type': 'frappe.deferred_insert.save_to_db', 'scheduled_job_type': 'r6..., method='frappe.core.doctype.scheduled_job_type.scheduled_job_type.run_scheduled_jo..., site='vms.localhost', user='Administrator') job in 0:00:00.280910s on worker c12d4b1b1e4c41d098456876f310b66f
2026-09-19 16:30:01,159 home-admin-Documents-nesa_projects-erpnext-vms-system-vms-system:default: Job OK (vms.localhost||scheduled_job||r6c93pvb5c)
2026-09-19 16:30:01,159 Result is kept for 600 seconds
2026-09-19 16:30:01,164 home-admin-Documents-nesa_projects-erpnext-vms-system-vms-system:default: frappe.utils.background_jobs.execute_job(event=None, is_async=True, job_name='frappe.core.doctype.scheduled_job_type.scheduled_job_type.run_scheduled_jo..., kwargs={'job_type': 'frappe.email.doctype.notification.notification.trigger_offset..., method='frappe.core.doctype.scheduled_job_type.scheduled_job_type.run_scheduled_jo..., site='vms.localhost', user='Administrator') (vms.localhost||scheduled_job||r6bmsv0n1c)
2026-09-19 16:30:01,384 Successfully completed frappe.utils.background_jobs.execute_job(event=None, is_async=True, job_name='frappe.core.doctype.scheduled_job_type.scheduled_job_type.run_scheduled_jo..., kwargs={'job_type': 'frappe.email.doctype.notification.notification.trigger_offset..., method='frappe.core.doctype.scheduled_job_type.scheduled_job_type.run_scheduled_jo..., site='vms.localhost', user='Administrator') job in 0:00:00.215987s on worker c12d4b1b1e4c41d098456876f310b66f
2026-09-19 16:30:01,384 home-admin-Documents-nesa_projects-erpnext-vms-system-vms-system:default: Job OK (vms.localhost||scheduled_job||r6bmsv0n1c)
2026-09-19 16:30:01,384 Result is kept for 600 seconds
2026-09-19 16:30:01,390 home-admin-Documents-nesa_projects-erpnext-vms-system-vms-system:default: frappe.utils.background_jobs.execute_job(event=None, is_async=True, job_name='frappe.core.doctype.scheduled_job_type.scheduled_job_type.run_scheduled_jo..., kwargs={'job_type': 'frappe.integrations.doctype.google_calendar.google_calendar.s..., method='frappe.core.doctype.scheduled_job_type.scheduled_job_type.run_scheduled_jo..., site='vms.localhost', user='Administrator') (vms.localhost||scheduled_job||r6cgbuk2q9)
2026-09-19 16:30:01,622 Successfully completed frappe.utils.background_jobs.execute_job(event=None, is_async=True, job_name='frappe.core.doctype.scheduled_job_type.scheduled_job_type.run_scheduled_jo..., kwargs={'job_type': 'frappe.integrations.doctype.google_calendar.google_calendar.s..., method='frappe.core.doctype.scheduled_job_type.scheduled_job_type.run_scheduled_jo..., site='vms.localhost', user='Administrator') job in 0:00:00.228779s on worker c12d4b1b1e4c41d098456876f310b66f
2026-09-19 16:30:01,622 home-admin-Documents-nesa_projects-erpnext-vms-system-vms-system:default: Job OK (vms.localhost||scheduled_job||r6cgbuk2q9)
2026-09-19 16:30:01,622 Result is kept for 600 seconds
2026-09-19 16:30:01,626 home-admin-Documents-nesa_projects-erpnext-vms-system-vms-system:default: frappe.utils.background_jobs.execute_job(event=None, is_async=True, job_name='frappe.core.doctype.scheduled_job_type.scheduled_job_type.run_scheduled_jo..., kwargs={'job_type': 'frappe.model.utils.link_count.update_link_count', 'scheduled_..., method='frappe.core.doctype.scheduled_job_type.scheduled_job_type.run_scheduled_jo..., site='vms.localhost', user='Administrator') (vms.localhost||scheduled_job||r6c53eaod6)
2026-09-19 16:30:01,859 Successfully completed frappe.utils.background_jobs.execute_job(event=None, is_async=True, job_name='frappe.core.doctype.scheduled_job_type.scheduled_job_type.run_scheduled_jo..., kwargs={'job_type': 'frappe.model.utils.link_count.update_link_count', 'scheduled_..., method='frappe.core.doctype.scheduled_job_type.scheduled_job_type.run_scheduled_jo..., site='vms.localhost', user='Administrator') job in 0:00:00.228669s on worker c12d4b1b1e4c41d098456876f310b66f
2026-09-19 16:30:01,859 home-admin-Documents-nesa_projects-erpnext-vms-system-vms-system:default: Job OK (vms.localhost||scheduled_job||r6c53eaod6)
2026-09-19 16:30:01,859 Result is kept for 600 seconds
2026-09-19 16:30:01,866 home-admin-Documents-nesa_projects-erpnext-vms-system-vms-system:default: frappe.utils.background_jobs.execute_job(event=None, is_async=True, job_name='frappe.core.doctype.scheduled_job_type.scheduled_job_type.run_scheduled_jo..., kwargs={'job_type': 'erpnext.utilities.doctype.video.video.update_youtube_data', '..., method='frappe.core.doctype.scheduled_job_type.scheduled_job_type.run_scheduled_jo..., site='vms.localhost', user='Administrator') (vms.localhost||scheduled_job||4g3ha9os4t)
2026-09-19 16:30:02,202 Successfully completed frappe.utils.background_jobs.execute_job(event=None, is_async=True, job_name='frappe.core.doctype.scheduled_job_type.scheduled_job_type.run_scheduled_jo..., kwargs={'job_type': 'erpnext.utilities.doctype.video.video.update_youtube_data', '..., method='frappe.core.doctype.scheduled_job_type.scheduled_job_type.run_scheduled_jo..., site='vms.localhost', user='Administrator') job in 0:00:00.329075s on worker c12d4b1b1e4c41d098456876f310b66f
2026-09-19 16:30:02,202 home-admin-Documents-nesa_projects-erpnext-vms-system-vms-system:default: Job OK (vms.localhost||scheduled_job||4g3ha9os4t)
2026-09-19 16:30:02,202 Result is kept for 600 seconds
2026-09-19 16:30:02,209 home-admin-Documents-nesa_projects-erpnext-vms-system-vms-system:default: frappe.utils.background_jobs.execute_job(event=None, is_async=True, job_name='frappe.core.doctype.scheduled_job_type.scheduled_job_type.run_scheduled_jo..., kwargs={'job_type': 'frappe.automation_engine.scheduler.process_cron', 'scheduled_..., method='frappe.core.doctype.scheduled_job_type.scheduled_job_type.run_scheduled_jo..., site='vms.localhost', user='Administrator') (vms.localhost||scheduled_job||r6c7imf2kv)
2026-09-19 16:30:02,449 Successfully completed frappe.utils.background_jobs.execute_job(event=None, is_async=True, job_name='frappe.core.doctype.scheduled_job_type.scheduled_job_type.run_scheduled_jo..., kwargs={'job_type': 'frappe.automation_engine.scheduler.process_cron', 'scheduled_..., method='frappe.core.doctype.scheduled_job_type.scheduled_job_type.run_scheduled_jo..., site='vms.localhost', user='Administrator') job in 0:00:00.235268s on worker c12d4b1b1e4c41d098456876f310b66f
2026-09-19 16:30:02,449 home-admin-Documents-nesa_projects-erpnext-vms-system-vms-system:default: Job OK (vms.localhost||scheduled_job||r6c7imf2kv)
2026-09-19 16:30:02,449 Result is kept for 600 seconds
2026-09-19 16:30:02,456 home-admin-Documents-nesa_projects-erpnext-vms-system-vms-system:default: frappe.utils.background_jobs.execute_job(event=None, is_async=True, job_name='frappe.core.doctype.scheduled_job_type.scheduled_job_type.run_scheduled_jo..., kwargs={'job_type': 'frappe.search.sqlite_search.index_docs_in_queue', 'scheduled_..., method='frappe.core.doctype.scheduled_job_type.scheduled_job_type.run_scheduled_jo..., site='vms.localhost', user='Administrator') (vms.localhost||scheduled_job||r6b0va6b0s)
2026-09-19 16:30:02,694 Successfully completed frappe.utils.background_jobs.execute_job(event=None, is_async=True, job_name='frappe.core.doctype.scheduled_job_type.scheduled_job_type.run_scheduled_jo..., kwargs={'job_type': 'frappe.search.sqlite_search.index_docs_in_queue', 'scheduled_..., method='frappe.core.doctype.scheduled_job_type.scheduled_job_type.run_scheduled_jo..., site='vms.localhost', user='Administrator') job in 0:00:00.231180s on worker c12d4b1b1e4c41d098456876f310b66f
2026-09-19 16:30:02,695 home-admin-Documents-nesa_projects-erpnext-vms-system-vms-system:default: Job OK (vms.localhost||scheduled_job||r6b0va6b0s)
2026-09-19 16:30:02,695 Result is kept for 600 seconds
2026-09-19 16:30:02,699 home-admin-Documents-nesa_projects-erpnext-vms-system-vms-system:default: frappe.utils.background_jobs.execute_job(event=None, is_async=True, job_name='frappe.core.doctype.scheduled_job_type.scheduled_job_type.run_scheduled_jo..., kwargs={'job_type': 'frappe.integrations.doctype.webhook.webhook.retry_failed_webh..., method='frappe.core.doctype.scheduled_job_type.scheduled_job_type.run_scheduled_jo..., site='vms.localhost', user='Administrator') (vms.localhost||scheduled_job||r6bem02261)
2026-09-19 16:30:02,919 Successfully completed frappe.utils.background_jobs.execute_job(event=None, is_async=True, job_name='frappe.core.doctype.scheduled_job_type.scheduled_job_type.run_scheduled_jo..., kwargs={'job_type': 'frappe.integrations.doctype.webhook.webhook.retry_failed_webh..., method='frappe.core.doctype.scheduled_job_type.scheduled_job_type.run_scheduled_jo..., site='vms.localhost', user='Administrator') job in 0:00:00.216118s on worker c12d4b1b1e4c41d098456876f310b66f
2026-09-19 16:30:02,919 home-admin-Documents-nesa_projects-erpnext-vms-system-vms-system:default: Job OK (vms.localhost||scheduled_job||r6bem02261)
2026-09-19 16:30:02,919 Result is kept for 600 seconds
2026-09-19 16:30:02,924 home-admin-Documents-nesa_projects-erpnext-vms-system-vms-system:default: frappe.utils.background_jobs.execute_job(event=None, is_async=True, job_name='frappe.core.doctype.scheduled_job_type.scheduled_job_type.run_scheduled_jo..., kwargs={'job_type': 'frappe.utils.telemetry.pulse.client.send_queued_events', 'sch..., method='frappe.core.doctype.scheduled_job_type.scheduled_job_type.run_scheduled_jo..., site='vms.localhost', user='Administrator') (vms.localhost||scheduled_job||r6cjuaehis)
2026-09-19 16:30:03,143 Successfully completed frappe.utils.background_jobs.execute_job(event=None, is_async=True, job_name='frappe.core.doctype.scheduled_job_type.scheduled_job_type.run_scheduled_jo..., kwargs={'job_type': 'frappe.utils.telemetry.pulse.client.send_queued_events', 'sch..., method='frappe.core.doctype.scheduled_job_type.scheduled_job_type.run_scheduled_jo..., site='vms.localhost', user='Administrator') job in 0:00:00.216189s on worker c12d4b1b1e4c41d098456876f310b66f
2026-09-19 16:30:03,144 home-admin-Documents-nesa_projects-erpnext-vms-system-vms-system:default: Job OK (vms.localhost||scheduled_job||r6cjuaehis)
2026-09-19 16:30:03,144 Result is kept for 600 seconds
2026-09-19 16:30:03,148 home-admin-Documents-nesa_projects-erpnext-vms-system-vms-system:default: frappe.utils.background_jobs.execute_job(event=None, is_async=True, job_name='frappe.core.doctype.scheduled_job_type.scheduled_job_type.run_scheduled_jo..., kwargs={'job_type': 'erpnext.accounts.doctype.process_payment_reconciliation.proce..., method='frappe.core.doctype.scheduled_job_type.scheduled_job_type.run_scheduled_jo..., site='vms.localhost', user='Administrator') (vms.localhost||scheduled_job||4g2jtms1sc)
2026-09-19 16:30:03,377 Successfully completed frappe.utils.background_jobs.execute_job(event=None, is_async=True, job_name='frappe.core.doctype.scheduled_job_type.scheduled_job_type.run_scheduled_jo..., kwargs={'job_type': 'erpnext.accounts.doctype.process_payment_reconciliation.proce..., method='frappe.core.doctype.scheduled_job_type.scheduled_job_type.run_scheduled_jo..., site='vms.localhost', user='Administrator') job in 0:00:00.224868s on worker c12d4b1b1e4c41d098456876f310b66f
2026-09-19 16:30:03,377 home-admin-Documents-nesa_projects-erpnext-vms-system-vms-system:default: Job OK (vms.localhost||scheduled_job||4g2jtms1sc)
2026-09-19 16:30:03,377 Result is kept for 600 seconds
2026-09-19 16:30:03,381 home-admin-Documents-nesa_projects-erpnext-vms-system-vms-system:default: frappe.utils.background_jobs.execute_job(event=None, is_async=True, job_name='frappe.core.doctype.scheduled_job_type.scheduled_job_type.run_scheduled_jo..., kwargs={'job_type': 'frappe.monitor.flush', 'scheduled_job_type': 'r6cn4pa2nj'}, method='frappe.core.doctype.scheduled_job_type.scheduled_job_type.run_scheduled_jo..., site='vms.localhost', user='Administrator') (vms.localhost||scheduled_job||r6cn4pa2nj)
2026-09-19 16:30:03,600 Successfully completed frappe.utils.background_jobs.execute_job(event=None, is_async=True, job_name='frappe.core.doctype.scheduled_job_type.scheduled_job_type.run_scheduled_jo..., kwargs={'job_type': 'frappe.monitor.flush', 'scheduled_job_type': 'r6cn4pa2nj'}, method='frappe.core.doctype.scheduled_job_type.scheduled_job_type.run_scheduled_jo..., site='vms.localhost', user='Administrator') job in 0:00:00.214508s on worker c12d4b1b1e4c41d098456876f310b66f
2026-09-19 16:30:03,600 home-admin-Documents-nesa_projects-erpnext-vms-system-vms-system:default: Job OK (vms.localhost||scheduled_job||r6cn4pa2nj)
2026-09-19 16:30:03,600 Result is kept for 600 seconds
2026-09-19 16:30:03,604 home-admin-Documents-nesa_projects-erpnext-vms-system-vms-system:default: frappe.utils.background_jobs.execute_job(event=None, is_async=True, job_name='frappe.core.doctype.scheduled_job_type.scheduled_job_type.run_scheduled_jo..., kwargs={'job_type': 'erpnext.accounts.doctype.gl_entry.gl_entry.rename_gle_sle_doc..., method='frappe.core.doctype.scheduled_job_type.scheduled_job_type.run_scheduled_jo..., site='vms.localhost', user='Administrator') (vms.localhost||scheduled_job||4g2864at1r)
2026-09-19 16:30:03,868 Successfully completed frappe.utils.background_jobs.execute_job(event=None, is_async=True, job_name='frappe.core.doctype.scheduled_job_type.scheduled_job_type.run_scheduled_jo..., kwargs={'job_type': 'erpnext.accounts.doctype.gl_entry.gl_entry.rename_gle_sle_doc..., method='frappe.core.doctype.scheduled_job_type.scheduled_job_type.run_scheduled_jo..., site='vms.localhost', user='Administrator') job in 0:00:00.259766s on worker c12d4b1b1e4c41d098456876f310b66f
2026-09-19 16:30:03,868 home-admin-Documents-nesa_projects-erpnext-vms-system-vms-system:default: Job OK (vms.localhost||scheduled_job||4g2864at1r)
2026-09-19 16:30:03,868 Result is kept for 600 seconds
2026-09-19 16:30:03,873 home-admin-Documents-nesa_projects-erpnext-vms-system-vms-system:default: frappe.utils.background_jobs.execute_job(event=None, is_async=True, job_name='frappe.core.doctype.scheduled_job_type.scheduled_job_type.run_scheduled_jo..., kwargs={'job_type': 'erpnext.manufacturing.doctype.bom_update_log.bom_update_log.r..., method='frappe.core.doctype.scheduled_job_type.scheduled_job_type.run_scheduled_jo..., site='vms.localhost', user='Administrator') (vms.localhost||scheduled_job||4g2rahgf4c)
2026-09-19 16:30:04,110 Successfully completed frappe.utils.background_jobs.execute_job(event=None, is_async=True, job_name='frappe.core.doctype.scheduled_job_type.scheduled_job_type.run_scheduled_jo..., kwargs={'job_type': 'erpnext.manufacturing.doctype.bom_update_log.bom_update_log.r..., method='frappe.core.doctype.scheduled_job_type.scheduled_job_type.run_scheduled_jo..., site='vms.localhost', user='Administrator') job in 0:00:00.233393s on worker c12d4b1b1e4c41d098456876f310b66f
2026-09-19 16:30:04,110 home-admin-Documents-nesa_projects-erpnext-vms-system-vms-system:default: Job OK (vms.localhost||scheduled_job||4g2rahgf4c)
2026-09-19 16:30:04,110 Result is kept for 600 seconds
2026-09-19 16:30:04,115 home-admin-Documents-nesa_projects-erpnext-vms-system-vms-system:default: frappe.utils.background_jobs.execute_job(event=None, is_async=True, job_name='frappe.core.doctype.scheduled_job_type.scheduled_job_type.run_scheduled_jo..., kwargs={'job_type': 'frappe.email.queue.retry_sending_emails', 'scheduled_job_type..., method='frappe.core.doctype.scheduled_job_type.scheduled_job_type.run_scheduled_jo..., site='vms.localhost', user='Administrator') (vms.localhost||scheduled_job||r6cfjq81g8)
2026-09-19 16:30:04,347 Successfully completed frappe.utils.background_jobs.execute_job(event=None, is_async=True, job_name='frappe.core.doctype.scheduled_job_type.scheduled_job_type.run_scheduled_jo..., kwargs={'job_type': 'frappe.email.queue.retry_sending_emails', 'scheduled_job_type..., method='frappe.core.doctype.scheduled_job_type.scheduled_job_type.run_scheduled_jo..., site='vms.localhost', user='Administrator') job in 0:00:00.226904s on worker c12d4b1b1e4c41d098456876f310b66f
2026-09-19 16:30:04,347 home-admin-Documents-nesa_projects-erpnext-vms-system-vms-system:default: Job OK (vms.localhost||scheduled_job||r6cfjq81g8)
2026-09-19 16:30:04,347 Result is kept for 600 seconds
2026-09-19 16:30:04,352 home-admin-Documents-nesa_projects-erpnext-vms-system-vms-system:default: frappe.utils.background_jobs.execute_job(event=None, is_async=True, job_name='frappe.core.doctype.scheduled_job_type.scheduled_job_type.run_scheduled_jo..., kwargs={'job_type': 'frappe.utils.global_search.sync_global_search', 'scheduled_jo..., method='frappe.core.doctype.scheduled_job_type.scheduled_job_type.run_scheduled_jo..., site='vms.localhost', user='Administrator') (vms.localhost||scheduled_job||r6cfmki32o)
2026-09-19 16:30:04,573 Successfully completed frappe.utils.background_jobs.execute_job(event=None, is_async=True, job_name='frappe.core.doctype.scheduled_job_type.scheduled_job_type.run_scheduled_jo..., kwargs={'job_type': 'frappe.utils.global_search.sync_global_search', 'scheduled_jo..., method='frappe.core.doctype.scheduled_job_type.scheduled_job_type.run_scheduled_jo..., site='vms.localhost', user='Administrator') job in 0:00:00.217176s on worker c12d4b1b1e4c41d098456876f310b66f
2026-09-19 16:30:04,573 home-admin-Documents-nesa_projects-erpnext-vms-system-vms-system:default: Job OK (vms.localhost||scheduled_job||r6cfmki32o)
2026-09-19 16:30:04,574 Result is kept for 600 seconds
2026-09-19 16:30:04,579 home-admin-Documents-nesa_projects-erpnext-vms-system-vms-system:default: frappe.utils.background_jobs.execute_job(event=None, is_async=True, job_name='frappe.core.doctype.scheduled_job_type.scheduled_job_type.run_scheduled_jo..., kwargs={'job_type': 'frappe.email.queue.flush', 'scheduled_job_type': 'r6cffmj05i'..., method='frappe.core.doctype.scheduled_job_type.scheduled_job_type.run_scheduled_jo..., site='vms.localhost', user='Administrator') (vms.localhost||scheduled_job||r6cffmj05i)
2026-09-19 16:30:04,820 Successfully completed frappe.utils.background_jobs.execute_job(event=None, is_async=True, job_name='frappe.core.doctype.scheduled_job_type.scheduled_job_type.run_scheduled_jo..., kwargs={'job_type': 'frappe.email.queue.flush', 'scheduled_job_type': 'r6cffmj05i'..., method='frappe.core.doctype.scheduled_job_type.scheduled_job_type.run_scheduled_jo..., site='vms.localhost', user='Administrator') job in 0:00:00.237083s on worker c12d4b1b1e4c41d098456876f310b66f
2026-09-19 16:30:04,820 home-admin-Documents-nesa_projects-erpnext-vms-system-vms-system:default: Job OK (vms.localhost||scheduled_job||r6cffmj05i)
2026-09-19 16:30:04,820 Result is kept for 600 seconds
2026-09-19 16:30:04,826 home-admin-Documents-nesa_projects-erpnext-vms-system-vms-system:default: frappe.utils.background_jobs.execute_job(event=None, is_async=True, job_name='frappe.core.doctype.scheduled_job_type.scheduled_job_type.run_scheduled_jo..., kwargs={'job_type': 'frappe.email.doctype.email_account.email_account.pull', 'sche..., method='frappe.core.doctype.scheduled_job_type.scheduled_job_type.run_scheduled_jo..., site='vms.localhost', user='Administrator') (vms.localhost||scheduled_job||r6co2s6eeh)
2026-09-19 16:30:05,061 Successfully completed frappe.utils.background_jobs.execute_job(event=None, is_async=True, job_name='frappe.core.doctype.scheduled_job_type.scheduled_job_type.run_scheduled_jo..., kwargs={'job_type': 'frappe.email.doctype.email_account.email_account.pull', 'sche..., method='frappe.core.doctype.scheduled_job_type.scheduled_job_type.run_scheduled_jo..., site='vms.localhost', user='Administrator') job in 0:00:00.231083s on worker c12d4b1b1e4c41d098456876f310b66f
2026-09-19 16:30:05,061 home-admin-Documents-nesa_projects-erpnext-vms-system-vms-system:default: Job OK (vms.localhost||scheduled_job||r6co2s6eeh)
2026-09-19 16:30:05,061 Result is kept for 600 seconds
2026-09-19 16:30:05,067 home-admin-Documents-nesa_projects-erpnext-vms-system-vms-system:default: frappe.utils.background_jobs.execute_job(event=None, is_async=True, job_name='frappe.core.doctype.scheduled_job_type.scheduled_job_type.run_scheduled_jo..., kwargs={'job_type': 'frappe.automation_engine.drainer.drain_due', 'scheduled_job_t..., method='frappe.core.doctype.scheduled_job_type.scheduled_job_type.run_scheduled_jo..., site='vms.localhost', user='Administrator') (vms.localhost||scheduled_job||r6cf3826fc)
2026-09-19 16:30:05,305 Successfully completed frappe.utils.background_jobs.execute_job(event=None, is_async=True, job_name='frappe.core.doctype.scheduled_job_type.scheduled_job_type.run_scheduled_jo..., kwargs={'job_type': 'frappe.automation_engine.drainer.drain_due', 'scheduled_job_t..., method='frappe.core.doctype.scheduled_job_type.scheduled_job_type.run_scheduled_jo..., site='vms.localhost', user='Administrator') job in 0:00:00.233684s on worker c12d4b1b1e4c41d098456876f310b66f
2026-09-19 16:30:05,305 home-admin-Documents-nesa_projects-erpnext-vms-system-vms-system:default: Job OK (vms.localhost||scheduled_job||r6cf3826fc)
2026-09-19 16:30:05,305 Result is kept for 600 seconds
2026-09-19 16:30:05,312 home-admin-Documents-nesa_projects-erpnext-vms-system-vms-system:default: frappe.utils.background_jobs.execute_job(event=None, is_async=True, job_name='frappe.core.doctype.scheduled_job_type.scheduled_job_type.run_scheduled_jo..., kwargs={'job_type': 'frappe.automation.doctype.reminder.reminder.send_reminders', ..., method='frappe.core.doctype.scheduled_job_type.scheduled_job_type.run_scheduled_jo..., site='vms.localhost', user='Administrator') (vms.localhost||scheduled_job||r6cm239u8l)
2026-09-19 16:30:05,578 Successfully completed frappe.utils.background_jobs.execute_job(event=None, is_async=True, job_name='frappe.core.doctype.scheduled_job_type.scheduled_job_type.run_scheduled_jo..., kwargs={'job_type': 'frappe.automation.doctype.reminder.reminder.send_reminders', ..., method='frappe.core.doctype.scheduled_job_type.scheduled_job_type.run_scheduled_jo..., site='vms.localhost', user='Administrator') job in 0:00:00.259723s on worker c12d4b1b1e4c41d098456876f310b66f
2026-09-19 16:30:05,578 home-admin-Documents-nesa_projects-erpnext-vms-system-vms-system:default: Job OK (vms.localhost||scheduled_job||r6cm239u8l)
2026-09-19 16:30:05,578 Result is kept for 600 seconds
2026-09-19 16:34:00,675 home-admin-Documents-nesa_projects-erpnext-vms-system-vms-system:default: frappe.utils.background_jobs.execute_job(event=None, is_async=True, job_name='frappe.core.doctype.scheduled_job_type.scheduled_job_type.run_scheduled_jo..., kwargs={'job_type': 'frappe.email.queue.flush', 'scheduled_job_type': 'r6cffmj05i'..., method='frappe.core.doctype.scheduled_job_type.scheduled_job_type.run_scheduled_jo..., site='vms.localhost', user='Administrator') (vms.localhost||scheduled_job||r6cffmj05i)
2026-09-19 16:34:00,911 Successfully completed frappe.utils.background_jobs.execute_job(event=None, is_async=True, job_name='frappe.core.doctype.scheduled_job_type.scheduled_job_type.run_scheduled_jo..., kwargs={'job_type': 'frappe.email.queue.flush', 'scheduled_job_type': 'r6cffmj05i'..., method='frappe.core.doctype.scheduled_job_type.scheduled_job_type.run_scheduled_jo..., site='vms.localhost', user='Administrator') job in 0:00:00.228966s on worker c12d4b1b1e4c41d098456876f310b66f
2026-09-19 16:34:00,911 home-admin-Documents-nesa_projects-erpnext-vms-system-vms-system:default: Job OK (vms.localhost||scheduled_job||r6cffmj05i)
2026-09-19 16:34:00,911 Result is kept for 600 seconds
2026-09-19 16:34:00,916 home-admin-Documents-nesa_projects-erpnext-vms-system-vms-system:default: frappe.utils.background_jobs.execute_job(event=None, is_async=True, job_name='frappe.core.doctype.scheduled_job_type.scheduled_job_type.run_scheduled_jo..., kwargs={'job_type': 'frappe.monitor.flush', 'scheduled_job_type': 'r6cn4pa2nj'}, method='frappe.core.doctype.scheduled_job_type.scheduled_job_type.run_scheduled_jo..., site='vms.localhost', user='Administrator') (vms.localhost||scheduled_job||r6cn4pa2nj)
2026-09-19 16:34:01,142 Successfully completed frappe.utils.background_jobs.execute_job(event=None, is_async=True, job_name='frappe.core.doctype.scheduled_job_type.scheduled_job_type.run_scheduled_jo..., kwargs={'job_type': 'frappe.monitor.flush', 'scheduled_job_type': 'r6cn4pa2nj'}, method='frappe.core.doctype.scheduled_job_type.scheduled_job_type.run_scheduled_jo..., site='vms.localhost', user='Administrator') job in 0:00:00.222087s on worker c12d4b1b1e4c41d098456876f310b66f
2026-09-19 16:34:01,142 home-admin-Documents-nesa_projects-erpnext-vms-system-vms-system:default: Job OK (vms.localhost||scheduled_job||r6cn4pa2nj)
2026-09-19 16:34:01,142 Result is kept for 600 seconds
2026-09-19 16:34:01,146 home-admin-Documents-nesa_projects-erpnext-vms-system-vms-system:default: frappe.utils.background_jobs.execute_job(event=None, is_async=True, job_name='frappe.core.doctype.scheduled_job_type.scheduled_job_type.run_scheduled_jo..., kwargs={'job_type': 'frappe.email.queue.retry_sending_emails', 'scheduled_job_type..., method='frappe.core.doctype.scheduled_job_type.scheduled_job_type.run_scheduled_jo..., site='vms.localhost', user='Administrator') (vms.localhost||scheduled_job||r6cfjq81g8)
2026-09-19 16:34:01,389 Successfully completed frappe.utils.background_jobs.execute_job(event=None, is_async=True, job_name='frappe.core.doctype.scheduled_job_type.scheduled_job_type.run_scheduled_jo..., kwargs={'job_type': 'frappe.email.queue.retry_sending_emails', 'scheduled_job_type..., method='frappe.core.doctype.scheduled_job_type.scheduled_job_type.run_scheduled_jo..., site='vms.localhost', user='Administrator') job in 0:00:00.239056s on worker c12d4b1b1e4c41d098456876f310b66f
2026-09-19 16:34:01,389 home-admin-Documents-nesa_projects-erpnext-vms-system-vms-system:default: Job OK (vms.localhost||scheduled_job||r6cfjq81g8)
2026-09-19 16:34:01,389 Result is kept for 600 seconds
2026-09-19 16:34:01,394 home-admin-Documents-nesa_projects-erpnext-vms-system-vms-system:default: frappe.utils.background_jobs.execute_job(event=None, is_async=True, job_name='frappe.core.doctype.scheduled_job_type.scheduled_job_type.run_scheduled_jo..., kwargs={'job_type': 'frappe.integrations.doctype.google_calendar.google_calendar.s..., method='frappe.core.doctype.scheduled_job_type.scheduled_job_type.run_scheduled_jo..., site='vms.localhost', user='Administrator') (vms.localhost||scheduled_job||r6cgbuk2q9)
2026-09-19 16:34:01,636 Successfully completed frappe.utils.background_jobs.execute_job(event=None, is_async=True, job_name='frappe.core.doctype.scheduled_job_type.scheduled_job_type.run_scheduled_jo..., kwargs={'job_type': 'frappe.integrations.doctype.google_calendar.google_calendar.s..., method='frappe.core.doctype.scheduled_job_type.scheduled_job_type.run_scheduled_jo..., site='vms.localhost', user='Administrator') job in 0:00:00.238645s on worker c12d4b1b1e4c41d098456876f310b66f
2026-09-19 16:34:01,636 home-admin-Documents-nesa_projects-erpnext-vms-system-vms-system:default: Job OK (vms.localhost||scheduled_job||r6cgbuk2q9)
2026-09-19 16:34:01,636 Result is kept for 600 seconds
2026-09-19 16:34:38,094 Worker c12d4b1b1e4c41d098456876f310b66f [PID 50609]: warm shut down requested
2026-09-19 16:34:38,099 Worker c12d4b1b1e4c41d098456876f310b66f: unsubscribing from channel rq:pubsub:c12d4b1b1e4c41d098456876f310b66f
2026-09-19 16:36:20,797 Worker 27893a0a8c124fb2a68c1d7dc5029348: started with PID 58258, version 2.6.1
2026-09-19 16:36:20,797 Worker 27893a0a8c124fb2a68c1d7dc5029348: subscribing to channel rq:pubsub:27893a0a8c124fb2a68c1d7dc5029348
2026-09-19 16:36:20,798 *** Listening on home-admin-Documents-nesa_projects-erpnext-vms-system-vms-system:short, home-admin-Documents-nesa_projects-erpnext-vms-system-vms-system:default, home-admin-Documents-nesa_projects-erpnext-vms-system-vms-system:long...
2026-09-19 16:36:20,799 Worker 27893a0a8c124fb2a68c1d7dc5029348: cleaning registries for queue: home-admin-Documents-nesa_projects-erpnext-vms-system-vms-system:short
2026-09-19 16:36:20,800 Worker 27893a0a8c124fb2a68c1d7dc5029348: cleaning registries for queue: home-admin-Documents-nesa_projects-erpnext-vms-system-vms-system:default
2026-09-19 16:36:20,800 Worker 27893a0a8c124fb2a68c1d7dc5029348: cleaning registries for queue: home-admin-Documents-nesa_projects-erpnext-vms-system-vms-system:long
2026-09-19 16:36:30,358 Worker 27893a0a8c124fb2a68c1d7dc5029348 [PID 58258]: warm shut down requested
2026-09-19 16:36:30,360 Worker 27893a0a8c124fb2a68c1d7dc5029348: unsubscribing from channel rq:pubsub:27893a0a8c124fb2a68c1d7dc5029348
2026-09-19 16:36:53,176 Worker ff86f132b5c54f63a1caa6c7e35d1b36: started with PID 58972, version 2.6.1
2026-09-19 16:36:53,176 Worker ff86f132b5c54f63a1caa6c7e35d1b36: subscribing to channel rq:pubsub:ff86f132b5c54f63a1caa6c7e35d1b36
2026-09-19 16:36:53,176 *** Listening on home-admin-Documents-nesa_projects-erpnext-vms-system-vms-system:short, home-admin-Documents-nesa_projects-erpnext-vms-system-vms-system:default, home-admin-Documents-nesa_projects-erpnext-vms-system-vms-system:long...
2026-09-19 16:36:53,177 Worker ff86f132b5c54f63a1caa6c7e35d1b36: cleaning registries for queue: home-admin-Documents-nesa_projects-erpnext-vms-system-vms-system:short
2026-09-19 16:36:53,177 Worker ff86f132b5c54f63a1caa6c7e35d1b36: cleaning registries for queue: home-admin-Documents-nesa_projects-erpnext-vms-system-vms-system:default
2026-09-19 16:36:53,178 Worker ff86f132b5c54f63a1caa6c7e35d1b36: cleaning registries for queue: home-admin-Documents-nesa_projects-erpnext-vms-system-vms-system:long
2026-09-19 16:38:00,808 home-admin-Documents-nesa_projects-erpnext-vms-system-vms-system:default: frappe.utils.background_jobs.execute_job(event=None, is_async=True, job_name='frappe.core.doctype.scheduled_job_type.scheduled_job_type.run_scheduled_jo..., kwargs={'job_type': 'frappe.integrations.doctype.webhook.webhook.retry_failed_webh..., method='frappe.core.doctype.scheduled_job_type.scheduled_job_type.run_scheduled_jo..., site='vms.localhost', user='Administrator') (vms.localhost||scheduled_job||r6bem02261)
2026-09-19 16:38:01,101 Successfully completed frappe.utils.background_jobs.execute_job(event=None, is_async=True, job_name='frappe.core.doctype.scheduled_job_type.scheduled_job_type.run_scheduled_jo..., kwargs={'job_type': 'frappe.integrations.doctype.webhook.webhook.retry_failed_webh..., method='frappe.core.doctype.scheduled_job_type.scheduled_job_type.run_scheduled_jo..., site='vms.localhost', user='Administrator') job in 0:00:00.272217s on worker ff86f132b5c54f63a1caa6c7e35d1b36
2026-09-19 16:38:01,101 home-admin-Documents-nesa_projects-erpnext-vms-system-vms-system:default: Job OK (vms.localhost||scheduled_job||r6bem02261)
2026-09-19 16:38:01,101 Result is kept for 600 seconds
2026-09-19 16:38:01,107 home-admin-Documents-nesa_projects-erpnext-vms-system-vms-system:default: frappe.utils.background_jobs.execute_job(event=None, is_async=True, job_name='frappe.core.doctype.scheduled_job_type.scheduled_job_type.run_scheduled_jo..., kwargs={'job_type': 'frappe.automation_engine.drainer.drain_due', 'scheduled_job_t..., method='frappe.core.doctype.scheduled_job_type.scheduled_job_type.run_scheduled_jo..., site='vms.localhost', user='Administrator') (vms.localhost||scheduled_job||r6cf3826fc)
2026-09-19 16:38:01,383 Successfully completed frappe.utils.background_jobs.execute_job(event=None, is_async=True, job_name='frappe.core.doctype.scheduled_job_type.scheduled_job_type.run_scheduled_jo..., kwargs={'job_type': 'frappe.automation_engine.drainer.drain_due', 'scheduled_job_t..., method='frappe.core.doctype.scheduled_job_type.scheduled_job_type.run_scheduled_jo..., site='vms.localhost', user='Administrator') job in 0:00:00.272115s on worker ff86f132b5c54f63a1caa6c7e35d1b36
2026-09-19 16:38:01,383 home-admin-Documents-nesa_projects-erpnext-vms-system-vms-system:default: Job OK (vms.localhost||scheduled_job||r6cf3826fc)
2026-09-19 16:38:01,383 Result is kept for 600 seconds
2026-09-19 16:38:01,388 home-admin-Documents-nesa_projects-erpnext-vms-system-vms-system:default: frappe.utils.background_jobs.execute_job(event=None, is_async=True, job_name='frappe.core.doctype.scheduled_job_type.scheduled_job_type.run_scheduled_jo..., kwargs={'job_type': 'frappe.email.queue.retry_sending_emails', 'scheduled_job_type..., method='frappe.core.doctype.scheduled_job_type.scheduled_job_type.run_scheduled_jo..., site='vms.localhost', user='Administrator') (vms.localhost||scheduled_job||r6cfjq81g8)
2026-09-19 16:38:01,639 Successfully completed frappe.utils.background_jobs.execute_job(event=None, is_async=True, job_name='frappe.core.doctype.scheduled_job_type.scheduled_job_type.run_scheduled_jo..., kwargs={'job_type': 'frappe.email.queue.retry_sending_emails', 'scheduled_job_type..., method='frappe.core.doctype.scheduled_job_type.scheduled_job_type.run_scheduled_jo..., site='vms.localhost', user='Administrator') job in 0:00:00.247445s on worker ff86f132b5c54f63a1caa6c7e35d1b36
2026-09-19 16:38:01,640 home-admin-Documents-nesa_projects-erpnext-vms-system-vms-system:default: Job OK (vms.localhost||scheduled_job||r6cfjq81g8)
2026-09-19 16:38:01,640 Result is kept for 600 seconds
2026-09-19 16:38:01,644 home-admin-Documents-nesa_projects-erpnext-vms-system-vms-system:default: frappe.utils.background_jobs.execute_job(event=None, is_async=True, job_name='frappe.core.doctype.scheduled_job_type.scheduled_job_type.run_scheduled_jo..., kwargs={'job_type': 'frappe.integrations.doctype.google_calendar.google_calendar.s..., method='frappe.core.doctype.scheduled_job_type.scheduled_job_type.run_scheduled_jo..., site='vms.localhost', user='Administrator') (vms.localhost||scheduled_job||r6cgbuk2q9)
2026-09-19 16:38:01,901 Successfully completed frappe.utils.background_jobs.execute_job(event=None, is_async=True, job_name='frappe.core.doctype.scheduled_job_type.scheduled_job_type.run_scheduled_jo..., kwargs={'job_type': 'frappe.integrations.doctype.google_calendar.google_calendar.s..., method='frappe.core.doctype.scheduled_job_type.scheduled_job_type.run_scheduled_jo..., site='vms.localhost', user='Administrator') job in 0:00:00.252325s on worker ff86f132b5c54f63a1caa6c7e35d1b36
2026-09-19 16:38:01,902 home-admin-Documents-nesa_projects-erpnext-vms-system-vms-system:default: Job OK (vms.localhost||scheduled_job||r6cgbuk2q9)
2026-09-19 16:38:01,902 Result is kept for 600 seconds
2026-09-19 16:38:01,906 home-admin-Documents-nesa_projects-erpnext-vms-system-vms-system:default: frappe.utils.background_jobs.execute_job(event=None, is_async=True, job_name='frappe.core.doctype.scheduled_job_type.scheduled_job_type.run_scheduled_jo..., kwargs={'job_type': 'frappe.email.queue.flush', 'scheduled_job_type': 'r6cffmj05i'..., method='frappe.core.doctype.scheduled_job_type.scheduled_job_type.run_scheduled_jo..., site='vms.localhost', user='Administrator') (vms.localhost||scheduled_job||r6cffmj05i)
2026-09-19 16:38:02,192 Successfully completed frappe.utils.background_jobs.execute_job(event=None, is_async=True, job_name='frappe.core.doctype.scheduled_job_type.scheduled_job_type.run_scheduled_jo..., kwargs={'job_type': 'frappe.email.queue.flush', 'scheduled_job_type': 'r6cffmj05i'..., method='frappe.core.doctype.scheduled_job_type.scheduled_job_type.run_scheduled_jo..., site='vms.localhost', user='Administrator') job in 0:00:00.281525s on worker ff86f132b5c54f63a1caa6c7e35d1b36
2026-09-19 16:38:02,192 home-admin-Documents-nesa_projects-erpnext-vms-system-vms-system:default: Job OK (vms.localhost||scheduled_job||r6cffmj05i)
2026-09-19 16:38:02,193 Result is kept for 600 seconds
2026-09-19 16:38:02,199 home-admin-Documents-nesa_projects-erpnext-vms-system-vms-system:default: frappe.utils.background_jobs.execute_job(event=None, is_async=True, job_name='frappe.core.doctype.scheduled_job_type.scheduled_job_type.run_scheduled_jo..., kwargs={'job_type': 'frappe.email.doctype.notification.notification.trigger_offset..., method='frappe.core.doctype.scheduled_job_type.scheduled_job_type.run_scheduled_jo..., site='vms.localhost', user='Administrator') (vms.localhost||scheduled_job||r6bmsv0n1c)
2026-09-19 16:38:02,489 Successfully completed frappe.utils.background_jobs.execute_job(event=None, is_async=True, job_name='frappe.core.doctype.scheduled_job_type.scheduled_job_type.run_scheduled_jo..., kwargs={'job_type': 'frappe.email.doctype.notification.notification.trigger_offset..., method='frappe.core.doctype.scheduled_job_type.scheduled_job_type.run_scheduled_jo..., site='vms.localhost', user='Administrator') job in 0:00:00.285343s on worker ff86f132b5c54f63a1caa6c7e35d1b36
2026-09-19 16:38:02,489 home-admin-Documents-nesa_projects-erpnext-vms-system-vms-system:default: Job OK (vms.localhost||scheduled_job||r6bmsv0n1c)
2026-09-19 16:38:02,489 Result is kept for 600 seconds
2026-09-19 16:38:02,495 home-admin-Documents-nesa_projects-erpnext-vms-system-vms-system:default: frappe.utils.background_jobs.execute_job(event=None, is_async=True, job_name='frappe.core.doctype.scheduled_job_type.scheduled_job_type.run_scheduled_jo..., kwargs={'job_type': 'frappe.monitor.flush', 'scheduled_job_type': 'r6cn4pa2nj'}, method='frappe.core.doctype.scheduled_job_type.scheduled_job_type.run_scheduled_jo..., site='vms.localhost', user='Administrator') (vms.localhost||scheduled_job||r6cn4pa2nj)
2026-09-19 16:38:02,788 Successfully completed frappe.utils.background_jobs.execute_job(event=None, is_async=True, job_name='frappe.core.doctype.scheduled_job_type.scheduled_job_type.run_scheduled_jo..., kwargs={'job_type': 'frappe.monitor.flush', 'scheduled_job_type': 'r6cn4pa2nj'}, method='frappe.core.doctype.scheduled_job_type.scheduled_job_type.run_scheduled_jo..., site='vms.localhost', user='Administrator') job in 0:00:00.288794s on worker ff86f132b5c54f63a1caa6c7e35d1b36
2026-09-19 16:38:02,788 home-admin-Documents-nesa_projects-erpnext-vms-system-vms-system:default: Job OK (vms.localhost||scheduled_job||r6cn4pa2nj)
2026-09-19 16:38:02,788 Result is kept for 600 seconds
2026-09-19 16:38:02,793 home-admin-Documents-nesa_projects-erpnext-vms-system-vms-system:default: frappe.utils.background_jobs.execute_job(event=None, is_async=True, job_name='frappe.core.doctype.scheduled_job_type.scheduled_job_type.run_scheduled_jo..., kwargs={'job_type': 'frappe.automation_engine.scheduler.process_cron', 'scheduled_..., method='frappe.core.doctype.scheduled_job_type.scheduled_job_type.run_scheduled_jo..., site='vms.localhost', user='Administrator') (vms.localhost||scheduled_job||r6c7imf2kv)
2026-09-19 16:38:03,049 Successfully completed frappe.utils.background_jobs.execute_job(event=None, is_async=True, job_name='frappe.core.doctype.scheduled_job_type.scheduled_job_type.run_scheduled_jo..., kwargs={'job_type': 'frappe.automation_engine.scheduler.process_cron', 'scheduled_..., method='frappe.core.doctype.scheduled_job_type.scheduled_job_type.run_scheduled_jo..., site='vms.localhost', user='Administrator') job in 0:00:00.252569s on worker ff86f132b5c54f63a1caa6c7e35d1b36
2026-09-19 16:38:03,049 home-admin-Documents-nesa_projects-erpnext-vms-system-vms-system:default: Job OK (vms.localhost||scheduled_job||r6c7imf2kv)
2026-09-19 16:38:03,049 Result is kept for 600 seconds
2026-09-19 16:38:03,055 home-admin-Documents-nesa_projects-erpnext-vms-system-vms-system:default: frappe.utils.background_jobs.execute_job(event=None, is_async=True, job_name='frappe.core.doctype.scheduled_job_type.scheduled_job_type.run_scheduled_jo..., kwargs={'job_type': 'frappe.search.sqlite_search.index_docs_in_queue', 'scheduled_..., method='frappe.core.doctype.scheduled_job_type.scheduled_job_type.run_scheduled_jo..., site='vms.localhost', user='Administrator') (vms.localhost||scheduled_job||r6b0va6b0s)
2026-09-19 16:38:03,342 Successfully completed frappe.utils.background_jobs.execute_job(event=None, is_async=True, job_name='frappe.core.doctype.scheduled_job_type.scheduled_job_type.run_scheduled_jo..., kwargs={'job_type': 'frappe.search.sqlite_search.index_docs_in_queue', 'scheduled_..., method='frappe.core.doctype.scheduled_job_type.scheduled_job_type.run_scheduled_jo..., site='vms.localhost', user='Administrator') job in 0:00:00.282479s on worker ff86f132b5c54f63a1caa6c7e35d1b36
2026-09-19 16:38:03,342 home-admin-Documents-nesa_projects-erpnext-vms-system-vms-system:default: Job OK (vms.localhost||scheduled_job||r6b0va6b0s)
2026-09-19 16:38:03,342 Result is kept for 600 seconds
2026-09-19 16:40:18,131 home-admin-Documents-nesa_projects-erpnext-vms-system-vms-system:default: frappe.utils.background_jobs.execute_job(event=None, is_async=True, job_name='frappe.search.website_search.update_index_for_path', kwargs={'path': 'signup'}, method=<function update_index_for_path at 0x76f5b59d1430>, site='vms.localhost', user='Administrator') (vms.localhost||4390be29-44b1-4ded-90d5-235e85a998b9)
2026-09-19 16:40:18,633 Successfully completed frappe.utils.background_jobs.execute_job(event=None, is_async=True, job_name='frappe.search.website_search.update_index_for_path', kwargs={'path': 'signup'}, method=<function update_index_for_path at 0x76f5b59d1430>, site='vms.localhost', user='Administrator') job in 0:00:00.362598s on worker ff86f132b5c54f63a1caa6c7e35d1b36
2026-09-19 16:40:18,633 home-admin-Documents-nesa_projects-erpnext-vms-system-vms-system:default: Job OK (vms.localhost||4390be29-44b1-4ded-90d5-235e85a998b9)
2026-09-19 16:40:18,633 Result is kept for 600 seconds
2026-09-19 16:41:16,517 home-admin-Documents-nesa_projects-erpnext-vms-system-vms-system:default: frappe.utils.background_jobs.execute_job(event=None, is_async=True, job_name='frappe.search.website_search.update_index_for_path', kwargs={'path': 'signup'}, method=<function update_index_for_path at 0x76f5b59d1430>, site='vms.localhost', user='Administrator') (vms.localhost||9e6b9acc-5f59-4a8c-b82a-99c98d6c1395)
2026-09-19 16:41:16,925 Successfully completed frappe.utils.background_jobs.execute_job(event=None, is_async=True, job_name='frappe.search.website_search.update_index_for_path', kwargs={'path': 'signup'}, method=<function update_index_for_path at 0x76f5b59d1430>, site='vms.localhost', user='Administrator') job in 0:00:00.285157s on worker ff86f132b5c54f63a1caa6c7e35d1b36
2026-09-19 16:41:16,926 home-admin-Documents-nesa_projects-erpnext-vms-system-vms-system:default: Job OK (vms.localhost||9e6b9acc-5f59-4a8c-b82a-99c98d6c1395)
2026-09-19 16:41:16,926 Result is kept for 600 seconds
2026-09-19 16:42:00,829 home-admin-Documents-nesa_projects-erpnext-vms-system-vms-system:default: frappe.utils.background_jobs.execute_job(event=None, is_async=True, job_name='frappe.core.doctype.scheduled_job_type.scheduled_job_type.run_scheduled_jo..., kwargs={'job_type': 'frappe.automation_engine.scheduler.process_cron', 'scheduled_..., method='frappe.core.doctype.scheduled_job_type.scheduled_job_type.run_scheduled_jo..., site='vms.localhost', user='Administrator') (vms.localhost||scheduled_job||r6c7imf2kv)
2026-09-19 16:42:01,051 Successfully completed frappe.utils.background_jobs.execute_job(event=None, is_async=True, job_name='frappe.core.doctype.scheduled_job_type.scheduled_job_type.run_scheduled_jo..., kwargs={'job_type': 'frappe.automation_engine.scheduler.process_cron', 'scheduled_..., method='frappe.core.doctype.scheduled_job_type.scheduled_job_type.run_scheduled_jo..., site='vms.localhost', user='Administrator') job in 0:00:00.217887s on worker ff86f132b5c54f63a1caa6c7e35d1b36
2026-09-19 16:42:01,052 home-admin-Documents-nesa_projects-erpnext-vms-system-vms-system:default: Job OK (vms.localhost||scheduled_job||r6c7imf2kv)
2026-09-19 16:42:01,052 Result is kept for 600 seconds
2026-09-19 16:42:01,056 home-admin-Documents-nesa_projects-erpnext-vms-system-vms-system:default: frappe.utils.background_jobs.execute_job(event=None, is_async=True, job_name='frappe.core.doctype.scheduled_job_type.scheduled_job_type.run_scheduled_jo..., kwargs={'job_type': 'frappe.email.doctype.notification.notification.trigger_offset..., method='frappe.core.doctype.scheduled_job_type.scheduled_job_type.run_scheduled_jo..., site='vms.localhost', user='Administrator') (vms.localhost||scheduled_job||r6bmsv0n1c)
2026-09-19 16:42:01,296 Successfully completed frappe.utils.background_jobs.execute_job(event=None, is_async=True, job_name='frappe.core.doctype.scheduled_job_type.scheduled_job_type.run_scheduled_jo..., kwargs={'job_type': 'frappe.email.doctype.notification.notification.trigger_offset..., method='frappe.core.doctype.scheduled_job_type.scheduled_job_type.run_scheduled_jo..., site='vms.localhost', user='Administrator') job in 0:00:00.236235s on worker ff86f132b5c54f63a1caa6c7e35d1b36
2026-09-19 16:42:01,296 home-admin-Documents-nesa_projects-erpnext-vms-system-vms-system:default: Job OK (vms.localhost||scheduled_job||r6bmsv0n1c)
2026-09-19 16:42:01,296 Result is kept for 600 seconds
2026-09-19 16:42:01,302 home-admin-Documents-nesa_projects-erpnext-vms-system-vms-system:default: frappe.utils.background_jobs.execute_job(event=None, is_async=True, job_name='frappe.core.doctype.scheduled_job_type.scheduled_job_type.run_scheduled_jo..., kwargs={'job_type': 'frappe.email.doctype.email_account.email_account.pull', 'sche..., method='frappe.core.doctype.scheduled_job_type.scheduled_job_type.run_scheduled_jo..., site='vms.localhost', user='Administrator') (vms.localhost||scheduled_job||r6co2s6eeh)
2026-09-19 16:42:01,545 Successfully completed frappe.utils.background_jobs.execute_job(event=None, is_async=True, job_name='frappe.core.doctype.scheduled_job_type.scheduled_job_type.run_scheduled_jo..., kwargs={'job_type': 'frappe.email.doctype.email_account.email_account.pull', 'sche..., method='frappe.core.doctype.scheduled_job_type.scheduled_job_type.run_scheduled_jo..., site='vms.localhost', user='Administrator') job in 0:00:00.239918s on worker ff86f132b5c54f63a1caa6c7e35d1b36
2026-09-19 16:42:01,546 home-admin-Documents-nesa_projects-erpnext-vms-system-vms-system:default: Job OK (vms.localhost||scheduled_job||r6co2s6eeh)
2026-09-19 16:42:01,546 Result is kept for 600 seconds
2026-09-19 16:42:01,551 home-admin-Documents-nesa_projects-erpnext-vms-system-vms-system:default: frappe.utils.background_jobs.execute_job(event=None, is_async=True, job_name='frappe.core.doctype.scheduled_job_type.scheduled_job_type.run_scheduled_jo..., kwargs={'job_type': 'frappe.email.queue.flush', 'scheduled_job_type': 'r6cffmj05i'..., method='frappe.core.doctype.scheduled_job_type.scheduled_job_type.run_scheduled_jo..., site='vms.localhost', user='Administrator') (vms.localhost||scheduled_job||r6cffmj05i)
2026-09-19 16:42:01,794 Successfully completed frappe.utils.background_jobs.execute_job(event=None, is_async=True, job_name='frappe.core.doctype.scheduled_job_type.scheduled_job_type.run_scheduled_jo..., kwargs={'job_type': 'frappe.email.queue.flush', 'scheduled_job_type': 'r6cffmj05i'..., method='frappe.core.doctype.scheduled_job_type.scheduled_job_type.run_scheduled_jo..., site='vms.localhost', user='Administrator') job in 0:00:00.239740s on worker ff86f132b5c54f63a1caa6c7e35d1b36
2026-09-19 16:42:01,794 home-admin-Documents-nesa_projects-erpnext-vms-system-vms-system:default: Job OK (vms.localhost||scheduled_job||r6cffmj05i)
2026-09-19 16:42:01,794 Result is kept for 600 seconds
2026-09-19 16:42:01,800 home-admin-Documents-nesa_projects-erpnext-vms-system-vms-system:default: frappe.utils.background_jobs.execute_job(event=None, is_async=True, job_name='frappe.core.doctype.scheduled_job_type.scheduled_job_type.run_scheduled_jo..., kwargs={'job_type': 'frappe.monitor.flush', 'scheduled_job_type': 'r6cn4pa2nj'}, method='frappe.core.doctype.scheduled_job_type.scheduled_job_type.run_scheduled_jo..., site='vms.localhost', user='Administrator') (vms.localhost||scheduled_job||r6cn4pa2nj)
2026-09-19 16:42:02,045 Successfully completed frappe.utils.background_jobs.execute_job(event=None, is_async=True, job_name='frappe.core.doctype.scheduled_job_type.scheduled_job_type.run_scheduled_jo..., kwargs={'job_type': 'frappe.monitor.flush', 'scheduled_job_type': 'r6cn4pa2nj'}, method='frappe.core.doctype.scheduled_job_type.scheduled_job_type.run_scheduled_jo..., site='vms.localhost', user='Administrator') job in 0:00:00.240851s on worker ff86f132b5c54f63a1caa6c7e35d1b36
2026-09-19 16:42:02,045 home-admin-Documents-nesa_projects-erpnext-vms-system-vms-system:default: Job OK (vms.localhost||scheduled_job||r6cn4pa2nj)
2026-09-19 16:42:02,045 Result is kept for 600 seconds
2026-09-19 16:42:02,050 home-admin-Documents-nesa_projects-erpnext-vms-system-vms-system:default: frappe.utils.background_jobs.execute_job(event=None, is_async=True, job_name='frappe.core.doctype.scheduled_job_type.scheduled_job_type.run_scheduled_jo..., kwargs={'job_type': 'frappe.automation_engine.drainer.drain_due', 'scheduled_job_t..., method='frappe.core.doctype.scheduled_job_type.scheduled_job_type.run_scheduled_jo..., site='vms.localhost', user='Administrator') (vms.localhost||scheduled_job||r6cf3826fc)
2026-09-19 16:42:02,283 Successfully completed frappe.utils.background_jobs.execute_job(event=None, is_async=True, job_name='frappe.core.doctype.scheduled_job_type.scheduled_job_type.run_scheduled_jo..., kwargs={'job_type': 'frappe.automation_engine.drainer.drain_due', 'scheduled_job_t..., method='frappe.core.doctype.scheduled_job_type.scheduled_job_type.run_scheduled_jo..., site='vms.localhost', user='Administrator') job in 0:00:00.229258s on worker ff86f132b5c54f63a1caa6c7e35d1b36
2026-09-19 16:42:02,283 home-admin-Documents-nesa_projects-erpnext-vms-system-vms-system:default: Job OK (vms.localhost||scheduled_job||r6cf3826fc)
2026-09-19 16:42:02,283 Result is kept for 600 seconds
2026-09-19 16:42:02,289 home-admin-Documents-nesa_projects-erpnext-vms-system-vms-system:default: frappe.utils.background_jobs.execute_job(event=None, is_async=True, job_name='frappe.core.doctype.scheduled_job_type.scheduled_job_type.run_scheduled_jo..., kwargs={'job_type': 'frappe.search.sqlite_search.index_docs_in_queue', 'scheduled_..., method='frappe.core.doctype.scheduled_job_type.scheduled_job_type.run_scheduled_jo..., site='vms.localhost', user='Administrator') (vms.localhost||scheduled_job||r6b0va6b0s)
2026-09-19 16:42:02,543 Successfully completed frappe.utils.background_jobs.execute_job(event=None, is_async=True, job_name='frappe.core.doctype.scheduled_job_type.scheduled_job_type.run_scheduled_jo..., kwargs={'job_type': 'frappe.search.sqlite_search.index_docs_in_queue', 'scheduled_..., method='frappe.core.doctype.scheduled_job_type.scheduled_job_type.run_scheduled_jo..., site='vms.localhost', user='Administrator') job in 0:00:00.250248s on worker ff86f132b5c54f63a1caa6c7e35d1b36
2026-09-19 16:42:02,544 home-admin-Documents-nesa_projects-erpnext-vms-system-vms-system:default: Job OK (vms.localhost||scheduled_job||r6b0va6b0s)
2026-09-19 16:42:02,544 Result is kept for 600 seconds
2026-09-19 16:42:02,549 home-admin-Documents-nesa_projects-erpnext-vms-system-vms-system:default: frappe.utils.background_jobs.execute_job(event=None, is_async=True, job_name='frappe.core.doctype.scheduled_job_type.scheduled_job_type.run_scheduled_jo..., kwargs={'job_type': 'frappe.email.queue.retry_sending_emails', 'scheduled_job_type..., method='frappe.core.doctype.scheduled_job_type.scheduled_job_type.run_scheduled_jo..., site='vms.localhost', user='Administrator') (vms.localhost||scheduled_job||r6cfjq81g8)
2026-09-19 16:42:02,810 Successfully completed frappe.utils.background_jobs.execute_job(event=None, is_async=True, job_name='frappe.core.doctype.scheduled_job_type.scheduled_job_type.run_scheduled_jo..., kwargs={'job_type': 'frappe.email.queue.retry_sending_emails', 'scheduled_job_type..., method='frappe.core.doctype.scheduled_job_type.scheduled_job_type.run_scheduled_jo..., site='vms.localhost', user='Administrator') job in 0:00:00.256510s on worker ff86f132b5c54f63a1caa6c7e35d1b36
2026-09-19 16:42:02,810 home-admin-Documents-nesa_projects-erpnext-vms-system-vms-system:default: Job OK (vms.localhost||scheduled_job||r6cfjq81g8)
2026-09-19 16:42:02,810 Result is kept for 600 seconds
2026-09-19 16:42:02,815 home-admin-Documents-nesa_projects-erpnext-vms-system-vms-system:default: frappe.utils.background_jobs.execute_job(event=None, is_async=True, job_name='frappe.core.doctype.scheduled_job_type.scheduled_job_type.run_scheduled_jo..., kwargs={'job_type': 'frappe.integrations.doctype.google_calendar.google_calendar.s..., method='frappe.core.doctype.scheduled_job_type.scheduled_job_type.run_scheduled_jo..., site='vms.localhost', user='Administrator') (vms.localhost||scheduled_job||r6cgbuk2q9)
2026-09-19 16:42:03,069 Successfully completed frappe.utils.background_jobs.execute_job(event=None, is_async=True, job_name='frappe.core.doctype.scheduled_job_type.scheduled_job_type.run_scheduled_jo..., kwargs={'job_type': 'frappe.integrations.doctype.google_calendar.google_calendar.s..., method='frappe.core.doctype.scheduled_job_type.scheduled_job_type.run_scheduled_jo..., site='vms.localhost', user='Administrator') job in 0:00:00.249031s on worker ff86f132b5c54f63a1caa6c7e35d1b36
2026-09-19 16:42:03,069 home-admin-Documents-nesa_projects-erpnext-vms-system-vms-system:default: Job OK (vms.localhost||scheduled_job||r6cgbuk2q9)
2026-09-19 16:42:03,069 Result is kept for 600 seconds
2026-09-19 16:42:03,075 home-admin-Documents-nesa_projects-erpnext-vms-system-vms-system:default: frappe.utils.background_jobs.execute_job(event=None, is_async=True, job_name='frappe.core.doctype.scheduled_job_type.scheduled_job_type.run_scheduled_jo..., kwargs={'job_type': 'frappe.integrations.doctype.webhook.webhook.retry_failed_webh..., method='frappe.core.doctype.scheduled_job_type.scheduled_job_type.run_scheduled_jo..., site='vms.localhost', user='Administrator') (vms.localhost||scheduled_job||r6bem02261)
2026-09-19 16:42:03,317 Successfully completed frappe.utils.background_jobs.execute_job(event=None, is_async=True, job_name='frappe.core.doctype.scheduled_job_type.scheduled_job_type.run_scheduled_jo..., kwargs={'job_type': 'frappe.integrations.doctype.webhook.webhook.retry_failed_webh..., method='frappe.core.doctype.scheduled_job_type.scheduled_job_type.run_scheduled_jo..., site='vms.localhost', user='Administrator') job in 0:00:00.237956s on worker ff86f132b5c54f63a1caa6c7e35d1b36
2026-09-19 16:42:03,317 home-admin-Documents-nesa_projects-erpnext-vms-system-vms-system:default: Job OK (vms.localhost||scheduled_job||r6bem02261)
2026-09-19 16:42:03,317 Result is kept for 600 seconds
2026-09-19 16:42:29,005 home-admin-Documents-nesa_projects-erpnext-vms-system-vms-system:default: frappe.utils.background_jobs.execute_job(event=None, is_async=True, job_name='frappe.search.website_search.update_index_for_path', kwargs={'path': 'signup'}, method=<function update_index_for_path at 0x76f5b59d1430>, site='vms.localhost', user='Administrator') (vms.localhost||e6bf4fb3-3e92-4cdc-bcc0-0e8ec52cdc06)
2026-09-19 16:42:29,419 Successfully completed frappe.utils.background_jobs.execute_job(event=None, is_async=True, job_name='frappe.search.website_search.update_index_for_path', kwargs={'path': 'signup'}, method=<function update_index_for_path at 0x76f5b59d1430>, site='vms.localhost', user='Administrator') job in 0:00:00.282450s on worker ff86f132b5c54f63a1caa6c7e35d1b36
2026-09-19 16:42:29,419 home-admin-Documents-nesa_projects-erpnext-vms-system-vms-system:default: Job OK (vms.localhost||e6bf4fb3-3e92-4cdc-bcc0-0e8ec52cdc06)
2026-09-19 16:42:29,419 Result is kept for 600 seconds
2026-09-19 16:45:15,798 Worker ff86f132b5c54f63a1caa6c7e35d1b36 [PID 58972]: warm shut down requested
2026-09-19 16:45:15,800 Worker ff86f132b5c54f63a1caa6c7e35d1b36: unsubscribing from channel rq:pubsub:ff86f132b5c54f63a1caa6c7e35d1b36
2026-09-19 16:45:37,139 Worker ca273a5913694df195d72c2e32003653: started with PID 62251, version 2.6.1
2026-09-19 16:45:37,139 Worker ca273a5913694df195d72c2e32003653: subscribing to channel rq:pubsub:ca273a5913694df195d72c2e32003653
2026-09-19 16:45:37,140 *** Listening on home-admin-Documents-nesa_projects-erpnext-vms-system-vms-system:short, home-admin-Documents-nesa_projects-erpnext-vms-system-vms-system:default, home-admin-Documents-nesa_projects-erpnext-vms-system-vms-system:long...
2026-09-19 16:45:37,141 Worker ca273a5913694df195d72c2e32003653: cleaning registries for queue: home-admin-Documents-nesa_projects-erpnext-vms-system-vms-system:short
2026-09-19 16:45:37,142 Worker ca273a5913694df195d72c2e32003653: cleaning registries for queue: home-admin-Documents-nesa_projects-erpnext-vms-system-vms-system:default
2026-09-19 16:45:37,143 Worker ca273a5913694df195d72c2e32003653: cleaning registries for queue: home-admin-Documents-nesa_projects-erpnext-vms-system-vms-system:long
2026-09-19 16:46:00,900 home-admin-Documents-nesa_projects-erpnext-vms-system-vms-system:default: frappe.utils.background_jobs.execute_job(event=None, is_async=True, job_name='frappe.core.doctype.scheduled_job_type.scheduled_job_type.run_scheduled_jo..., kwargs={'job_type': 'frappe.automation_engine.scheduler.process_cron', 'scheduled_..., method='frappe.core.doctype.scheduled_job_type.scheduled_job_type.run_scheduled_jo..., site='vms.localhost', user='Administrator') (vms.localhost||scheduled_job||r6c7imf2kv)
2026-09-19 16:46:01,183 Successfully completed frappe.utils.background_jobs.execute_job(event=None, is_async=True, job_name='frappe.core.doctype.scheduled_job_type.scheduled_job_type.run_scheduled_jo..., kwargs={'job_type': 'frappe.automation_engine.scheduler.process_cron', 'scheduled_..., method='frappe.core.doctype.scheduled_job_type.scheduled_job_type.run_scheduled_jo..., site='vms.localhost', user='Administrator') job in 0:00:00.261113s on worker ca273a5913694df195d72c2e32003653
2026-09-19 16:46:01,183 home-admin-Documents-nesa_projects-erpnext-vms-system-vms-system:default: Job OK (vms.localhost||scheduled_job||r6c7imf2kv)
2026-09-19 16:46:01,183 Result is kept for 600 seconds
2026-09-19 16:46:01,188 home-admin-Documents-nesa_projects-erpnext-vms-system-vms-system:default: frappe.utils.background_jobs.execute_job(event=None, is_async=True, job_name='frappe.core.doctype.scheduled_job_type.scheduled_job_type.run_scheduled_jo..., kwargs={'job_type': 'frappe.email.queue.flush', 'scheduled_job_type': 'r6cffmj05i'..., method='frappe.core.doctype.scheduled_job_type.scheduled_job_type.run_scheduled_jo..., site='vms.localhost', user='Administrator') (vms.localhost||scheduled_job||r6cffmj05i)
2026-09-19 16:46:01,465 Successfully completed frappe.utils.background_jobs.execute_job(event=None, is_async=True, job_name='frappe.core.doctype.scheduled_job_type.scheduled_job_type.run_scheduled_jo..., kwargs={'job_type': 'frappe.email.queue.flush', 'scheduled_job_type': 'r6cffmj05i'..., method='frappe.core.doctype.scheduled_job_type.scheduled_job_type.run_scheduled_jo..., site='vms.localhost', user='Administrator') job in 0:00:00.272974s on worker ca273a5913694df195d72c2e32003653
2026-09-19 16:46:01,465 home-admin-Documents-nesa_projects-erpnext-vms-system-vms-system:default: Job OK (vms.localhost||scheduled_job||r6cffmj05i)
2026-09-19 16:46:01,465 Result is kept for 600 seconds
2026-09-19 16:46:01,470 home-admin-Documents-nesa_projects-erpnext-vms-system-vms-system:default: frappe.utils.background_jobs.execute_job(event=None, is_async=True, job_name='frappe.core.doctype.scheduled_job_type.scheduled_job_type.run_scheduled_jo..., kwargs={'job_type': 'frappe.email.queue.retry_sending_emails', 'scheduled_job_type..., method='frappe.core.doctype.scheduled_job_type.scheduled_job_type.run_scheduled_jo..., site='vms.localhost', user='Administrator') (vms.localhost||scheduled_job||r6cfjq81g8)
2026-09-19 16:46:01,722 Successfully completed frappe.utils.background_jobs.execute_job(event=None, is_async=True, job_name='frappe.core.doctype.scheduled_job_type.scheduled_job_type.run_scheduled_jo..., kwargs={'job_type': 'frappe.email.queue.retry_sending_emails', 'scheduled_job_type..., method='frappe.core.doctype.scheduled_job_type.scheduled_job_type.run_scheduled_jo..., site='vms.localhost', user='Administrator') job in 0:00:00.248414s on worker ca273a5913694df195d72c2e32003653
2026-09-19 16:46:01,722 home-admin-Documents-nesa_projects-erpnext-vms-system-vms-system:default: Job OK (vms.localhost||scheduled_job||r6cfjq81g8)
2026-09-19 16:46:01,722 Result is kept for 600 seconds
2026-09-19 16:46:01,727 home-admin-Documents-nesa_projects-erpnext-vms-system-vms-system:default: frappe.utils.background_jobs.execute_job(event=None, is_async=True, job_name='frappe.core.doctype.scheduled_job_type.scheduled_job_type.run_scheduled_jo..., kwargs={'job_type': 'erpnext.accounts.doctype.process_payment_reconciliation.proce..., method='frappe.core.doctype.scheduled_job_type.scheduled_job_type.run_scheduled_jo..., site='vms.localhost', user='Administrator') (vms.localhost||scheduled_job||4g2jtms1sc)
2026-09-19 16:46:01,964 Successfully completed frappe.utils.background_jobs.execute_job(event=None, is_async=True, job_name='frappe.core.doctype.scheduled_job_type.scheduled_job_type.run_scheduled_jo..., kwargs={'job_type': 'erpnext.accounts.doctype.process_payment_reconciliation.proce..., method='frappe.core.doctype.scheduled_job_type.scheduled_job_type.run_scheduled_jo..., site='vms.localhost', user='Administrator') job in 0:00:00.233409s on worker ca273a5913694df195d72c2e32003653
2026-09-19 16:46:01,964 home-admin-Documents-nesa_projects-erpnext-vms-system-vms-system:default: Job OK (vms.localhost||scheduled_job||4g2jtms1sc)
2026-09-19 16:46:01,964 Result is kept for 600 seconds
2026-09-19 16:46:01,969 home-admin-Documents-nesa_projects-erpnext-vms-system-vms-system:default: frappe.utils.background_jobs.execute_job(event=None, is_async=True, job_name='frappe.core.doctype.scheduled_job_type.scheduled_job_type.run_scheduled_jo..., kwargs={'job_type': 'frappe.integrations.doctype.google_calendar.google_calendar.s..., method='frappe.core.doctype.scheduled_job_type.scheduled_job_type.run_scheduled_jo..., site='vms.localhost', user='Administrator') (vms.localhost||scheduled_job||r6cgbuk2q9)
2026-09-19 16:46:02,215 Successfully completed frappe.utils.background_jobs.execute_job(event=None, is_async=True, job_name='frappe.core.doctype.scheduled_job_type.scheduled_job_type.run_scheduled_jo..., kwargs={'job_type': 'frappe.integrations.doctype.google_calendar.google_calendar.s..., method='frappe.core.doctype.scheduled_job_type.scheduled_job_type.run_scheduled_jo..., site='vms.localhost', user='Administrator') job in 0:00:00.242712s on worker ca273a5913694df195d72c2e32003653
2026-09-19 16:46:02,215 home-admin-Documents-nesa_projects-erpnext-vms-system-vms-system:default: Job OK (vms.localhost||scheduled_job||r6cgbuk2q9)
2026-09-19 16:46:02,215 Result is kept for 600 seconds
2026-09-19 16:46:02,219 home-admin-Documents-nesa_projects-erpnext-vms-system-vms-system:default: frappe.utils.background_jobs.execute_job(event=None, is_async=True, job_name='frappe.core.doctype.scheduled_job_type.scheduled_job_type.run_scheduled_jo..., kwargs={'job_type': 'frappe.automation.doctype.reminder.reminder.send_reminders', ..., method='frappe.core.doctype.scheduled_job_type.scheduled_job_type.run_scheduled_jo..., site='vms.localhost', user='Administrator') (vms.localhost||scheduled_job||r6cm239u8l)
2026-09-19 16:46:02,484 Successfully completed frappe.utils.background_jobs.execute_job(event=None, is_async=True, job_name='frappe.core.doctype.scheduled_job_type.scheduled_job_type.run_scheduled_jo..., kwargs={'job_type': 'frappe.automation.doctype.reminder.reminder.send_reminders', ..., method='frappe.core.doctype.scheduled_job_type.scheduled_job_type.run_scheduled_jo..., site='vms.localhost', user='Administrator') job in 0:00:00.261115s on worker ca273a5913694df195d72c2e32003653
2026-09-19 16:46:02,484 home-admin-Documents-nesa_projects-erpnext-vms-system-vms-system:default: Job OK (vms.localhost||scheduled_job||r6cm239u8l)
2026-09-19 16:46:02,484 Result is kept for 600 seconds
2026-09-19 16:46:02,489 home-admin-Documents-nesa_projects-erpnext-vms-system-vms-system:default: frappe.utils.background_jobs.execute_job(event=None, is_async=True, job_name='frappe.core.doctype.scheduled_job_type.scheduled_job_type.run_scheduled_jo..., kwargs={'job_type': 'frappe.email.doctype.email_account.email_account.notify_unrep..., method='frappe.core.doctype.scheduled_job_type.scheduled_job_type.run_scheduled_jo..., site='vms.localhost', user='Administrator') (vms.localhost||scheduled_job||r6c7qkd882)
2026-09-19 16:46:02,741 Successfully completed frappe.utils.background_jobs.execute_job(event=None, is_async=True, job_name='frappe.core.doctype.scheduled_job_type.scheduled_job_type.run_scheduled_jo..., kwargs={'job_type': 'frappe.email.doctype.email_account.email_account.notify_unrep..., method='frappe.core.doctype.scheduled_job_type.scheduled_job_type.run_scheduled_jo..., site='vms.localhost', user='Administrator') job in 0:00:00.247739s on worker ca273a5913694df195d72c2e32003653
2026-09-19 16:46:02,741 home-admin-Documents-nesa_projects-erpnext-vms-system-vms-system:default: Job OK (vms.localhost||scheduled_job||r6c7qkd882)
2026-09-19 16:46:02,741 Result is kept for 600 seconds
2026-09-19 16:46:02,745 home-admin-Documents-nesa_projects-erpnext-vms-system-vms-system:default: frappe.utils.background_jobs.execute_job(event=None, is_async=True, job_name='frappe.core.doctype.scheduled_job_type.scheduled_job_type.run_scheduled_jo..., kwargs={'job_type': 'frappe.model.utils.link_count.update_link_count', 'scheduled_..., method='frappe.core.doctype.scheduled_job_type.scheduled_job_type.run_scheduled_jo..., site='vms.localhost', user='Administrator') (vms.localhost||scheduled_job||r6c53eaod6)
2026-09-19 16:46:02,987 Successfully completed frappe.utils.background_jobs.execute_job(event=None, is_async=True, job_name='frappe.core.doctype.scheduled_job_type.scheduled_job_type.run_scheduled_jo..., kwargs={'job_type': 'frappe.model.utils.link_count.update_link_count', 'scheduled_..., method='frappe.core.doctype.scheduled_job_type.scheduled_job_type.run_scheduled_jo..., site='vms.localhost', user='Administrator') job in 0:00:00.237608s on worker ca273a5913694df195d72c2e32003653
2026-09-19 16:46:02,987 home-admin-Documents-nesa_projects-erpnext-vms-system-vms-system:default: Job OK (vms.localhost||scheduled_job||r6c53eaod6)
2026-09-19 16:46:02,987 Result is kept for 600 seconds
2026-09-19 16:46:02,992 home-admin-Documents-nesa_projects-erpnext-vms-system-vms-system:default: frappe.utils.background_jobs.execute_job(event=None, is_async=True, job_name='frappe.core.doctype.scheduled_job_type.scheduled_job_type.run_scheduled_jo..., kwargs={'job_type': 'frappe.integrations.doctype.webhook.webhook.retry_failed_webh..., method='frappe.core.doctype.scheduled_job_type.scheduled_job_type.run_scheduled_jo..., site='vms.localhost', user='Administrator') (vms.localhost||scheduled_job||r6bem02261)
2026-09-19 16:46:03,243 Successfully completed frappe.utils.background_jobs.execute_job(event=None, is_async=True, job_name='frappe.core.doctype.scheduled_job_type.scheduled_job_type.run_scheduled_jo..., kwargs={'job_type': 'frappe.integrations.doctype.webhook.webhook.retry_failed_webh..., method='frappe.core.doctype.scheduled_job_type.scheduled_job_type.run_scheduled_jo..., site='vms.localhost', user='Administrator') job in 0:00:00.247054s on worker ca273a5913694df195d72c2e32003653
2026-09-19 16:46:03,243 home-admin-Documents-nesa_projects-erpnext-vms-system-vms-system:default: Job OK (vms.localhost||scheduled_job||r6bem02261)
2026-09-19 16:46:03,243 Result is kept for 600 seconds
2026-09-19 16:46:03,248 home-admin-Documents-nesa_projects-erpnext-vms-system-vms-system:default: frappe.utils.background_jobs.execute_job(event=None, is_async=True, job_name='frappe.core.doctype.scheduled_job_type.scheduled_job_type.run_scheduled_jo..., kwargs={'job_type': 'frappe.monitor.flush', 'scheduled_job_type': 'r6cn4pa2nj'}, method='frappe.core.doctype.scheduled_job_type.scheduled_job_type.run_scheduled_jo..., site='vms.localhost', user='Administrator') (vms.localhost||scheduled_job||r6cn4pa2nj)
2026-09-19 16:46:03,490 Successfully completed frappe.utils.background_jobs.execute_job(event=None, is_async=True, job_name='frappe.core.doctype.scheduled_job_type.scheduled_job_type.run_scheduled_jo..., kwargs={'job_type': 'frappe.monitor.flush', 'scheduled_job_type': 'r6cn4pa2nj'}, method='frappe.core.doctype.scheduled_job_type.scheduled_job_type.run_scheduled_jo..., site='vms.localhost', user='Administrator') job in 0:00:00.237946s on worker ca273a5913694df195d72c2e32003653
2026-09-19 16:46:03,490 home-admin-Documents-nesa_projects-erpnext-vms-system-vms-system:default: Job OK (vms.localhost||scheduled_job||r6cn4pa2nj)
2026-09-19 16:46:03,490 Result is kept for 600 seconds
2026-09-19 16:46:03,496 home-admin-Documents-nesa_projects-erpnext-vms-system-vms-system:default: frappe.utils.background_jobs.execute_job(event=None, is_async=True, job_name='frappe.core.doctype.scheduled_job_type.scheduled_job_type.run_scheduled_jo..., kwargs={'job_type': 'frappe.automation_engine.drainer.drain_due', 'scheduled_job_t..., method='frappe.core.doctype.scheduled_job_type.scheduled_job_type.run_scheduled_jo..., site='vms.localhost', user='Administrator') (vms.localhost||scheduled_job||r6cf3826fc)
2026-09-19 16:46:03,732 Successfully completed frappe.utils.background_jobs.execute_job(event=None, is_async=True, job_name='frappe.core.doctype.scheduled_job_type.scheduled_job_type.run_scheduled_jo..., kwargs={'job_type': 'frappe.automation_engine.drainer.drain_due', 'scheduled_job_t..., method='frappe.core.doctype.scheduled_job_type.scheduled_job_type.run_scheduled_jo..., site='vms.localhost', user='Administrator') job in 0:00:00.231943s on worker ca273a5913694df195d72c2e32003653
2026-09-19 16:46:03,732 home-admin-Documents-nesa_projects-erpnext-vms-system-vms-system:default: Job OK (vms.localhost||scheduled_job||r6cf3826fc)
2026-09-19 16:46:03,732 Result is kept for 600 seconds
2026-09-19 16:46:03,737 home-admin-Documents-nesa_projects-erpnext-vms-system-vms-system:default: frappe.utils.background_jobs.execute_job(event=None, is_async=True, job_name='frappe.core.doctype.scheduled_job_type.scheduled_job_type.run_scheduled_jo..., kwargs={'job_type': 'frappe.email.doctype.notification.notification.trigger_offset..., method='frappe.core.doctype.scheduled_job_type.scheduled_job_type.run_scheduled_jo..., site='vms.localhost', user='Administrator') (vms.localhost||scheduled_job||r6bmsv0n1c)
2026-09-19 16:46:03,978 Successfully completed frappe.utils.background_jobs.execute_job(event=None, is_async=True, job_name='frappe.core.doctype.scheduled_job_type.scheduled_job_type.run_scheduled_jo..., kwargs={'job_type': 'frappe.email.doctype.notification.notification.trigger_offset..., method='frappe.core.doctype.scheduled_job_type.scheduled_job_type.run_scheduled_jo..., site='vms.localhost', user='Administrator') job in 0:00:00.236654s on worker ca273a5913694df195d72c2e32003653
2026-09-19 16:46:03,978 home-admin-Documents-nesa_projects-erpnext-vms-system-vms-system:default: Job OK (vms.localhost||scheduled_job||r6bmsv0n1c)
2026-09-19 16:46:03,978 Result is kept for 600 seconds
2026-09-19 16:46:03,982 home-admin-Documents-nesa_projects-erpnext-vms-system-vms-system:default: frappe.utils.background_jobs.execute_job(event=None, is_async=True, job_name='frappe.core.doctype.scheduled_job_type.scheduled_job_type.run_scheduled_jo..., kwargs={'job_type': 'frappe.utils.global_search.sync_global_search', 'scheduled_jo..., method='frappe.core.doctype.scheduled_job_type.scheduled_job_type.run_scheduled_jo..., site='vms.localhost', user='Administrator') (vms.localhost||scheduled_job||r6cfmki32o)
2026-09-19 16:46:04,241 Successfully completed frappe.utils.background_jobs.execute_job(event=None, is_async=True, job_name='frappe.core.doctype.scheduled_job_type.scheduled_job_type.run_scheduled_jo..., kwargs={'job_type': 'frappe.utils.global_search.sync_global_search', 'scheduled_jo..., method='frappe.core.doctype.scheduled_job_type.scheduled_job_type.run_scheduled_jo..., site='vms.localhost', user='Administrator') job in 0:00:00.254790s on worker ca273a5913694df195d72c2e32003653
2026-09-19 16:46:04,241 home-admin-Documents-nesa_projects-erpnext-vms-system-vms-system:default: Job OK (vms.localhost||scheduled_job||r6cfmki32o)
2026-09-19 16:46:04,241 Result is kept for 600 seconds
2026-09-19 16:46:04,249 home-admin-Documents-nesa_projects-erpnext-vms-system-vms-system:default: frappe.utils.background_jobs.execute_job(event=None, is_async=True, job_name='frappe.core.doctype.scheduled_job_type.scheduled_job_type.run_scheduled_jo..., kwargs={'job_type': 'frappe.search.sqlite_search.index_docs_in_queue', 'scheduled_..., method='frappe.core.doctype.scheduled_job_type.scheduled_job_type.run_scheduled_jo..., site='vms.localhost', user='Administrator') (vms.localhost||scheduled_job||r6b0va6b0s)
2026-09-19 16:46:04,485 Successfully completed frappe.utils.background_jobs.execute_job(event=None, is_async=True, job_name='frappe.core.doctype.scheduled_job_type.scheduled_job_type.run_scheduled_jo..., kwargs={'job_type': 'frappe.search.sqlite_search.index_docs_in_queue', 'scheduled_..., method='frappe.core.doctype.scheduled_job_type.scheduled_job_type.run_scheduled_jo..., site='vms.localhost', user='Administrator') job in 0:00:00.230283s on worker ca273a5913694df195d72c2e32003653
2026-09-19 16:46:04,486 home-admin-Documents-nesa_projects-erpnext-vms-system-vms-system:default: Job OK (vms.localhost||scheduled_job||r6b0va6b0s)
2026-09-19 16:46:04,486 Result is kept for 600 seconds
2026-09-19 16:46:04,491 home-admin-Documents-nesa_projects-erpnext-vms-system-vms-system:default: frappe.utils.background_jobs.execute_job(event=None, is_async=True, job_name='frappe.core.doctype.scheduled_job_type.scheduled_job_type.run_scheduled_jo..., kwargs={'job_type': 'frappe.utils.telemetry.pulse.client.send_queued_events', 'sch..., method='frappe.core.doctype.scheduled_job_type.scheduled_job_type.run_scheduled_jo..., site='vms.localhost', user='Administrator') (vms.localhost||scheduled_job||r6cjuaehis)
2026-09-19 16:46:04,729 Successfully completed frappe.utils.background_jobs.execute_job(event=None, is_async=True, job_name='frappe.core.doctype.scheduled_job_type.scheduled_job_type.run_scheduled_jo..., kwargs={'job_type': 'frappe.utils.telemetry.pulse.client.send_queued_events', 'sch..., method='frappe.core.doctype.scheduled_job_type.scheduled_job_type.run_scheduled_jo..., site='vms.localhost', user='Administrator') job in 0:00:00.232984s on worker ca273a5913694df195d72c2e32003653
2026-09-19 16:46:04,729 home-admin-Documents-nesa_projects-erpnext-vms-system-vms-system:default: Job OK (vms.localhost||scheduled_job||r6cjuaehis)
2026-09-19 16:46:04,729 Result is kept for 600 seconds
2026-09-19 16:46:04,734 home-admin-Documents-nesa_projects-erpnext-vms-system-vms-system:default: frappe.utils.background_jobs.execute_job(event=None, is_async=True, job_name='frappe.core.doctype.scheduled_job_type.scheduled_job_type.run_scheduled_jo..., kwargs={'job_type': 'erpnext.manufacturing.doctype.bom_update_log.bom_update_log.r..., method='frappe.core.doctype.scheduled_job_type.scheduled_job_type.run_scheduled_jo..., site='vms.localhost', user='Administrator') (vms.localhost||scheduled_job||4g2rahgf4c)
2026-09-19 16:46:05,000 Successfully completed frappe.utils.background_jobs.execute_job(event=None, is_async=True, job_name='frappe.core.doctype.scheduled_job_type.scheduled_job_type.run_scheduled_jo..., kwargs={'job_type': 'erpnext.manufacturing.doctype.bom_update_log.bom_update_log.r..., method='frappe.core.doctype.scheduled_job_type.scheduled_job_type.run_scheduled_jo..., site='vms.localhost', user='Administrator') job in 0:00:00.262375s on worker ca273a5913694df195d72c2e32003653
2026-09-19 16:46:05,000 home-admin-Documents-nesa_projects-erpnext-vms-system-vms-system:default: Job OK (vms.localhost||scheduled_job||4g2rahgf4c)
2026-09-19 16:46:05,000 Result is kept for 600 seconds
2026-09-19 16:46:05,005 home-admin-Documents-nesa_projects-erpnext-vms-system-vms-system:default: frappe.utils.background_jobs.execute_job(event=None, is_async=True, job_name='frappe.core.doctype.scheduled_job_type.scheduled_job_type.run_scheduled_jo..., kwargs={'job_type': 'frappe.deferred_insert.save_to_db', 'scheduled_job_type': 'r6..., method='frappe.core.doctype.scheduled_job_type.scheduled_job_type.run_scheduled_jo..., site='vms.localhost', user='Administrator') (vms.localhost||scheduled_job||r6c93pvb5c)
2026-09-19 16:46:05,264 Successfully completed frappe.utils.background_jobs.execute_job(event=None, is_async=True, job_name='frappe.core.doctype.scheduled_job_type.scheduled_job_type.run_scheduled_jo..., kwargs={'job_type': 'frappe.deferred_insert.save_to_db', 'scheduled_job_type': 'r6..., method='frappe.core.doctype.scheduled_job_type.scheduled_job_type.run_scheduled_jo..., site='vms.localhost', user='Administrator') job in 0:00:00.255408s on worker ca273a5913694df195d72c2e32003653
2026-09-19 16:46:05,265 home-admin-Documents-nesa_projects-erpnext-vms-system-vms-system:default: Job OK (vms.localhost||scheduled_job||r6c93pvb5c)
2026-09-19 16:46:05,265 Result is kept for 600 seconds
2026-09-19 16:48:39,488 Worker ca273a5913694df195d72c2e32003653 [PID 62251]: warm shut down requested
2026-09-19 16:48:39,490 Worker ca273a5913694df195d72c2e32003653: unsubscribing from channel rq:pubsub:ca273a5913694df195d72c2e32003653
2026-09-19 16:55:10,951 Worker 4c7a1a0fd59f45e6ac9e957d9dd58cab: started with PID 64370, version 2.6.1
2026-09-19 16:55:10,951 Worker 4c7a1a0fd59f45e6ac9e957d9dd58cab: subscribing to channel rq:pubsub:4c7a1a0fd59f45e6ac9e957d9dd58cab
2026-09-19 16:55:10,953 *** Listening on home-admin-Documents-nesa_projects-erpnext-vms-system-vms-system:short, home-admin-Documents-nesa_projects-erpnext-vms-system-vms-system:default, home-admin-Documents-nesa_projects-erpnext-vms-system-vms-system:long...
2026-09-19 16:55:10,953 Worker 4c7a1a0fd59f45e6ac9e957d9dd58cab: cleaning registries for queue: home-admin-Documents-nesa_projects-erpnext-vms-system-vms-system:short
2026-09-19 16:55:10,954 Worker 4c7a1a0fd59f45e6ac9e957d9dd58cab: cleaning registries for queue: home-admin-Documents-nesa_projects-erpnext-vms-system-vms-system:default
2026-09-19 16:55:10,955 Worker 4c7a1a0fd59f45e6ac9e957d9dd58cab: cleaning registries for queue: home-admin-Documents-nesa_projects-erpnext-vms-system-vms-system:long
2026-09-19 16:57:03,359 Worker 4c7a1a0fd59f45e6ac9e957d9dd58cab [PID 64370]: warm shut down requested
2026-09-19 16:57:03,361 Worker 4c7a1a0fd59f45e6ac9e957d9dd58cab: unsubscribing from channel rq:pubsub:4c7a1a0fd59f45e6ac9e957d9dd58cab
2026-09-19 16:57:13,790 Worker fdb826797f3348f9ba5322c1c861a75f: started with PID 65436, version 2.6.1
2026-09-19 16:57:13,790 Worker fdb826797f3348f9ba5322c1c861a75f: subscribing to channel rq:pubsub:fdb826797f3348f9ba5322c1c861a75f
2026-09-19 16:57:13,791 *** Listening on home-admin-Documents-nesa_projects-erpnext-vms-system-vms-system:short, home-admin-Documents-nesa_projects-erpnext-vms-system-vms-system:default, home-admin-Documents-nesa_projects-erpnext-vms-system-vms-system:long...
2026-09-19 16:57:13,791 Worker fdb826797f3348f9ba5322c1c861a75f: cleaning registries for queue: home-admin-Documents-nesa_projects-erpnext-vms-system-vms-system:short
2026-09-19 16:57:13,792 Worker fdb826797f3348f9ba5322c1c861a75f: cleaning registries for queue: home-admin-Documents-nesa_projects-erpnext-vms-system-vms-system:default
2026-09-19 16:57:13,793 Worker fdb826797f3348f9ba5322c1c861a75f: cleaning registries for queue: home-admin-Documents-nesa_projects-erpnext-vms-system-vms-system:long
2026-09-19 16:58:00,445 home-admin-Documents-nesa_projects-erpnext-vms-system-vms-system:default: frappe.utils.background_jobs.execute_job(event=None, is_async=True, job_name='frappe.core.doctype.scheduled_job_type.scheduled_job_type.run_scheduled_jo..., kwargs={'job_type': 'frappe.automation_engine.scheduler.process_cron', 'scheduled_..., method='frappe.core.doctype.scheduled_job_type.scheduled_job_type.run_scheduled_jo..., site='vms.localhost', user='Administrator') (vms.localhost||scheduled_job||r6c7imf2kv)
2026-09-19 16:58:00,718 Successfully completed frappe.utils.background_jobs.execute_job(event=None, is_async=True, job_name='frappe.core.doctype.scheduled_job_type.scheduled_job_type.run_scheduled_jo..., kwargs={'job_type': 'frappe.automation_engine.scheduler.process_cron', 'scheduled_..., method='frappe.core.doctype.scheduled_job_type.scheduled_job_type.run_scheduled_jo..., site='vms.localhost', user='Administrator') job in 0:00:00.251574s on worker fdb826797f3348f9ba5322c1c861a75f
2026-09-19 16:58:00,718 home-admin-Documents-nesa_projects-erpnext-vms-system-vms-system:default: Job OK (vms.localhost||scheduled_job||r6c7imf2kv)
2026-09-19 16:58:00,718 Result is kept for 600 seconds
2026-09-19 16:58:00,723 home-admin-Documents-nesa_projects-erpnext-vms-system-vms-system:default: frappe.utils.background_jobs.execute_job(event=None, is_async=True, job_name='frappe.core.doctype.scheduled_job_type.scheduled_job_type.run_scheduled_jo..., kwargs={'job_type': 'frappe.email.queue.retry_sending_emails', 'scheduled_job_type..., method='frappe.core.doctype.scheduled_job_type.scheduled_job_type.run_scheduled_jo..., site='vms.localhost', user='Administrator') (vms.localhost||scheduled_job||r6cfjq81g8)
2026-09-19 16:58:00,971 Successfully completed frappe.utils.background_jobs.execute_job(event=None, is_async=True, job_name='frappe.core.doctype.scheduled_job_type.scheduled_job_type.run_scheduled_jo..., kwargs={'job_type': 'frappe.email.queue.retry_sending_emails', 'scheduled_job_type..., method='frappe.core.doctype.scheduled_job_type.scheduled_job_type.run_scheduled_jo..., site='vms.localhost', user='Administrator') job in 0:00:00.244346s on worker fdb826797f3348f9ba5322c1c861a75f
2026-09-19 16:58:00,972 home-admin-Documents-nesa_projects-erpnext-vms-system-vms-system:default: Job OK (vms.localhost||scheduled_job||r6cfjq81g8)
2026-09-19 16:58:00,972 Result is kept for 600 seconds
2026-09-19 16:58:00,976 home-admin-Documents-nesa_projects-erpnext-vms-system-vms-system:default: frappe.utils.background_jobs.execute_job(event=None, is_async=True, job_name='frappe.core.doctype.scheduled_job_type.scheduled_job_type.run_scheduled_jo..., kwargs={'job_type': 'frappe.integrations.doctype.webhook.webhook.retry_failed_webh..., method='frappe.core.doctype.scheduled_job_type.scheduled_job_type.run_scheduled_jo..., site='vms.localhost', user='Administrator') (vms.localhost||scheduled_job||r6bem02261)
2026-09-19 16:58:01,212 Successfully completed frappe.utils.background_jobs.execute_job(event=None, is_async=True, job_name='frappe.core.doctype.scheduled_job_type.scheduled_job_type.run_scheduled_jo..., kwargs={'job_type': 'frappe.integrations.doctype.webhook.webhook.retry_failed_webh..., method='frappe.core.doctype.scheduled_job_type.scheduled_job_type.run_scheduled_jo..., site='vms.localhost', user='Administrator') job in 0:00:00.231169s on worker fdb826797f3348f9ba5322c1c861a75f
2026-09-19 16:58:01,212 home-admin-Documents-nesa_projects-erpnext-vms-system-vms-system:default: Job OK (vms.localhost||scheduled_job||r6bem02261)
2026-09-19 16:58:01,212 Result is kept for 600 seconds
2026-09-19 16:58:01,216 home-admin-Documents-nesa_projects-erpnext-vms-system-vms-system:default: frappe.utils.background_jobs.execute_job(event=None, is_async=True, job_name='frappe.core.doctype.scheduled_job_type.scheduled_job_type.run_scheduled_jo..., kwargs={'job_type': 'frappe.email.doctype.notification.notification.trigger_offset..., method='frappe.core.doctype.scheduled_job_type.scheduled_job_type.run_scheduled_jo..., site='vms.localhost', user='Administrator') (vms.localhost||scheduled_job||r6bmsv0n1c)
2026-09-19 16:58:01,446 Successfully completed frappe.utils.background_jobs.execute_job(event=None, is_async=True, job_name='frappe.core.doctype.scheduled_job_type.scheduled_job_type.run_scheduled_jo..., kwargs={'job_type': 'frappe.email.doctype.notification.notification.trigger_offset..., method='frappe.core.doctype.scheduled_job_type.scheduled_job_type.run_scheduled_jo..., site='vms.localhost', user='Administrator') job in 0:00:00.226219s on worker fdb826797f3348f9ba5322c1c861a75f
2026-09-19 16:58:01,447 home-admin-Documents-nesa_projects-erpnext-vms-system-vms-system:default: Job OK (vms.localhost||scheduled_job||r6bmsv0n1c)
2026-09-19 16:58:01,447 Result is kept for 600 seconds
2026-09-19 16:58:01,452 home-admin-Documents-nesa_projects-erpnext-vms-system-vms-system:default: frappe.utils.background_jobs.execute_job(event=None, is_async=True, job_name='frappe.core.doctype.scheduled_job_type.scheduled_job_type.run_scheduled_jo..., kwargs={'job_type': 'frappe.monitor.flush', 'scheduled_job_type': 'r6cn4pa2nj'}, method='frappe.core.doctype.scheduled_job_type.scheduled_job_type.run_scheduled_jo..., site='vms.localhost', user='Administrator') (vms.localhost||scheduled_job||r6cn4pa2nj)
2026-09-19 16:58:01,680 Successfully completed frappe.utils.background_jobs.execute_job(event=None, is_async=True, job_name='frappe.core.doctype.scheduled_job_type.scheduled_job_type.run_scheduled_jo..., kwargs={'job_type': 'frappe.monitor.flush', 'scheduled_job_type': 'r6cn4pa2nj'}, method='frappe.core.doctype.scheduled_job_type.scheduled_job_type.run_scheduled_jo..., site='vms.localhost', user='Administrator') job in 0:00:00.224580s on worker fdb826797f3348f9ba5322c1c861a75f
2026-09-19 16:58:01,680 home-admin-Documents-nesa_projects-erpnext-vms-system-vms-system:default: Job OK (vms.localhost||scheduled_job||r6cn4pa2nj)
2026-09-19 16:58:01,680 Result is kept for 600 seconds
2026-09-19 16:58:01,685 home-admin-Documents-nesa_projects-erpnext-vms-system-vms-system:default: frappe.utils.background_jobs.execute_job(event=None, is_async=True, job_name='frappe.core.doctype.scheduled_job_type.scheduled_job_type.run_scheduled_jo..., kwargs={'job_type': 'frappe.automation_engine.drainer.drain_due', 'scheduled_job_t..., method='frappe.core.doctype.scheduled_job_type.scheduled_job_type.run_scheduled_jo..., site='vms.localhost', user='Administrator') (vms.localhost||scheduled_job||r6cf3826fc)
2026-09-19 16:58:01,925 Successfully completed frappe.utils.background_jobs.execute_job(event=None, is_async=True, job_name='frappe.core.doctype.scheduled_job_type.scheduled_job_type.run_scheduled_jo..., kwargs={'job_type': 'frappe.automation_engine.drainer.drain_due', 'scheduled_job_t..., method='frappe.core.doctype.scheduled_job_type.scheduled_job_type.run_scheduled_jo..., site='vms.localhost', user='Administrator') job in 0:00:00.236193s on worker fdb826797f3348f9ba5322c1c861a75f
2026-09-19 16:58:01,926 home-admin-Documents-nesa_projects-erpnext-vms-system-vms-system:default: Job OK (vms.localhost||scheduled_job||r6cf3826fc)
2026-09-19 16:58:01,926 Result is kept for 600 seconds
2026-09-19 16:58:01,930 home-admin-Documents-nesa_projects-erpnext-vms-system-vms-system:default: frappe.utils.background_jobs.execute_job(event=None, is_async=True, job_name='frappe.core.doctype.scheduled_job_type.scheduled_job_type.run_scheduled_jo..., kwargs={'job_type': 'frappe.integrations.doctype.google_calendar.google_calendar.s..., method='frappe.core.doctype.scheduled_job_type.scheduled_job_type.run_scheduled_jo..., site='vms.localhost', user='Administrator') (vms.localhost||scheduled_job||r6cgbuk2q9)
2026-09-19 16:58:02,193 Successfully completed frappe.utils.background_jobs.execute_job(event=None, is_async=True, job_name='frappe.core.doctype.scheduled_job_type.scheduled_job_type.run_scheduled_jo..., kwargs={'job_type': 'frappe.integrations.doctype.google_calendar.google_calendar.s..., method='frappe.core.doctype.scheduled_job_type.scheduled_job_type.run_scheduled_jo..., site='vms.localhost', user='Administrator') job in 0:00:00.258938s on worker fdb826797f3348f9ba5322c1c861a75f
2026-09-19 16:58:02,193 home-admin-Documents-nesa_projects-erpnext-vms-system-vms-system:default: Job OK (vms.localhost||scheduled_job||r6cgbuk2q9)
2026-09-19 16:58:02,193 Result is kept for 600 seconds
2026-09-19 16:58:02,198 home-admin-Documents-nesa_projects-erpnext-vms-system-vms-system:default: frappe.utils.background_jobs.execute_job(event=None, is_async=True, job_name='frappe.core.doctype.scheduled_job_type.scheduled_job_type.run_scheduled_jo..., kwargs={'job_type': 'frappe.search.sqlite_search.index_docs_in_queue', 'scheduled_..., method='frappe.core.doctype.scheduled_job_type.scheduled_job_type.run_scheduled_jo..., site='vms.localhost', user='Administrator') (vms.localhost||scheduled_job||r6b0va6b0s)
2026-09-19 16:58:02,444 Successfully completed frappe.utils.background_jobs.execute_job(event=None, is_async=True, job_name='frappe.core.doctype.scheduled_job_type.scheduled_job_type.run_scheduled_jo..., kwargs={'job_type': 'frappe.search.sqlite_search.index_docs_in_queue', 'scheduled_..., method='frappe.core.doctype.scheduled_job_type.scheduled_job_type.run_scheduled_jo..., site='vms.localhost', user='Administrator') job in 0:00:00.242328s on worker fdb826797f3348f9ba5322c1c861a75f
2026-09-19 16:58:02,445 home-admin-Documents-nesa_projects-erpnext-vms-system-vms-system:default: Job OK (vms.localhost||scheduled_job||r6b0va6b0s)
2026-09-19 16:58:02,445 Result is kept for 600 seconds
2026-09-19 16:58:02,454 home-admin-Documents-nesa_projects-erpnext-vms-system-vms-system:default: frappe.utils.background_jobs.execute_job(event=None, is_async=True, job_name='frappe.core.doctype.scheduled_job_type.scheduled_job_type.run_scheduled_jo..., kwargs={'job_type': 'frappe.email.queue.flush', 'scheduled_job_type': 'r6cffmj05i'..., method='frappe.core.doctype.scheduled_job_type.scheduled_job_type.run_scheduled_jo..., site='vms.localhost', user='Administrator') (vms.localhost||scheduled_job||r6cffmj05i)
2026-09-19 16:58:02,703 Successfully completed frappe.utils.background_jobs.execute_job(event=None, is_async=True, job_name='frappe.core.doctype.scheduled_job_type.scheduled_job_type.run_scheduled_jo..., kwargs={'job_type': 'frappe.email.queue.flush', 'scheduled_job_type': 'r6cffmj05i'..., method='frappe.core.doctype.scheduled_job_type.scheduled_job_type.run_scheduled_jo..., site='vms.localhost', user='Administrator') job in 0:00:00.240120s on worker fdb826797f3348f9ba5322c1c861a75f
2026-09-19 16:58:02,703 home-admin-Documents-nesa_projects-erpnext-vms-system-vms-system:default: Job OK (vms.localhost||scheduled_job||r6cffmj05i)
2026-09-19 16:58:02,703 Result is kept for 600 seconds
2026-09-19 16:58:02,708 home-admin-Documents-nesa_projects-erpnext-vms-system-vms-system:default: frappe.utils.background_jobs.execute_job(event=None, is_async=True, job_name='frappe.core.doctype.scheduled_job_type.scheduled_job_type.run_scheduled_jo..., kwargs={'job_type': 'frappe.email.doctype.email_account.email_account.pull', 'sche..., method='frappe.core.doctype.scheduled_job_type.scheduled_job_type.run_scheduled_jo..., site='vms.localhost', user='Administrator') (vms.localhost||scheduled_job||r6co2s6eeh)
2026-09-19 16:58:02,955 Successfully completed frappe.utils.background_jobs.execute_job(event=None, is_async=True, job_name='frappe.core.doctype.scheduled_job_type.scheduled_job_type.run_scheduled_jo..., kwargs={'job_type': 'frappe.email.doctype.email_account.email_account.pull', 'sche..., method='frappe.core.doctype.scheduled_job_type.scheduled_job_type.run_scheduled_jo..., site='vms.localhost', user='Administrator') job in 0:00:00.243217s on worker fdb826797f3348f9ba5322c1c861a75f
2026-09-19 16:58:02,955 home-admin-Documents-nesa_projects-erpnext-vms-system-vms-system:default: Job OK (vms.localhost||scheduled_job||r6co2s6eeh)
2026-09-19 16:58:02,955 Result is kept for 600 seconds
2026-09-19 16:58:47,710 Worker fdb826797f3348f9ba5322c1c861a75f [PID 65436]: warm shut down requested
2026-09-19 16:58:47,712 Worker fdb826797f3348f9ba5322c1c861a75f: unsubscribing from channel rq:pubsub:fdb826797f3348f9ba5322c1c861a75f
2026-09-19 17:04:54,801 Worker f9a0b0b129c24c5186cd54277a99ed86: started with PID 67224, version 2.6.1
2026-09-19 17:04:54,801 Worker f9a0b0b129c24c5186cd54277a99ed86: subscribing to channel rq:pubsub:f9a0b0b129c24c5186cd54277a99ed86
2026-09-19 17:04:54,802 *** Listening on home-admin-Documents-nesa_projects-erpnext-vms-system-vms-system:short, home-admin-Documents-nesa_projects-erpnext-vms-system-vms-system:default, home-admin-Documents-nesa_projects-erpnext-vms-system-vms-system:long...
2026-09-19 17:04:54,802 Worker f9a0b0b129c24c5186cd54277a99ed86: cleaning registries for queue: home-admin-Documents-nesa_projects-erpnext-vms-system-vms-system:short
2026-09-19 17:04:54,803 Worker f9a0b0b129c24c5186cd54277a99ed86: cleaning registries for queue: home-admin-Documents-nesa_projects-erpnext-vms-system-vms-system:default
2026-09-19 17:04:54,804 Worker f9a0b0b129c24c5186cd54277a99ed86: cleaning registries for queue: home-admin-Documents-nesa_projects-erpnext-vms-system-vms-system:long
2026-09-19 17:05:49,016 home-admin-Documents-nesa_projects-erpnext-vms-system-vms-system:default: frappe.utils.background_jobs.execute_job(event=None, is_async=True, job_name='frappe.core.doctype.user.user.create_contact', kwargs={'user': <User: doctype=User testuser@domain.com>, 'ignore_mandatory': True..., method='frappe.core.doctype.user.user.create_contact', site='vms.localhost', user='Administrator') (vms.localhost||3c80742f-5c42-4252-8b8c-e9ff8fa11352)
2026-09-19 17:05:49,297 Successfully completed frappe.utils.background_jobs.execute_job(event=None, is_async=True, job_name='frappe.core.doctype.user.user.create_contact', kwargs={'user': <User: doctype=User testuser@domain.com>, 'ignore_mandatory': True..., method='frappe.core.doctype.user.user.create_contact', site='vms.localhost', user='Administrator') job in 0:00:00.224397s on worker f9a0b0b129c24c5186cd54277a99ed86
2026-09-19 17:05:49,297 home-admin-Documents-nesa_projects-erpnext-vms-system-vms-system:default: Job OK (vms.localhost||3c80742f-5c42-4252-8b8c-e9ff8fa11352)
2026-09-19 17:05:49,297 Result is kept for 600 seconds
2026-09-19 17:06:00,335 home-admin-Documents-nesa_projects-erpnext-vms-system-vms-system:default: frappe.utils.background_jobs.execute_job(event=None, is_async=True, job_name='frappe.core.doctype.scheduled_job_type.scheduled_job_type.run_scheduled_jo..., kwargs={'job_type': 'frappe.integrations.doctype.webhook.webhook.retry_failed_webh..., method='frappe.core.doctype.scheduled_job_type.scheduled_job_type.run_scheduled_jo..., site='vms.localhost', user='Administrator') (vms.localhost||scheduled_job||r6bem02261)
2026-09-19 17:06:00,569 Successfully completed frappe.utils.background_jobs.execute_job(event=None, is_async=True, job_name='frappe.core.doctype.scheduled_job_type.scheduled_job_type.run_scheduled_jo..., kwargs={'job_type': 'frappe.integrations.doctype.webhook.webhook.retry_failed_webh..., method='frappe.core.doctype.scheduled_job_type.scheduled_job_type.run_scheduled_jo..., site='vms.localhost', user='Administrator') job in 0:00:00.229673s on worker f9a0b0b129c24c5186cd54277a99ed86
2026-09-19 17:06:00,569 home-admin-Documents-nesa_projects-erpnext-vms-system-vms-system:default: Job OK (vms.localhost||scheduled_job||r6bem02261)
2026-09-19 17:06:00,569 Result is kept for 600 seconds
2026-09-19 17:06:00,574 home-admin-Documents-nesa_projects-erpnext-vms-system-vms-system:default: frappe.utils.background_jobs.execute_job(event=None, is_async=True, job_name='frappe.core.doctype.scheduled_job_type.scheduled_job_type.run_scheduled_jo..., kwargs={'job_type': 'erpnext.accounts.doctype.process_payment_reconciliation.proce..., method='frappe.core.doctype.scheduled_job_type.scheduled_job_type.run_scheduled_jo..., site='vms.localhost', user='Administrator') (vms.localhost||scheduled_job||4g2jtms1sc)
2026-09-19 17:06:00,803 Successfully completed frappe.utils.background_jobs.execute_job(event=None, is_async=True, job_name='frappe.core.doctype.scheduled_job_type.scheduled_job_type.run_scheduled_jo..., kwargs={'job_type': 'erpnext.accounts.doctype.process_payment_reconciliation.proce..., method='frappe.core.doctype.scheduled_job_type.scheduled_job_type.run_scheduled_jo..., site='vms.localhost', user='Administrator') job in 0:00:00.225103s on worker f9a0b0b129c24c5186cd54277a99ed86
2026-09-19 17:06:00,803 home-admin-Documents-nesa_projects-erpnext-vms-system-vms-system:default: Job OK (vms.localhost||scheduled_job||4g2jtms1sc)
2026-09-19 17:06:00,803 Result is kept for 600 seconds
2026-09-19 17:06:00,808 home-admin-Documents-nesa_projects-erpnext-vms-system-vms-system:default: frappe.utils.background_jobs.execute_job(event=None, is_async=True, job_name='frappe.core.doctype.scheduled_job_type.scheduled_job_type.run_scheduled_jo..., kwargs={'job_type': 'frappe.monitor.flush', 'scheduled_job_type': 'r6cn4pa2nj'}, method='frappe.core.doctype.scheduled_job_type.scheduled_job_type.run_scheduled_jo..., site='vms.localhost', user='Administrator') (vms.localhost||scheduled_job||r6cn4pa2nj)
2026-09-19 17:06:01,042 Successfully completed frappe.utils.background_jobs.execute_job(event=None, is_async=True, job_name='frappe.core.doctype.scheduled_job_type.scheduled_job_type.run_scheduled_jo..., kwargs={'job_type': 'frappe.monitor.flush', 'scheduled_job_type': 'r6cn4pa2nj'}, method='frappe.core.doctype.scheduled_job_type.scheduled_job_type.run_scheduled_jo..., site='vms.localhost', user='Administrator') job in 0:00:00.230143s on worker f9a0b0b129c24c5186cd54277a99ed86
2026-09-19 17:06:01,042 home-admin-Documents-nesa_projects-erpnext-vms-system-vms-system:default: Job OK (vms.localhost||scheduled_job||r6cn4pa2nj)
2026-09-19 17:06:01,042 Result is kept for 600 seconds
2026-09-19 17:06:01,046 home-admin-Documents-nesa_projects-erpnext-vms-system-vms-system:default: frappe.utils.background_jobs.execute_job(event=None, is_async=True, job_name='frappe.core.doctype.scheduled_job_type.scheduled_job_type.run_scheduled_jo..., kwargs={'job_type': 'frappe.deferred_insert.save_to_db', 'scheduled_job_type': 'r6..., method='frappe.core.doctype.scheduled_job_type.scheduled_job_type.run_scheduled_jo..., site='vms.localhost', user='Administrator') (vms.localhost||scheduled_job||r6c93pvb5c)
2026-09-19 17:06:01,284 Successfully completed frappe.utils.background_jobs.execute_job(event=None, is_async=True, job_name='frappe.core.doctype.scheduled_job_type.scheduled_job_type.run_scheduled_jo..., kwargs={'job_type': 'frappe.deferred_insert.save_to_db', 'scheduled_job_type': 'r6..., method='frappe.core.doctype.scheduled_job_type.scheduled_job_type.run_scheduled_jo..., site='vms.localhost', user='Administrator') job in 0:00:00.234115s on worker f9a0b0b129c24c5186cd54277a99ed86
2026-09-19 17:06:01,284 home-admin-Documents-nesa_projects-erpnext-vms-system-vms-system:default: Job OK (vms.localhost||scheduled_job||r6c93pvb5c)
2026-09-19 17:06:01,284 Result is kept for 600 seconds
2026-09-19 17:06:01,289 home-admin-Documents-nesa_projects-erpnext-vms-system-vms-system:default: frappe.utils.background_jobs.execute_job(event=None, is_async=True, job_name='frappe.core.doctype.scheduled_job_type.scheduled_job_type.run_scheduled_jo..., kwargs={'job_type': 'erpnext.projects.doctype.project.project.project_status_updat..., method='frappe.core.doctype.scheduled_job_type.scheduled_job_type.run_scheduled_jo..., site='vms.localhost', user='Administrator') (vms.localhost||scheduled_job||4g30rrstq8)
2026-09-19 17:06:01,563 Successfully completed frappe.utils.background_jobs.execute_job(event=None, is_async=True, job_name='frappe.core.doctype.scheduled_job_type.scheduled_job_type.run_scheduled_jo..., kwargs={'job_type': 'erpnext.projects.doctype.project.project.project_status_updat..., method='frappe.core.doctype.scheduled_job_type.scheduled_job_type.run_scheduled_jo..., site='vms.localhost', user='Administrator') job in 0:00:00.270107s on worker f9a0b0b129c24c5186cd54277a99ed86
2026-09-19 17:06:01,563 home-admin-Documents-nesa_projects-erpnext-vms-system-vms-system:default: Job OK (vms.localhost||scheduled_job||4g30rrstq8)
2026-09-19 17:06:01,563 Result is kept for 600 seconds
2026-09-19 17:06:01,568 home-admin-Documents-nesa_projects-erpnext-vms-system-vms-system:default: frappe.utils.background_jobs.execute_job(event=None, is_async=True, job_name='frappe.core.doctype.scheduled_job_type.scheduled_job_type.run_scheduled_jo..., kwargs={'job_type': 'frappe.utils.global_search.sync_global_search', 'scheduled_jo..., method='frappe.core.doctype.scheduled_job_type.scheduled_job_type.run_scheduled_jo..., site='vms.localhost', user='Administrator') (vms.localhost||scheduled_job||r6cfmki32o)
2026-09-19 17:06:01,795 Successfully completed frappe.utils.background_jobs.execute_job(event=None, is_async=True, job_name='frappe.core.doctype.scheduled_job_type.scheduled_job_type.run_scheduled_jo..., kwargs={'job_type': 'frappe.utils.global_search.sync_global_search', 'scheduled_jo..., method='frappe.core.doctype.scheduled_job_type.scheduled_job_type.run_scheduled_jo..., site='vms.localhost', user='Administrator') job in 0:00:00.223024s on worker f9a0b0b129c24c5186cd54277a99ed86
2026-09-19 17:06:01,795 home-admin-Documents-nesa_projects-erpnext-vms-system-vms-system:default: Job OK (vms.localhost||scheduled_job||r6cfmki32o)
2026-09-19 17:06:01,795 Result is kept for 600 seconds
2026-09-19 17:06:01,800 home-admin-Documents-nesa_projects-erpnext-vms-system-vms-system:default: frappe.utils.background_jobs.execute_job(event=None, is_async=True, job_name='frappe.core.doctype.scheduled_job_type.scheduled_job_type.run_scheduled_jo..., kwargs={'job_type': 'erpnext.erpnext_integrations.doctype.plaid_settings.plaid_set..., method='frappe.core.doctype.scheduled_job_type.scheduled_job_type.run_scheduled_jo..., site='vms.localhost', user='Administrator') (vms.localhost||scheduled_job||4g3saas46m)
2026-09-19 17:06:02,063 Successfully completed frappe.utils.background_jobs.execute_job(event=None, is_async=True, job_name='frappe.core.doctype.scheduled_job_type.scheduled_job_type.run_scheduled_jo..., kwargs={'job_type': 'erpnext.erpnext_integrations.doctype.plaid_settings.plaid_set..., method='frappe.core.doctype.scheduled_job_type.scheduled_job_type.run_scheduled_jo..., site='vms.localhost', user='Administrator') job in 0:00:00.259435s on worker f9a0b0b129c24c5186cd54277a99ed86
2026-09-19 17:06:02,063 home-admin-Documents-nesa_projects-erpnext-vms-system-vms-system:default: Job OK (vms.localhost||scheduled_job||4g3saas46m)
2026-09-19 17:06:02,063 Result is kept for 600 seconds
2026-09-19 17:06:02,068 home-admin-Documents-nesa_projects-erpnext-vms-system-vms-system:default: frappe.utils.background_jobs.execute_job(event=None, is_async=True, job_name='frappe.core.doctype.scheduled_job_type.scheduled_job_type.run_scheduled_jo..., kwargs={'job_type': 'frappe.automation_engine.drainer.drain_due', 'scheduled_job_t..., method='frappe.core.doctype.scheduled_job_type.scheduled_job_type.run_scheduled_jo..., site='vms.localhost', user='Administrator') (vms.localhost||scheduled_job||r6cf3826fc)
2026-09-19 17:06:02,311 Successfully completed frappe.utils.background_jobs.execute_job(event=None, is_async=True, job_name='frappe.core.doctype.scheduled_job_type.scheduled_job_type.run_scheduled_jo..., kwargs={'job_type': 'frappe.automation_engine.drainer.drain_due', 'scheduled_job_t..., method='frappe.core.doctype.scheduled_job_type.scheduled_job_type.run_scheduled_jo..., site='vms.localhost', user='Administrator') job in 0:00:00.238871s on worker f9a0b0b129c24c5186cd54277a99ed86
2026-09-19 17:06:02,311 home-admin-Documents-nesa_projects-erpnext-vms-system-vms-system:default: Job OK (vms.localhost||scheduled_job||r6cf3826fc)
2026-09-19 17:06:02,311 Result is kept for 600 seconds
2026-09-19 17:06:02,316 home-admin-Documents-nesa_projects-erpnext-vms-system-vms-system:default: frappe.utils.background_jobs.execute_job(event=None, is_async=True, job_name='frappe.core.doctype.scheduled_job_type.scheduled_job_type.run_scheduled_jo..., kwargs={'job_type': 'frappe.model.utils.link_count.update_link_count', 'scheduled_..., method='frappe.core.doctype.scheduled_job_type.scheduled_job_type.run_scheduled_jo..., site='vms.localhost', user='Administrator') (vms.localhost||scheduled_job||r6c53eaod6)
2026-09-19 17:06:02,548 Successfully completed frappe.utils.background_jobs.execute_job(event=None, is_async=True, job_name='frappe.core.doctype.scheduled_job_type.scheduled_job_type.run_scheduled_jo..., kwargs={'job_type': 'frappe.model.utils.link_count.update_link_count', 'scheduled_..., method='frappe.core.doctype.scheduled_job_type.scheduled_job_type.run_scheduled_jo..., site='vms.localhost', user='Administrator') job in 0:00:00.226244s on worker f9a0b0b129c24c5186cd54277a99ed86
2026-09-19 17:06:02,549 home-admin-Documents-nesa_projects-erpnext-vms-system-vms-system:default: Job OK (vms.localhost||scheduled_job||r6c53eaod6)
2026-09-19 17:06:02,549 Result is kept for 600 seconds
2026-09-19 17:06:02,553 home-admin-Documents-nesa_projects-erpnext-vms-system-vms-system:default: frappe.utils.background_jobs.execute_job(event=None, is_async=True, job_name='frappe.core.doctype.scheduled_job_type.scheduled_job_type.run_scheduled_jo..., kwargs={'job_type': 'frappe.automation_engine.scheduler.process_date_based', 'sche..., method='frappe.core.doctype.scheduled_job_type.scheduled_job_type.run_scheduled_jo..., site='vms.localhost', user='Administrator') (vms.localhost||scheduled_job||r6ce7rv75u)
2026-09-19 17:06:02,826 Successfully completed frappe.utils.background_jobs.execute_job(event=None, is_async=True, job_name='frappe.core.doctype.scheduled_job_type.scheduled_job_type.run_scheduled_jo..., kwargs={'job_type': 'frappe.automation_engine.scheduler.process_date_based', 'sche..., method='frappe.core.doctype.scheduled_job_type.scheduled_job_type.run_scheduled_jo..., site='vms.localhost', user='Administrator') job in 0:00:00.267255s on worker f9a0b0b129c24c5186cd54277a99ed86
2026-09-19 17:06:02,826 home-admin-Documents-nesa_projects-erpnext-vms-system-vms-system:default: Job OK (vms.localhost||scheduled_job||r6ce7rv75u)
2026-09-19 17:06:02,826 Result is kept for 600 seconds
2026-09-19 17:06:02,838 home-admin-Documents-nesa_projects-erpnext-vms-system-vms-system:default: frappe.utils.background_jobs.execute_job(event=None, is_async=True, job_name='frappe.core.doctype.scheduled_job_type.scheduled_job_type.run_scheduled_jo..., kwargs={'job_type': 'erpnext.manufacturing.doctype.bom_update_log.bom_update_log.r..., method='frappe.core.doctype.scheduled_job_type.scheduled_job_type.run_scheduled_jo..., site='vms.localhost', user='Administrator') (vms.localhost||scheduled_job||4g2rahgf4c)
2026-09-19 17:06:03,103 Successfully completed frappe.utils.background_jobs.execute_job(event=None, is_async=True, job_name='frappe.core.doctype.scheduled_job_type.scheduled_job_type.run_scheduled_jo..., kwargs={'job_type': 'erpnext.manufacturing.doctype.bom_update_log.bom_update_log.r..., method='frappe.core.doctype.scheduled_job_type.scheduled_job_type.run_scheduled_jo..., site='vms.localhost', user='Administrator') job in 0:00:00.256102s on worker f9a0b0b129c24c5186cd54277a99ed86
2026-09-19 17:06:03,103 home-admin-Documents-nesa_projects-erpnext-vms-system-vms-system:default: Job OK (vms.localhost||scheduled_job||4g2rahgf4c)
2026-09-19 17:06:03,103 Result is kept for 600 seconds
2026-09-19 17:06:03,108 home-admin-Documents-nesa_projects-erpnext-vms-system-vms-system:default: frappe.utils.background_jobs.execute_job(event=None, is_async=True, job_name='frappe.core.doctype.scheduled_job_type.scheduled_job_type.run_scheduled_jo..., kwargs={'job_type': 'frappe.utils.telemetry.pulse.client.send_queued_events', 'sch..., method='frappe.core.doctype.scheduled_job_type.scheduled_job_type.run_scheduled_jo..., site='vms.localhost', user='Administrator') (vms.localhost||scheduled_job||r6cjuaehis)
2026-09-19 17:06:03,327 Successfully completed frappe.utils.background_jobs.execute_job(event=None, is_async=True, job_name='frappe.core.doctype.scheduled_job_type.scheduled_job_type.run_scheduled_jo..., kwargs={'job_type': 'frappe.utils.telemetry.pulse.client.send_queued_events', 'sch..., method='frappe.core.doctype.scheduled_job_type.scheduled_job_type.run_scheduled_jo..., site='vms.localhost', user='Administrator') job in 0:00:00.215675s on worker f9a0b0b129c24c5186cd54277a99ed86
2026-09-19 17:06:03,327 home-admin-Documents-nesa_projects-erpnext-vms-system-vms-system:default: Job OK (vms.localhost||scheduled_job||r6cjuaehis)
2026-09-19 17:06:03,327 Result is kept for 600 seconds
2026-09-19 17:06:03,332 home-admin-Documents-nesa_projects-erpnext-vms-system-vms-system:default: frappe.utils.background_jobs.execute_job(event=None, is_async=True, job_name='frappe.core.doctype.scheduled_job_type.scheduled_job_type.run_scheduled_jo..., kwargs={'job_type': 'frappe.email.queue.flush', 'scheduled_job_type': 'r6cffmj05i'..., method='frappe.core.doctype.scheduled_job_type.scheduled_job_type.run_scheduled_jo..., site='vms.localhost', user='Administrator') (vms.localhost||scheduled_job||r6cffmj05i)
2026-09-19 17:06:03,585 Successfully completed frappe.utils.background_jobs.execute_job(event=None, is_async=True, job_name='frappe.core.doctype.scheduled_job_type.scheduled_job_type.run_scheduled_jo..., kwargs={'job_type': 'frappe.email.queue.flush', 'scheduled_job_type': 'r6cffmj05i'..., method='frappe.core.doctype.scheduled_job_type.scheduled_job_type.run_scheduled_jo..., site='vms.localhost', user='Administrator') job in 0:00:00.249795s on worker f9a0b0b129c24c5186cd54277a99ed86
2026-09-19 17:06:03,585 home-admin-Documents-nesa_projects-erpnext-vms-system-vms-system:default: Job OK (vms.localhost||scheduled_job||r6cffmj05i)
2026-09-19 17:06:03,585 Result is kept for 600 seconds
2026-09-19 17:06:03,590 home-admin-Documents-nesa_projects-erpnext-vms-system-vms-system:default: frappe.utils.background_jobs.execute_job(event=None, is_async=True, job_name='frappe.core.doctype.scheduled_job_type.scheduled_job_type.run_scheduled_jo..., kwargs={'job_type': 'erpnext.projects.doctype.project.project.collect_project_stat..., method='frappe.core.doctype.scheduled_job_type.scheduled_job_type.run_scheduled_jo..., site='vms.localhost', user='Administrator') (vms.localhost||scheduled_job||4g3sthg2i3)
2026-09-19 17:06:03,853 Successfully completed frappe.utils.background_jobs.execute_job(event=None, is_async=True, job_name='frappe.core.doctype.scheduled_job_type.scheduled_job_type.run_scheduled_jo..., kwargs={'job_type': 'erpnext.projects.doctype.project.project.collect_project_stat..., method='frappe.core.doctype.scheduled_job_type.scheduled_job_type.run_scheduled_jo..., site='vms.localhost', user='Administrator') job in 0:00:00.259588s on worker f9a0b0b129c24c5186cd54277a99ed86
2026-09-19 17:06:03,853 home-admin-Documents-nesa_projects-erpnext-vms-system-vms-system:default: Job OK (vms.localhost||scheduled_job||4g3sthg2i3)
2026-09-19 17:06:03,853 Result is kept for 600 seconds
2026-09-19 17:06:03,858 home-admin-Documents-nesa_projects-erpnext-vms-system-vms-system:default: frappe.utils.background_jobs.execute_job(event=None, is_async=True, job_name='frappe.core.doctype.scheduled_job_type.scheduled_job_type.run_scheduled_jo..., kwargs={'job_type': 'frappe.automation_engine.scheduler.process_cron', 'scheduled_..., method='frappe.core.doctype.scheduled_job_type.scheduled_job_type.run_scheduled_jo..., site='vms.localhost', user='Administrator') (vms.localhost||scheduled_job||r6c7imf2kv)
2026-09-19 17:06:04,095 Successfully completed frappe.utils.background_jobs.execute_job(event=None, is_async=True, job_name='frappe.core.doctype.scheduled_job_type.scheduled_job_type.run_scheduled_jo..., kwargs={'job_type': 'frappe.automation_engine.scheduler.process_cron', 'scheduled_..., method='frappe.core.doctype.scheduled_job_type.scheduled_job_type.run_scheduled_jo..., site='vms.localhost', user='Administrator') job in 0:00:00.233171s on worker f9a0b0b129c24c5186cd54277a99ed86
2026-09-19 17:06:04,096 home-admin-Documents-nesa_projects-erpnext-vms-system-vms-system:default: Job OK (vms.localhost||scheduled_job||r6c7imf2kv)
2026-09-19 17:06:04,096 Result is kept for 600 seconds
2026-09-19 17:06:04,101 home-admin-Documents-nesa_projects-erpnext-vms-system-vms-system:default: frappe.utils.background_jobs.execute_job(event=None, is_async=True, job_name='frappe.core.doctype.scheduled_job_type.scheduled_job_type.run_scheduled_jo..., kwargs={'job_type': 'frappe.email.doctype.email_account.email_account.notify_unrep..., method='frappe.core.doctype.scheduled_job_type.scheduled_job_type.run_scheduled_jo..., site='vms.localhost', user='Administrator') (vms.localhost||scheduled_job||r6c7qkd882)
2026-09-19 17:06:04,353 Successfully completed frappe.utils.background_jobs.execute_job(event=None, is_async=True, job_name='frappe.core.doctype.scheduled_job_type.scheduled_job_type.run_scheduled_jo..., kwargs={'job_type': 'frappe.email.doctype.email_account.email_account.notify_unrep..., method='frappe.core.doctype.scheduled_job_type.scheduled_job_type.run_scheduled_jo..., site='vms.localhost', user='Administrator') job in 0:00:00.248044s on worker f9a0b0b129c24c5186cd54277a99ed86
2026-09-19 17:06:04,353 home-admin-Documents-nesa_projects-erpnext-vms-system-vms-system:default: Job OK (vms.localhost||scheduled_job||r6c7qkd882)
2026-09-19 17:06:04,353 Result is kept for 600 seconds
2026-09-19 17:06:04,358 home-admin-Documents-nesa_projects-erpnext-vms-system-vms-system:default: frappe.utils.background_jobs.execute_job(event=None, is_async=True, job_name='frappe.core.doctype.scheduled_job_type.scheduled_job_type.run_scheduled_jo..., kwargs={'job_type': 'frappe.email.queue.retry_sending_emails', 'scheduled_job_type..., method='frappe.core.doctype.scheduled_job_type.scheduled_job_type.run_scheduled_jo..., site='vms.localhost', user='Administrator') (vms.localhost||scheduled_job||r6cfjq81g8)
2026-09-19 17:06:04,615 Successfully completed frappe.utils.background_jobs.execute_job(event=None, is_async=True, job_name='frappe.core.doctype.scheduled_job_type.scheduled_job_type.run_scheduled_jo..., kwargs={'job_type': 'frappe.email.queue.retry_sending_emails', 'scheduled_job_type..., method='frappe.core.doctype.scheduled_job_type.scheduled_job_type.run_scheduled_jo..., site='vms.localhost', user='Administrator') job in 0:00:00.252769s on worker f9a0b0b129c24c5186cd54277a99ed86
2026-09-19 17:06:04,615 home-admin-Documents-nesa_projects-erpnext-vms-system-vms-system:default: Job OK (vms.localhost||scheduled_job||r6cfjq81g8)
2026-09-19 17:06:04,615 Result is kept for 600 seconds
2026-09-19 17:06:04,620 home-admin-Documents-nesa_projects-erpnext-vms-system-vms-system:default: frappe.utils.background_jobs.execute_job(event=None, is_async=True, job_name='frappe.core.doctype.scheduled_job_type.scheduled_job_type.run_scheduled_jo..., kwargs={'job_type': 'frappe.integrations.doctype.google_calendar.google_calendar.s..., method='frappe.core.doctype.scheduled_job_type.scheduled_job_type.run_scheduled_jo..., site='vms.localhost', user='Administrator') (vms.localhost||scheduled_job||r6cgbuk2q9)
2026-09-19 17:06:04,855 Successfully completed frappe.utils.background_jobs.execute_job(event=None, is_async=True, job_name='frappe.core.doctype.scheduled_job_type.scheduled_job_type.run_scheduled_jo..., kwargs={'job_type': 'frappe.integrations.doctype.google_calendar.google_calendar.s..., method='frappe.core.doctype.scheduled_job_type.scheduled_job_type.run_scheduled_jo..., site='vms.localhost', user='Administrator') job in 0:00:00.231566s on worker f9a0b0b129c24c5186cd54277a99ed86
2026-09-19 17:06:04,855 home-admin-Documents-nesa_projects-erpnext-vms-system-vms-system:default: Job OK (vms.localhost||scheduled_job||r6cgbuk2q9)
2026-09-19 17:06:04,855 Result is kept for 600 seconds
2026-09-19 17:06:04,860 home-admin-Documents-nesa_projects-erpnext-vms-system-vms-system:default: frappe.utils.background_jobs.execute_job(event=None, is_async=True, job_name='frappe.core.doctype.scheduled_job_type.scheduled_job_type.run_scheduled_jo..., kwargs={'job_type': 'erpnext.utilities.doctype.video.video.update_youtube_data', '..., method='frappe.core.doctype.scheduled_job_type.scheduled_job_type.run_scheduled_jo..., site='vms.localhost', user='Administrator') (vms.localhost||scheduled_job||4g3ha9os4t)
2026-09-19 17:06:05,242 Successfully completed frappe.utils.background_jobs.execute_job(event=None, is_async=True, job_name='frappe.core.doctype.scheduled_job_type.scheduled_job_type.run_scheduled_jo..., kwargs={'job_type': 'erpnext.utilities.doctype.video.video.update_youtube_data', '..., method='frappe.core.doctype.scheduled_job_type.scheduled_job_type.run_scheduled_jo..., site='vms.localhost', user='Administrator') job in 0:00:00.378476s on worker f9a0b0b129c24c5186cd54277a99ed86
2026-09-19 17:06:05,242 home-admin-Documents-nesa_projects-erpnext-vms-system-vms-system:default: Job OK (vms.localhost||scheduled_job||4g3ha9os4t)
2026-09-19 17:06:05,243 Result is kept for 600 seconds
2026-09-19 17:06:05,248 home-admin-Documents-nesa_projects-erpnext-vms-system-vms-system:default: frappe.utils.background_jobs.execute_job(event=None, is_async=True, job_name='frappe.core.doctype.scheduled_job_type.scheduled_job_type.run_scheduled_jo..., kwargs={'job_type': 'frappe.automation.doctype.reminder.reminder.send_reminders', ..., method='frappe.core.doctype.scheduled_job_type.scheduled_job_type.run_scheduled_jo..., site='vms.localhost', user='Administrator') (vms.localhost||scheduled_job||r6cm239u8l)
2026-09-19 17:06:05,520 Successfully completed frappe.utils.background_jobs.execute_job(event=None, is_async=True, job_name='frappe.core.doctype.scheduled_job_type.scheduled_job_type.run_scheduled_jo..., kwargs={'job_type': 'frappe.automation.doctype.reminder.reminder.send_reminders', ..., method='frappe.core.doctype.scheduled_job_type.scheduled_job_type.run_scheduled_jo..., site='vms.localhost', user='Administrator') job in 0:00:00.266440s on worker f9a0b0b129c24c5186cd54277a99ed86
2026-09-19 17:06:05,520 home-admin-Documents-nesa_projects-erpnext-vms-system-vms-system:default: Job OK (vms.localhost||scheduled_job||r6cm239u8l)
2026-09-19 17:06:05,520 Result is kept for 600 seconds
2026-09-19 17:06:05,524 home-admin-Documents-nesa_projects-erpnext-vms-system-vms-system:default: frappe.utils.background_jobs.execute_job(event=None, is_async=True, job_name='frappe.core.doctype.scheduled_job_type.scheduled_job_type.run_scheduled_jo..., kwargs={'job_type': 'frappe.email.doctype.notification.notification.trigger_offset..., method='frappe.core.doctype.scheduled_job_type.scheduled_job_type.run_scheduled_jo..., site='vms.localhost', user='Administrator') (vms.localhost||scheduled_job||r6bmsv0n1c)
2026-09-19 17:06:05,776 Successfully completed frappe.utils.background_jobs.execute_job(event=None, is_async=True, job_name='frappe.core.doctype.scheduled_job_type.scheduled_job_type.run_scheduled_jo..., kwargs={'job_type': 'frappe.email.doctype.notification.notification.trigger_offset..., method='frappe.core.doctype.scheduled_job_type.scheduled_job_type.run_scheduled_jo..., site='vms.localhost', user='Administrator') job in 0:00:00.247497s on worker f9a0b0b129c24c5186cd54277a99ed86
2026-09-19 17:06:05,776 home-admin-Documents-nesa_projects-erpnext-vms-system-vms-system:default: Job OK (vms.localhost||scheduled_job||r6bmsv0n1c)
2026-09-19 17:06:05,776 Result is kept for 600 seconds
2026-09-19 17:06:05,780 home-admin-Documents-nesa_projects-erpnext-vms-system-vms-system:default: frappe.utils.background_jobs.execute_job(event=None, is_async=True, job_name='frappe.core.doctype.scheduled_job_type.scheduled_job_type.run_scheduled_jo..., kwargs={'job_type': 'frappe.search.sqlite_search.index_docs_in_queue', 'scheduled_..., method='frappe.core.doctype.scheduled_job_type.scheduled_job_type.run_scheduled_jo..., site='vms.localhost', user='Administrator') (vms.localhost||scheduled_job||r6b0va6b0s)
2026-09-19 17:06:06,049 Successfully completed frappe.utils.background_jobs.execute_job(event=None, is_async=True, job_name='frappe.core.doctype.scheduled_job_type.scheduled_job_type.run_scheduled_jo..., kwargs={'job_type': 'frappe.search.sqlite_search.index_docs_in_queue', 'scheduled_..., method='frappe.core.doctype.scheduled_job_type.scheduled_job_type.run_scheduled_jo..., site='vms.localhost', user='Administrator') job in 0:00:00.265049s on worker f9a0b0b129c24c5186cd54277a99ed86
2026-09-19 17:06:06,049 home-admin-Documents-nesa_projects-erpnext-vms-system-vms-system:default: Job OK (vms.localhost||scheduled_job||r6b0va6b0s)
2026-09-19 17:06:06,049 Result is kept for 600 seconds
2026-09-19 17:06:06,054 home-admin-Documents-nesa_projects-erpnext-vms-system-vms-system:default: frappe.utils.background_jobs.execute_job(event=None, is_async=True, job_name='frappe.core.doctype.scheduled_job_type.scheduled_job_type.run_scheduled_jo..., kwargs={'job_type': 'erpnext.projects.doctype.project.project.hourly_reminder', 's..., method='frappe.core.doctype.scheduled_job_type.scheduled_job_type.run_scheduled_jo..., site='vms.localhost', user='Administrator') (vms.localhost||scheduled_job||4g3u4frco7)
2026-09-19 17:06:06,349 Successfully completed frappe.utils.background_jobs.execute_job(event=None, is_async=True, job_name='frappe.core.doctype.scheduled_job_type.scheduled_job_type.run_scheduled_jo..., kwargs={'job_type': 'erpnext.projects.doctype.project.project.hourly_reminder', 's..., method='frappe.core.doctype.scheduled_job_type.scheduled_job_type.run_scheduled_jo..., site='vms.localhost', user='Administrator') job in 0:00:00.290720s on worker f9a0b0b129c24c5186cd54277a99ed86
2026-09-19 17:06:06,349 home-admin-Documents-nesa_projects-erpnext-vms-system-vms-system:default: Job OK (vms.localhost||scheduled_job||4g3u4frco7)
2026-09-19 17:06:06,349 Result is kept for 600 seconds
2026-09-19 17:06:06,354 home-admin-Documents-nesa_projects-erpnext-vms-system-vms-system:default: frappe.utils.background_jobs.execute_job(event=None, is_async=True, job_name='frappe.core.doctype.scheduled_job_type.scheduled_job_type.run_scheduled_jo..., kwargs={'job_type': 'frappe.email.doctype.email_account.email_account.pull', 'sche..., method='frappe.core.doctype.scheduled_job_type.scheduled_job_type.run_scheduled_jo..., site='vms.localhost', user='Administrator') (vms.localhost||scheduled_job||r6co2s6eeh)
2026-09-19 17:06:06,619 Successfully completed frappe.utils.background_jobs.execute_job(event=None, is_async=True, job_name='frappe.core.doctype.scheduled_job_type.scheduled_job_type.run_scheduled_jo..., kwargs={'job_type': 'frappe.email.doctype.email_account.email_account.pull', 'sche..., method='frappe.core.doctype.scheduled_job_type.scheduled_job_type.run_scheduled_jo..., site='vms.localhost', user='Administrator') job in 0:00:00.261386s on worker f9a0b0b129c24c5186cd54277a99ed86
2026-09-19 17:06:06,619 home-admin-Documents-nesa_projects-erpnext-vms-system-vms-system:default: Job OK (vms.localhost||scheduled_job||r6co2s6eeh)
2026-09-19 17:06:06,619 Result is kept for 600 seconds
2026-09-19 17:06:06,624 home-admin-Documents-nesa_projects-erpnext-vms-system-vms-system:long: frappe.utils.background_jobs.execute_job(event=None, is_async=True, job_name='frappe.core.doctype.scheduled_job_type.scheduled_job_type.run_scheduled_jo..., kwargs={'job_type': 'erpnext.utilities.bulk_transaction.retry', 'scheduled_job_typ..., method='frappe.core.doctype.scheduled_job_type.scheduled_job_type.run_scheduled_jo..., site='vms.localhost', user='Administrator') (vms.localhost||scheduled_job||4g448ru8j0)
2026-09-19 17:06:06,887 Successfully completed frappe.utils.background_jobs.execute_job(event=None, is_async=True, job_name='frappe.core.doctype.scheduled_job_type.scheduled_job_type.run_scheduled_jo..., kwargs={'job_type': 'erpnext.utilities.bulk_transaction.retry', 'scheduled_job_typ..., method='frappe.core.doctype.scheduled_job_type.scheduled_job_type.run_scheduled_jo..., site='vms.localhost', user='Administrator') job in 0:00:00.259004s on worker f9a0b0b129c24c5186cd54277a99ed86
2026-09-19 17:06:06,887 home-admin-Documents-nesa_projects-erpnext-vms-system-vms-system:long: Job OK (vms.localhost||scheduled_job||4g448ru8j0)
2026-09-19 17:06:06,887 Result is kept for 600 seconds
2026-09-19 17:06:06,894 home-admin-Documents-nesa_projects-erpnext-vms-system-vms-system:long: frappe.utils.background_jobs.execute_job(event=None, is_async=True, job_name='frappe.core.doctype.scheduled_job_type.scheduled_job_type.run_scheduled_jo..., kwargs={'job_type': 'frappe.model.utils.user_settings.sync_user_settings', 'schedu..., method='frappe.core.doctype.scheduled_job_type.scheduled_job_type.run_scheduled_jo..., site='vms.localhost', user='Administrator') (vms.localhost||scheduled_job||r6ciceoctm)
2026-09-19 17:06:07,147 Successfully completed frappe.utils.background_jobs.execute_job(event=None, is_async=True, job_name='frappe.core.doctype.scheduled_job_type.scheduled_job_type.run_scheduled_jo..., kwargs={'job_type': 'frappe.model.utils.user_settings.sync_user_settings', 'schedu..., method='frappe.core.doctype.scheduled_job_type.scheduled_job_type.run_scheduled_jo..., site='vms.localhost', user='Administrator') job in 0:00:00.247806s on worker f9a0b0b129c24c5186cd54277a99ed86
2026-09-19 17:06:07,147 home-admin-Documents-nesa_projects-erpnext-vms-system-vms-system:long: Job OK (vms.localhost||scheduled_job||r6ciceoctm)
2026-09-19 17:06:07,147 Result is kept for 600 seconds
2026-09-19 17:06:07,152 home-admin-Documents-nesa_projects-erpnext-vms-system-vms-system:long: frappe.utils.background_jobs.execute_job(event=None, is_async=True, job_name='frappe.core.doctype.scheduled_job_type.scheduled_job_type.run_scheduled_jo..., kwargs={'job_type': 'frappe.website.doctype.web_page.web_page.check_publish_status..., method='frappe.core.doctype.scheduled_job_type.scheduled_job_type.run_scheduled_jo..., site='vms.localhost', user='Administrator') (vms.localhost||scheduled_job||r6cds5tma7)
2026-09-19 17:06:07,425 Successfully completed frappe.utils.background_jobs.execute_job(event=None, is_async=True, job_name='frappe.core.doctype.scheduled_job_type.scheduled_job_type.run_scheduled_jo..., kwargs={'job_type': 'frappe.website.doctype.web_page.web_page.check_publish_status..., method='frappe.core.doctype.scheduled_job_type.scheduled_job_type.run_scheduled_jo..., site='vms.localhost', user='Administrator') job in 0:00:00.268877s on worker f9a0b0b129c24c5186cd54277a99ed86
2026-09-19 17:06:07,425 home-admin-Documents-nesa_projects-erpnext-vms-system-vms-system:long: Job OK (vms.localhost||scheduled_job||r6cds5tma7)
2026-09-19 17:06:07,425 Result is kept for 600 seconds
2026-09-19 17:06:07,429 home-admin-Documents-nesa_projects-erpnext-vms-system-vms-system:long: frappe.utils.background_jobs.execute_job(event=None, is_async=True, job_name='frappe.core.doctype.scheduled_job_type.scheduled_job_type.run_scheduled_jo..., kwargs={'job_type': 'frappe.desk.utils.delete_old_exported_report_files', 'schedul..., method='frappe.core.doctype.scheduled_job_type.scheduled_job_type.run_scheduled_jo..., site='vms.localhost', user='Administrator') (vms.localhost||scheduled_job||r6cvardqcc)
2026-09-19 17:06:07,689 Successfully completed frappe.utils.background_jobs.execute_job(event=None, is_async=True, job_name='frappe.core.doctype.scheduled_job_type.scheduled_job_type.run_scheduled_jo..., kwargs={'job_type': 'frappe.desk.utils.delete_old_exported_report_files', 'schedul..., method='frappe.core.doctype.scheduled_job_type.scheduled_job_type.run_scheduled_jo..., site='vms.localhost', user='Administrator') job in 0:00:00.255155s on worker f9a0b0b129c24c5186cd54277a99ed86
2026-09-19 17:06:07,689 home-admin-Documents-nesa_projects-erpnext-vms-system-vms-system:long: Job OK (vms.localhost||scheduled_job||r6cvardqcc)
2026-09-19 17:06:07,689 Result is kept for 600 seconds
2026-09-19 17:06:07,693 home-admin-Documents-nesa_projects-erpnext-vms-system-vms-system:long: frappe.utils.background_jobs.execute_job(event=None, is_async=True, job_name='frappe.core.doctype.scheduled_job_type.scheduled_job_type.run_scheduled_jo..., kwargs={'job_type': 'frappe.desk.form.document_follow.send_hourly_updates', 'sched..., method='frappe.core.doctype.scheduled_job_type.scheduled_job_type.run_scheduled_jo..., site='vms.localhost', user='Administrator') (vms.localhost||scheduled_job||r6csg0t6m3)
2026-09-19 17:06:07,945 Successfully completed frappe.utils.background_jobs.execute_job(event=None, is_async=True, job_name='frappe.core.doctype.scheduled_job_type.scheduled_job_type.run_scheduled_jo..., kwargs={'job_type': 'frappe.desk.form.document_follow.send_hourly_updates', 'sched..., method='frappe.core.doctype.scheduled_job_type.scheduled_job_type.run_scheduled_jo..., site='vms.localhost', user='Administrator') job in 0:00:00.248103s on worker f9a0b0b129c24c5186cd54277a99ed86
2026-09-19 17:06:07,945 home-admin-Documents-nesa_projects-erpnext-vms-system-vms-system:long: Job OK (vms.localhost||scheduled_job||r6csg0t6m3)
2026-09-19 17:06:07,945 Result is kept for 600 seconds
2026-09-19 17:06:07,950 home-admin-Documents-nesa_projects-erpnext-vms-system-vms-system:long: frappe.utils.background_jobs.execute_job(event=None, is_async=True, job_name='frappe.core.doctype.scheduled_job_type.scheduled_job_type.run_scheduled_jo..., kwargs={'job_type': 'erpnext.stock.doctype.repost_item_valuation.repost_item_valua..., method='frappe.core.doctype.scheduled_job_type.scheduled_job_type.run_scheduled_jo..., site='vms.localhost', user='Administrator') (vms.localhost||scheduled_job||4g4iktm5us)
2026-09-19 17:06:08,235 Successfully completed frappe.utils.background_jobs.execute_job(event=None, is_async=True, job_name='frappe.core.doctype.scheduled_job_type.scheduled_job_type.run_scheduled_jo..., kwargs={'job_type': 'erpnext.stock.doctype.repost_item_valuation.repost_item_valua..., method='frappe.core.doctype.scheduled_job_type.scheduled_job_type.run_scheduled_jo..., site='vms.localhost', user='Administrator') job in 0:00:00.280244s on worker f9a0b0b129c24c5186cd54277a99ed86
2026-09-19 17:06:08,235 home-admin-Documents-nesa_projects-erpnext-vms-system-vms-system:long: Job OK (vms.localhost||scheduled_job||4g4iktm5us)
2026-09-19 17:06:08,235 Result is kept for 600 seconds
2026-09-19 17:06:08,240 home-admin-Documents-nesa_projects-erpnext-vms-system-vms-system:long: frappe.utils.background_jobs.execute_job(event=None, is_async=True, job_name='frappe.core.doctype.scheduled_job_type.scheduled_job_type.run_scheduled_jo..., kwargs={'job_type': 'frappe.website.doctype.personal_data_deletion_request.persona..., method='frappe.core.doctype.scheduled_job_type.scheduled_job_type.run_scheduled_jo..., site='vms.localhost', user='Administrator') (vms.localhost||scheduled_job||r6c4eechub)
2026-09-19 17:06:08,523 Successfully completed frappe.utils.background_jobs.execute_job(event=None, is_async=True, job_name='frappe.core.doctype.scheduled_job_type.scheduled_job_type.run_scheduled_jo..., kwargs={'job_type': 'frappe.website.doctype.personal_data_deletion_request.persona..., method='frappe.core.doctype.scheduled_job_type.scheduled_job_type.run_scheduled_jo..., site='vms.localhost', user='Administrator') job in 0:00:00.278719s on worker f9a0b0b129c24c5186cd54277a99ed86
2026-09-19 17:06:08,524 home-admin-Documents-nesa_projects-erpnext-vms-system-vms-system:long: Job OK (vms.localhost||scheduled_job||r6c4eechub)
2026-09-19 17:06:08,524 Result is kept for 600 seconds
2026-09-19 17:06:08,529 home-admin-Documents-nesa_projects-erpnext-vms-system-vms-system:long: frappe.utils.background_jobs.execute_job(event=None, is_async=True, job_name='frappe.core.doctype.scheduled_job_type.scheduled_job_type.run_scheduled_jo..., kwargs={'job_type': 'frappe.core.doctype.prepared_report.prepared_report.expire_st..., method='frappe.core.doctype.scheduled_job_type.scheduled_job_type.run_scheduled_jo..., site='vms.localhost', user='Administrator') (vms.localhost||scheduled_job||r6ctii666v)
2026-09-19 17:06:08,799 Successfully completed frappe.utils.background_jobs.execute_job(event=None, is_async=True, job_name='frappe.core.doctype.scheduled_job_type.scheduled_job_type.run_scheduled_jo..., kwargs={'job_type': 'frappe.core.doctype.prepared_report.prepared_report.expire_st..., method='frappe.core.doctype.scheduled_job_type.scheduled_job_type.run_scheduled_jo..., site='vms.localhost', user='Administrator') job in 0:00:00.266310s on worker f9a0b0b129c24c5186cd54277a99ed86
2026-09-19 17:06:08,799 home-admin-Documents-nesa_projects-erpnext-vms-system-vms-system:long: Job OK (vms.localhost||scheduled_job||r6ctii666v)
2026-09-19 17:06:08,799 Result is kept for 600 seconds
2026-09-19 17:06:08,804 home-admin-Documents-nesa_projects-erpnext-vms-system-vms-system:long: frappe.utils.background_jobs.execute_job(event=None, is_async=True, job_name='frappe.core.doctype.scheduled_job_type.scheduled_job_type.run_scheduled_jo..., kwargs={'job_type': 'frappe.twofactor.delete_all_barcodes_for_users', 'scheduled_j..., method='frappe.core.doctype.scheduled_job_type.scheduled_job_type.run_scheduled_jo..., site='vms.localhost', user='Administrator') (vms.localhost||scheduled_job||r6ct8tl6r9)
2026-09-19 17:06:09,069 Successfully completed frappe.utils.background_jobs.execute_job(event=None, is_async=True, job_name='frappe.core.doctype.scheduled_job_type.scheduled_job_type.run_scheduled_jo..., kwargs={'job_type': 'frappe.twofactor.delete_all_barcodes_for_users', 'scheduled_j..., method='frappe.core.doctype.scheduled_job_type.scheduled_job_type.run_scheduled_jo..., site='vms.localhost', user='Administrator') job in 0:00:00.260775s on worker f9a0b0b129c24c5186cd54277a99ed86
2026-09-19 17:06:09,069 home-admin-Documents-nesa_projects-erpnext-vms-system-vms-system:long: Job OK (vms.localhost||scheduled_job||r6ct8tl6r9)
2026-09-19 17:06:09,069 Result is kept for 600 seconds
2026-09-19 17:06:09,074 home-admin-Documents-nesa_projects-erpnext-vms-system-vms-system:long: frappe.utils.background_jobs.execute_job(event=None, is_async=True, job_name='frappe.core.doctype.scheduled_job_type.scheduled_job_type.run_scheduled_jo..., kwargs={'job_type': 'frappe.desk.page.backups.backups.delete_downloadable_backups'..., method='frappe.core.doctype.scheduled_job_type.scheduled_job_type.run_scheduled_jo..., site='vms.localhost', user='Administrator') (vms.localhost||scheduled_job||r6cd660nsm)
2026-09-19 17:06:09,341 Successfully completed frappe.utils.background_jobs.execute_job(event=None, is_async=True, job_name='frappe.core.doctype.scheduled_job_type.scheduled_job_type.run_scheduled_jo..., kwargs={'job_type': 'frappe.desk.page.backups.backups.delete_downloadable_backups'..., method='frappe.core.doctype.scheduled_job_type.scheduled_job_type.run_scheduled_jo..., site='vms.localhost', user='Administrator') job in 0:00:00.263369s on worker f9a0b0b129c24c5186cd54277a99ed86
2026-09-19 17:06:09,341 home-admin-Documents-nesa_projects-erpnext-vms-system-vms-system:long: Job OK (vms.localhost||scheduled_job||r6cd660nsm)
2026-09-19 17:06:09,341 Result is kept for 600 seconds
2026-09-19 17:06:09,346 home-admin-Documents-nesa_projects-erpnext-vms-system-vms-system:long: frappe.utils.background_jobs.execute_job(event=None, is_async=True, job_name='frappe.core.doctype.scheduled_job_type.scheduled_job_type.run_scheduled_jo..., kwargs={'job_type': 'frappe.oauth.delete_oauth2_data', 'scheduled_job_type': 'r6cc..., method='frappe.core.doctype.scheduled_job_type.scheduled_job_type.run_scheduled_jo..., site='vms.localhost', user='Administrator') (vms.localhost||scheduled_job||r6ccc3ekno)
2026-09-19 17:06:09,630 Successfully completed frappe.utils.background_jobs.execute_job(event=None, is_async=True, job_name='frappe.core.doctype.scheduled_job_type.scheduled_job_type.run_scheduled_jo..., kwargs={'job_type': 'frappe.oauth.delete_oauth2_data', 'scheduled_job_type': 'r6cc..., method='frappe.core.doctype.scheduled_job_type.scheduled_job_type.run_scheduled_jo..., site='vms.localhost', user='Administrator') job in 0:00:00.280630s on worker f9a0b0b129c24c5186cd54277a99ed86
2026-09-19 17:06:09,631 home-admin-Documents-nesa_projects-erpnext-vms-system-vms-system:long: Job OK (vms.localhost||scheduled_job||r6ccc3ekno)
2026-09-19 17:06:09,631 Result is kept for 600 seconds
2026-09-19 17:08:36,764 home-admin-Documents-nesa_projects-erpnext-vms-system-vms-system:default: frappe.utils.background_jobs.execute_job(event=None, is_async=True, job_name='frappe.core.doctype.user.user.create_contact', kwargs={'user': <User: doctype=User testuser@domain.com>, 'ignore_mandatory': True..., method='frappe.core.doctype.user.user.create_contact', site='vms.localhost', user='Administrator') (vms.localhost||683cf85c-9ea8-4ca8-b5ed-7c8fcdbdb630)
2026-09-19 17:08:37,103 Successfully completed frappe.utils.background_jobs.execute_job(event=None, is_async=True, job_name='frappe.core.doctype.user.user.create_contact', kwargs={'user': <User: doctype=User testuser@domain.com>, 'ignore_mandatory': True..., method='frappe.core.doctype.user.user.create_contact', site='vms.localhost', user='Administrator') job in 0:00:00.276263s on worker f9a0b0b129c24c5186cd54277a99ed86
2026-09-19 17:08:37,103 home-admin-Documents-nesa_projects-erpnext-vms-system-vms-system:default: Job OK (vms.localhost||683cf85c-9ea8-4ca8-b5ed-7c8fcdbdb630)
2026-09-19 17:08:37,103 Result is kept for 600 seconds
2026-09-19 17:09:53,924 home-admin-Documents-nesa_projects-erpnext-vms-system-vms-system:default: frappe.utils.background_jobs.execute_job(event=None, is_async=True, job_name='frappe.core.doctype.user.user.create_contact', kwargs={'user': <User: doctype=User testuser@domain.com>, 'ignore_mandatory': True..., method='frappe.core.doctype.user.user.create_contact', site='vms.localhost', user='testuser@domain.com') (vms.localhost||0463053d-9942-4dd6-8021-5efa441ff1e1)
2026-09-19 17:09:54,176 Successfully completed frappe.utils.background_jobs.execute_job(event=None, is_async=True, job_name='frappe.core.doctype.user.user.create_contact', kwargs={'user': <User: doctype=User testuser@domain.com>, 'ignore_mandatory': True..., method='frappe.core.doctype.user.user.create_contact', site='vms.localhost', user='testuser@domain.com') job in 0:00:00.209143s on worker f9a0b0b129c24c5186cd54277a99ed86
2026-09-19 17:09:54,176 home-admin-Documents-nesa_projects-erpnext-vms-system-vms-system:default: Job OK (vms.localhost||0463053d-9942-4dd6-8021-5efa441ff1e1)
2026-09-19 17:09:54,176 Result is kept for 600 seconds
2026-09-19 17:10:00,377 home-admin-Documents-nesa_projects-erpnext-vms-system-vms-system:default: frappe.utils.background_jobs.execute_job(event=None, is_async=True, job_name='frappe.core.doctype.scheduled_job_type.scheduled_job_type.run_scheduled_jo..., kwargs={'job_type': 'frappe.automation_engine.drainer.drain_due', 'scheduled_job_t..., method='frappe.core.doctype.scheduled_job_type.scheduled_job_type.run_scheduled_jo..., site='vms.localhost', user='Administrator') (vms.localhost||scheduled_job||r6cf3826fc)
2026-09-19 17:10:00,599 Successfully completed frappe.utils.background_jobs.execute_job(event=None, is_async=True, job_name='frappe.core.doctype.scheduled_job_type.scheduled_job_type.run_scheduled_jo..., kwargs={'job_type': 'frappe.automation_engine.drainer.drain_due', 'scheduled_job_t..., method='frappe.core.doctype.scheduled_job_type.scheduled_job_type.run_scheduled_jo..., site='vms.localhost', user='Administrator') job in 0:00:00.217852s on worker f9a0b0b129c24c5186cd54277a99ed86
2026-09-19 17:10:00,599 home-admin-Documents-nesa_projects-erpnext-vms-system-vms-system:default: Job OK (vms.localhost||scheduled_job||r6cf3826fc)
2026-09-19 17:10:00,599 Result is kept for 600 seconds
2026-09-19 17:10:00,605 home-admin-Documents-nesa_projects-erpnext-vms-system-vms-system:default: frappe.utils.background_jobs.execute_job(event=None, is_async=True, job_name='frappe.core.doctype.scheduled_job_type.scheduled_job_type.run_scheduled_jo..., kwargs={'job_type': 'frappe.automation_engine.scheduler.process_cron', 'scheduled_..., method='frappe.core.doctype.scheduled_job_type.scheduled_job_type.run_scheduled_jo..., site='vms.localhost', user='Administrator') (vms.localhost||scheduled_job||r6c7imf2kv)
2026-09-19 17:10:00,846 Successfully completed frappe.utils.background_jobs.execute_job(event=None, is_async=True, job_name='frappe.core.doctype.scheduled_job_type.scheduled_job_type.run_scheduled_jo..., kwargs={'job_type': 'frappe.automation_engine.scheduler.process_cron', 'scheduled_..., method='frappe.core.doctype.scheduled_job_type.scheduled_job_type.run_scheduled_jo..., site='vms.localhost', user='Administrator') job in 0:00:00.236672s on worker f9a0b0b129c24c5186cd54277a99ed86
2026-09-19 17:10:00,846 home-admin-Documents-nesa_projects-erpnext-vms-system-vms-system:default: Job OK (vms.localhost||scheduled_job||r6c7imf2kv)
2026-09-19 17:10:00,846 Result is kept for 600 seconds
2026-09-19 17:10:00,852 home-admin-Documents-nesa_projects-erpnext-vms-system-vms-system:default: frappe.utils.background_jobs.execute_job(event=None, is_async=True, job_name='frappe.core.doctype.scheduled_job_type.scheduled_job_type.run_scheduled_jo..., kwargs={'job_type': 'frappe.integrations.doctype.google_calendar.google_calendar.s..., method='frappe.core.doctype.scheduled_job_type.scheduled_job_type.run_scheduled_jo..., site='vms.localhost', user='Administrator') (vms.localhost||scheduled_job||r6cgbuk2q9)
2026-09-19 17:10:01,122 Successfully completed frappe.utils.background_jobs.execute_job(event=None, is_async=True, job_name='frappe.core.doctype.scheduled_job_type.scheduled_job_type.run_scheduled_jo..., kwargs={'job_type': 'frappe.integrations.doctype.google_calendar.google_calendar.s..., method='frappe.core.doctype.scheduled_job_type.scheduled_job_type.run_scheduled_jo..., site='vms.localhost', user='Administrator') job in 0:00:00.265811s on worker f9a0b0b129c24c5186cd54277a99ed86
2026-09-19 17:10:01,122 home-admin-Documents-nesa_projects-erpnext-vms-system-vms-system:default: Job OK (vms.localhost||scheduled_job||r6cgbuk2q9)
2026-09-19 17:10:01,122 Result is kept for 600 seconds
2026-09-19 17:10:01,129 home-admin-Documents-nesa_projects-erpnext-vms-system-vms-system:default: frappe.utils.background_jobs.execute_job(event=None, is_async=True, job_name='frappe.core.doctype.scheduled_job_type.scheduled_job_type.run_scheduled_jo..., kwargs={'job_type': 'frappe.email.queue.flush', 'scheduled_job_type': 'r6cffmj05i'..., method='frappe.core.doctype.scheduled_job_type.scheduled_job_type.run_scheduled_jo..., site='vms.localhost', user='Administrator') (vms.localhost||scheduled_job||r6cffmj05i)
2026-09-19 17:10:01,390 Successfully completed frappe.utils.background_jobs.execute_job(event=None, is_async=True, job_name='frappe.core.doctype.scheduled_job_type.scheduled_job_type.run_scheduled_jo..., kwargs={'job_type': 'frappe.email.queue.flush', 'scheduled_job_type': 'r6cffmj05i'..., method='frappe.core.doctype.scheduled_job_type.scheduled_job_type.run_scheduled_jo..., site='vms.localhost', user='Administrator') job in 0:00:00.255955s on worker f9a0b0b129c24c5186cd54277a99ed86
2026-09-19 17:10:01,390 home-admin-Documents-nesa_projects-erpnext-vms-system-vms-system:default: Job OK (vms.localhost||scheduled_job||r6cffmj05i)
2026-09-19 17:10:01,390 Result is kept for 600 seconds
2026-09-19 17:10:01,395 home-admin-Documents-nesa_projects-erpnext-vms-system-vms-system:default: frappe.utils.background_jobs.execute_job(event=None, is_async=True, job_name='frappe.core.doctype.scheduled_job_type.scheduled_job_type.run_scheduled_jo..., kwargs={'job_type': 'frappe.email.doctype.email_account.email_account.pull', 'sche..., method='frappe.core.doctype.scheduled_job_type.scheduled_job_type.run_scheduled_jo..., site='vms.localhost', user='Administrator') (vms.localhost||scheduled_job||r6co2s6eeh)
2026-09-19 17:10:01,650 Successfully completed frappe.utils.background_jobs.execute_job(event=None, is_async=True, job_name='frappe.core.doctype.scheduled_job_type.scheduled_job_type.run_scheduled_jo..., kwargs={'job_type': 'frappe.email.doctype.email_account.email_account.pull', 'sche..., method='frappe.core.doctype.scheduled_job_type.scheduled_job_type.run_scheduled_jo..., site='vms.localhost', user='Administrator') job in 0:00:00.250614s on worker f9a0b0b129c24c5186cd54277a99ed86
2026-09-19 17:10:01,650 home-admin-Documents-nesa_projects-erpnext-vms-system-vms-system:default: Job OK (vms.localhost||scheduled_job||r6co2s6eeh)
2026-09-19 17:10:01,650 Result is kept for 600 seconds
2026-09-19 17:10:01,655 home-admin-Documents-nesa_projects-erpnext-vms-system-vms-system:default: frappe.utils.background_jobs.execute_job(event=None, is_async=True, job_name='frappe.core.doctype.scheduled_job_type.scheduled_job_type.run_scheduled_jo..., kwargs={'job_type': 'frappe.monitor.flush', 'scheduled_job_type': 'r6cn4pa2nj'}, method='frappe.core.doctype.scheduled_job_type.scheduled_job_type.run_scheduled_jo..., site='vms.localhost', user='Administrator') (vms.localhost||scheduled_job||r6cn4pa2nj)
2026-09-19 17:10:01,887 Successfully completed frappe.utils.background_jobs.execute_job(event=None, is_async=True, job_name='frappe.core.doctype.scheduled_job_type.scheduled_job_type.run_scheduled_jo..., kwargs={'job_type': 'frappe.monitor.flush', 'scheduled_job_type': 'r6cn4pa2nj'}, method='frappe.core.doctype.scheduled_job_type.scheduled_job_type.run_scheduled_jo..., site='vms.localhost', user='Administrator') job in 0:00:00.227770s on worker f9a0b0b129c24c5186cd54277a99ed86
2026-09-19 17:10:01,887 home-admin-Documents-nesa_projects-erpnext-vms-system-vms-system:default: Job OK (vms.localhost||scheduled_job||r6cn4pa2nj)
2026-09-19 17:10:01,887 Result is kept for 600 seconds
2026-09-19 17:10:01,895 home-admin-Documents-nesa_projects-erpnext-vms-system-vms-system:default: frappe.utils.background_jobs.execute_job(event=None, is_async=True, job_name='frappe.core.doctype.scheduled_job_type.scheduled_job_type.run_scheduled_jo..., kwargs={'job_type': 'frappe.email.queue.retry_sending_emails', 'scheduled_job_type..., method='frappe.core.doctype.scheduled_job_type.scheduled_job_type.run_scheduled_jo..., site='vms.localhost', user='Administrator') (vms.localhost||scheduled_job||r6cfjq81g8)
2026-09-19 17:10:02,151 Successfully completed frappe.utils.background_jobs.execute_job(event=None, is_async=True, job_name='frappe.core.doctype.scheduled_job_type.scheduled_job_type.run_scheduled_jo..., kwargs={'job_type': 'frappe.email.queue.retry_sending_emails', 'scheduled_job_type..., method='frappe.core.doctype.scheduled_job_type.scheduled_job_type.run_scheduled_jo..., site='vms.localhost', user='Administrator') job in 0:00:00.251777s on worker f9a0b0b129c24c5186cd54277a99ed86
2026-09-19 17:10:02,151 home-admin-Documents-nesa_projects-erpnext-vms-system-vms-system:default: Job OK (vms.localhost||scheduled_job||r6cfjq81g8)
2026-09-19 17:10:02,151 Result is kept for 600 seconds
2026-09-19 17:10:02,157 home-admin-Documents-nesa_projects-erpnext-vms-system-vms-system:default: frappe.utils.background_jobs.execute_job(event=None, is_async=True, job_name='frappe.core.doctype.scheduled_job_type.scheduled_job_type.run_scheduled_jo..., kwargs={'job_type': 'frappe.search.sqlite_search.index_docs_in_queue', 'scheduled_..., method='frappe.core.doctype.scheduled_job_type.scheduled_job_type.run_scheduled_jo..., site='vms.localhost', user='Administrator') (vms.localhost||scheduled_job||r6b0va6b0s)
2026-09-19 17:10:02,436 Successfully completed frappe.utils.background_jobs.execute_job(event=None, is_async=True, job_name='frappe.core.doctype.scheduled_job_type.scheduled_job_type.run_scheduled_jo..., kwargs={'job_type': 'frappe.search.sqlite_search.index_docs_in_queue', 'scheduled_..., method='frappe.core.doctype.scheduled_job_type.scheduled_job_type.run_scheduled_jo..., site='vms.localhost', user='Administrator') job in 0:00:00.273850s on worker f9a0b0b129c24c5186cd54277a99ed86
2026-09-19 17:10:02,436 home-admin-Documents-nesa_projects-erpnext-vms-system-vms-system:default: Job OK (vms.localhost||scheduled_job||r6b0va6b0s)
2026-09-19 17:10:02,436 Result is kept for 600 seconds
2026-09-19 17:10:02,443 home-admin-Documents-nesa_projects-erpnext-vms-system-vms-system:default: frappe.utils.background_jobs.execute_job(event=None, is_async=True, job_name='frappe.core.doctype.scheduled_job_type.scheduled_job_type.run_scheduled_jo..., kwargs={'job_type': 'frappe.integrations.doctype.webhook.webhook.retry_failed_webh..., method='frappe.core.doctype.scheduled_job_type.scheduled_job_type.run_scheduled_jo..., site='vms.localhost', user='Administrator') (vms.localhost||scheduled_job||r6bem02261)
2026-09-19 17:10:02,691 Successfully completed frappe.utils.background_jobs.execute_job(event=None, is_async=True, job_name='frappe.core.doctype.scheduled_job_type.scheduled_job_type.run_scheduled_jo..., kwargs={'job_type': 'frappe.integrations.doctype.webhook.webhook.retry_failed_webh..., method='frappe.core.doctype.scheduled_job_type.scheduled_job_type.run_scheduled_jo..., site='vms.localhost', user='Administrator') job in 0:00:00.241149s on worker f9a0b0b129c24c5186cd54277a99ed86
2026-09-19 17:10:02,691 home-admin-Documents-nesa_projects-erpnext-vms-system-vms-system:default: Job OK (vms.localhost||scheduled_job||r6bem02261)
2026-09-19 17:10:02,691 Result is kept for 600 seconds
2026-09-19 17:10:02,700 home-admin-Documents-nesa_projects-erpnext-vms-system-vms-system:default: frappe.utils.background_jobs.execute_job(event=None, is_async=True, job_name='frappe.core.doctype.scheduled_job_type.scheduled_job_type.run_scheduled_jo..., kwargs={'job_type': 'frappe.email.doctype.notification.notification.trigger_offset..., method='frappe.core.doctype.scheduled_job_type.scheduled_job_type.run_scheduled_jo..., site='vms.localhost', user='Administrator') (vms.localhost||scheduled_job||r6bmsv0n1c)
2026-09-19 17:10:03,015 Successfully completed frappe.utils.background_jobs.execute_job(event=None, is_async=True, job_name='frappe.core.doctype.scheduled_job_type.scheduled_job_type.run_scheduled_jo..., kwargs={'job_type': 'frappe.email.doctype.notification.notification.trigger_offset..., method='frappe.core.doctype.scheduled_job_type.scheduled_job_type.run_scheduled_jo..., site='vms.localhost', user='Administrator') job in 0:00:00.308654s on worker f9a0b0b129c24c5186cd54277a99ed86
2026-09-19 17:10:03,015 home-admin-Documents-nesa_projects-erpnext-vms-system-vms-system:default: Job OK (vms.localhost||scheduled_job||r6bmsv0n1c)
2026-09-19 17:10:03,015 Result is kept for 600 seconds
2026-09-19 17:10:22,967 Worker f9a0b0b129c24c5186cd54277a99ed86 [PID 67224]: warm shut down requested
2026-09-19 17:10:22,969 Worker f9a0b0b129c24c5186cd54277a99ed86: unsubscribing from channel rq:pubsub:f9a0b0b129c24c5186cd54277a99ed86
2026-09-19 17:16:03,972 Worker 64f6db58ea224885b8bda5d6f819650e: started with PID 73258, version 2.6.1
2026-09-19 17:16:03,973 Worker 64f6db58ea224885b8bda5d6f819650e: subscribing to channel rq:pubsub:64f6db58ea224885b8bda5d6f819650e
2026-09-19 17:16:03,974 *** Listening on home-admin-Documents-nesa_projects-erpnext-vms-system-vms-system:short, home-admin-Documents-nesa_projects-erpnext-vms-system-vms-system:default, home-admin-Documents-nesa_projects-erpnext-vms-system-vms-system:long...
2026-09-19 17:16:03,974 Worker 64f6db58ea224885b8bda5d6f819650e: cleaning registries for queue: home-admin-Documents-nesa_projects-erpnext-vms-system-vms-system:short
2026-09-19 17:16:03,975 Worker 64f6db58ea224885b8bda5d6f819650e: cleaning registries for queue: home-admin-Documents-nesa_projects-erpnext-vms-system-vms-system:default
2026-09-19 17:16:03,977 Worker 64f6db58ea224885b8bda5d6f819650e: cleaning registries for queue: home-admin-Documents-nesa_projects-erpnext-vms-system-vms-system:long
2026-09-19 17:18:00,772 home-admin-Documents-nesa_projects-erpnext-vms-system-vms-system:default: frappe.utils.background_jobs.execute_job(event=None, is_async=True, job_name='frappe.core.doctype.scheduled_job_type.scheduled_job_type.run_scheduled_jo..., kwargs={'job_type': 'frappe.automation.doctype.reminder.reminder.send_reminders', ..., method='frappe.core.doctype.scheduled_job_type.scheduled_job_type.run_scheduled_jo..., site='vms.localhost', user='Administrator') (vms.localhost||scheduled_job||r6cm239u8l)
2026-09-19 17:18:01,155 Successfully completed frappe.utils.background_jobs.execute_job(event=None, is_async=True, job_name='frappe.core.doctype.scheduled_job_type.scheduled_job_type.run_scheduled_jo..., kwargs={'job_type': 'frappe.automation.doctype.reminder.reminder.send_reminders', ..., method='frappe.core.doctype.scheduled_job_type.scheduled_job_type.run_scheduled_jo..., site='vms.localhost', user='Administrator') job in 0:00:00.354657s on worker 64f6db58ea224885b8bda5d6f819650e
2026-09-19 17:18:01,155 home-admin-Documents-nesa_projects-erpnext-vms-system-vms-system:default: Job OK (vms.localhost||scheduled_job||r6cm239u8l)
2026-09-19 17:18:01,155 Result is kept for 600 seconds
2026-09-19 17:18:01,160 home-admin-Documents-nesa_projects-erpnext-vms-system-vms-system:default: frappe.utils.background_jobs.execute_job(event=None, is_async=True, job_name='frappe.core.doctype.scheduled_job_type.scheduled_job_type.run_scheduled_jo..., kwargs={'job_type': 'frappe.automation_engine.drainer.drain_due', 'scheduled_job_t..., method='frappe.core.doctype.scheduled_job_type.scheduled_job_type.run_scheduled_jo..., site='vms.localhost', user='Administrator') (vms.localhost||scheduled_job||r6cf3826fc)
2026-09-19 17:18:01,442 Successfully completed frappe.utils.background_jobs.execute_job(event=None, is_async=True, job_name='frappe.core.doctype.scheduled_job_type.scheduled_job_type.run_scheduled_jo..., kwargs={'job_type': 'frappe.automation_engine.drainer.drain_due', 'scheduled_job_t..., method='frappe.core.doctype.scheduled_job_type.scheduled_job_type.run_scheduled_jo..., site='vms.localhost', user='Administrator') job in 0:00:00.276964s on worker 64f6db58ea224885b8bda5d6f819650e
2026-09-19 17:18:01,442 home-admin-Documents-nesa_projects-erpnext-vms-system-vms-system:default: Job OK (vms.localhost||scheduled_job||r6cf3826fc)
2026-09-19 17:18:01,442 Result is kept for 600 seconds
2026-09-19 17:18:01,448 home-admin-Documents-nesa_projects-erpnext-vms-system-vms-system:default: frappe.utils.background_jobs.execute_job(event=None, is_async=True, job_name='frappe.core.doctype.scheduled_job_type.scheduled_job_type.run_scheduled_jo..., kwargs={'job_type': 'frappe.model.utils.link_count.update_link_count', 'scheduled_..., method='frappe.core.doctype.scheduled_job_type.scheduled_job_type.run_scheduled_jo..., site='vms.localhost', user='Administrator') (vms.localhost||scheduled_job||r6c53eaod6)
2026-09-19 17:18:01,747 Successfully completed frappe.utils.background_jobs.execute_job(event=None, is_async=True, job_name='frappe.core.doctype.scheduled_job_type.scheduled_job_type.run_scheduled_jo..., kwargs={'job_type': 'frappe.model.utils.link_count.update_link_count', 'scheduled_..., method='frappe.core.doctype.scheduled_job_type.scheduled_job_type.run_scheduled_jo..., site='vms.localhost', user='Administrator') job in 0:00:00.294723s on worker 64f6db58ea224885b8bda5d6f819650e
2026-09-19 17:18:01,747 home-admin-Documents-nesa_projects-erpnext-vms-system-vms-system:default: Job OK (vms.localhost||scheduled_job||r6c53eaod6)
2026-09-19 17:18:01,747 Result is kept for 600 seconds
2026-09-19 17:18:01,753 home-admin-Documents-nesa_projects-erpnext-vms-system-vms-system:default: frappe.utils.background_jobs.execute_job(event=None, is_async=True, job_name='frappe.core.doctype.scheduled_job_type.scheduled_job_type.run_scheduled_jo..., kwargs={'job_type': 'erpnext.accounts.doctype.process_payment_reconciliation.proce..., method='frappe.core.doctype.scheduled_job_type.scheduled_job_type.run_scheduled_jo..., site='vms.localhost', user='Administrator') (vms.localhost||scheduled_job||4g2jtms1sc)
2026-09-19 17:18:02,047 Successfully completed frappe.utils.background_jobs.execute_job(event=None, is_async=True, job_name='frappe.core.doctype.scheduled_job_type.scheduled_job_type.run_scheduled_jo..., kwargs={'job_type': 'erpnext.accounts.doctype.process_payment_reconciliation.proce..., method='frappe.core.doctype.scheduled_job_type.scheduled_job_type.run_scheduled_jo..., site='vms.localhost', user='Administrator') job in 0:00:00.289225s on worker 64f6db58ea224885b8bda5d6f819650e
2026-09-19 17:18:02,047 home-admin-Documents-nesa_projects-erpnext-vms-system-vms-system:default: Job OK (vms.localhost||scheduled_job||4g2jtms1sc)
2026-09-19 17:18:02,047 Result is kept for 600 seconds
2026-09-19 17:18:02,052 home-admin-Documents-nesa_projects-erpnext-vms-system-vms-system:default: frappe.utils.background_jobs.execute_job(event=None, is_async=True, job_name='frappe.core.doctype.scheduled_job_type.scheduled_job_type.run_scheduled_jo..., kwargs={'job_type': 'frappe.deferred_insert.save_to_db', 'scheduled_job_type': 'r6..., method='frappe.core.doctype.scheduled_job_type.scheduled_job_type.run_scheduled_jo..., site='vms.localhost', user='Administrator') (vms.localhost||scheduled_job||r6c93pvb5c)
2026-09-19 17:18:02,384 Successfully completed frappe.utils.background_jobs.execute_job(event=None, is_async=True, job_name='frappe.core.doctype.scheduled_job_type.scheduled_job_type.run_scheduled_jo..., kwargs={'job_type': 'frappe.deferred_insert.save_to_db', 'scheduled_job_type': 'r6..., method='frappe.core.doctype.scheduled_job_type.scheduled_job_type.run_scheduled_jo..., site='vms.localhost', user='Administrator') job in 0:00:00.327106s on worker 64f6db58ea224885b8bda5d6f819650e
2026-09-19 17:18:02,384 home-admin-Documents-nesa_projects-erpnext-vms-system-vms-system:default: Job OK (vms.localhost||scheduled_job||r6c93pvb5c)
2026-09-19 17:18:02,384 Result is kept for 600 seconds
2026-09-19 17:18:02,391 home-admin-Documents-nesa_projects-erpnext-vms-system-vms-system:default: frappe.utils.background_jobs.execute_job(event=None, is_async=True, job_name='frappe.core.doctype.scheduled_job_type.scheduled_job_type.run_scheduled_jo..., kwargs={'job_type': 'frappe.email.queue.retry_sending_emails', 'scheduled_job_type..., method='frappe.core.doctype.scheduled_job_type.scheduled_job_type.run_scheduled_jo..., site='vms.localhost', user='Administrator') (vms.localhost||scheduled_job||r6cfjq81g8)
2026-09-19 17:18:02,693 Successfully completed frappe.utils.background_jobs.execute_job(event=None, is_async=True, job_name='frappe.core.doctype.scheduled_job_type.scheduled_job_type.run_scheduled_jo..., kwargs={'job_type': 'frappe.email.queue.retry_sending_emails', 'scheduled_job_type..., method='frappe.core.doctype.scheduled_job_type.scheduled_job_type.run_scheduled_jo..., site='vms.localhost', user='Administrator') job in 0:00:00.297266s on worker 64f6db58ea224885b8bda5d6f819650e
2026-09-19 17:18:02,693 home-admin-Documents-nesa_projects-erpnext-vms-system-vms-system:default: Job OK (vms.localhost||scheduled_job||r6cfjq81g8)
2026-09-19 17:18:02,693 Result is kept for 600 seconds
2026-09-19 17:18:02,698 home-admin-Documents-nesa_projects-erpnext-vms-system-vms-system:default: frappe.utils.background_jobs.execute_job(event=None, is_async=True, job_name='frappe.core.doctype.scheduled_job_type.scheduled_job_type.run_scheduled_jo..., kwargs={'job_type': 'frappe.utils.global_search.sync_global_search', 'scheduled_jo..., method='frappe.core.doctype.scheduled_job_type.scheduled_job_type.run_scheduled_jo..., site='vms.localhost', user='Administrator') (vms.localhost||scheduled_job||r6cfmki32o)
2026-09-19 17:18:02,957 Successfully completed frappe.utils.background_jobs.execute_job(event=None, is_async=True, job_name='frappe.core.doctype.scheduled_job_type.scheduled_job_type.run_scheduled_jo..., kwargs={'job_type': 'frappe.utils.global_search.sync_global_search', 'scheduled_jo..., method='frappe.core.doctype.scheduled_job_type.scheduled_job_type.run_scheduled_jo..., site='vms.localhost', user='Administrator') job in 0:00:00.254771s on worker 64f6db58ea224885b8bda5d6f819650e
2026-09-19 17:18:02,957 home-admin-Documents-nesa_projects-erpnext-vms-system-vms-system:default: Job OK (vms.localhost||scheduled_job||r6cfmki32o)
2026-09-19 17:18:02,957 Result is kept for 600 seconds
2026-09-19 17:18:02,962 home-admin-Documents-nesa_projects-erpnext-vms-system-vms-system:default: frappe.utils.background_jobs.execute_job(event=None, is_async=True, job_name='frappe.core.doctype.scheduled_job_type.scheduled_job_type.run_scheduled_jo..., kwargs={'job_type': 'erpnext.manufacturing.doctype.bom_update_log.bom_update_log.r..., method='frappe.core.doctype.scheduled_job_type.scheduled_job_type.run_scheduled_jo..., site='vms.localhost', user='Administrator') (vms.localhost||scheduled_job||4g2rahgf4c)
2026-09-19 17:18:03,269 Successfully completed frappe.utils.background_jobs.execute_job(event=None, is_async=True, job_name='frappe.core.doctype.scheduled_job_type.scheduled_job_type.run_scheduled_jo..., kwargs={'job_type': 'erpnext.manufacturing.doctype.bom_update_log.bom_update_log.r..., method='frappe.core.doctype.scheduled_job_type.scheduled_job_type.run_scheduled_jo..., site='vms.localhost', user='Administrator') job in 0:00:00.302042s on worker 64f6db58ea224885b8bda5d6f819650e
2026-09-19 17:18:03,269 home-admin-Documents-nesa_projects-erpnext-vms-system-vms-system:default: Job OK (vms.localhost||scheduled_job||4g2rahgf4c)
2026-09-19 17:18:03,269 Result is kept for 600 seconds
2026-09-19 17:18:03,288 home-admin-Documents-nesa_projects-erpnext-vms-system-vms-system:default: frappe.utils.background_jobs.execute_job(event=None, is_async=True, job_name='frappe.core.doctype.scheduled_job_type.scheduled_job_type.run_scheduled_jo..., kwargs={'job_type': 'frappe.monitor.flush', 'scheduled_job_type': 'r6cn4pa2nj'}, method='frappe.core.doctype.scheduled_job_type.scheduled_job_type.run_scheduled_jo..., site='vms.localhost', user='Administrator') (vms.localhost||scheduled_job||r6cn4pa2nj)
2026-09-19 17:18:03,616 Successfully completed frappe.utils.background_jobs.execute_job(event=None, is_async=True, job_name='frappe.core.doctype.scheduled_job_type.scheduled_job_type.run_scheduled_jo..., kwargs={'job_type': 'frappe.monitor.flush', 'scheduled_job_type': 'r6cn4pa2nj'}, method='frappe.core.doctype.scheduled_job_type.scheduled_job_type.run_scheduled_jo..., site='vms.localhost', user='Administrator') job in 0:00:00.318911s on worker 64f6db58ea224885b8bda5d6f819650e
2026-09-19 17:18:03,616 home-admin-Documents-nesa_projects-erpnext-vms-system-vms-system:default: Job OK (vms.localhost||scheduled_job||r6cn4pa2nj)
2026-09-19 17:18:03,616 Result is kept for 600 seconds
2026-09-19 17:18:03,624 home-admin-Documents-nesa_projects-erpnext-vms-system-vms-system:default: frappe.utils.background_jobs.execute_job(event=None, is_async=True, job_name='frappe.core.doctype.scheduled_job_type.scheduled_job_type.run_scheduled_jo..., kwargs={'job_type': 'frappe.search.sqlite_search.index_docs_in_queue', 'scheduled_..., method='frappe.core.doctype.scheduled_job_type.scheduled_job_type.run_scheduled_jo..., site='vms.localhost', user='Administrator') (vms.localhost||scheduled_job||r6b0va6b0s)
2026-09-19 17:18:03,910 Successfully completed frappe.utils.background_jobs.execute_job(event=None, is_async=True, job_name='frappe.core.doctype.scheduled_job_type.scheduled_job_type.run_scheduled_jo..., kwargs={'job_type': 'frappe.search.sqlite_search.index_docs_in_queue', 'scheduled_..., method='frappe.core.doctype.scheduled_job_type.scheduled_job_type.run_scheduled_jo..., site='vms.localhost', user='Administrator') job in 0:00:00.280303s on worker 64f6db58ea224885b8bda5d6f819650e
2026-09-19 17:18:03,911 home-admin-Documents-nesa_projects-erpnext-vms-system-vms-system:default: Job OK (vms.localhost||scheduled_job||r6b0va6b0s)
2026-09-19 17:18:03,911 Result is kept for 600 seconds
2026-09-19 17:18:03,916 home-admin-Documents-nesa_projects-erpnext-vms-system-vms-system:default: frappe.utils.background_jobs.execute_job(event=None, is_async=True, job_name='frappe.core.doctype.scheduled_job_type.scheduled_job_type.run_scheduled_jo..., kwargs={'job_type': 'frappe.email.doctype.notification.notification.trigger_offset..., method='frappe.core.doctype.scheduled_job_type.scheduled_job_type.run_scheduled_jo..., site='vms.localhost', user='Administrator') (vms.localhost||scheduled_job||r6bmsv0n1c)
2026-09-19 17:18:04,222 Successfully completed frappe.utils.background_jobs.execute_job(event=None, is_async=True, job_name='frappe.core.doctype.scheduled_job_type.scheduled_job_type.run_scheduled_jo..., kwargs={'job_type': 'frappe.email.doctype.notification.notification.trigger_offset..., method='frappe.core.doctype.scheduled_job_type.scheduled_job_type.run_scheduled_jo..., site='vms.localhost', user='Administrator') job in 0:00:00.300400s on worker 64f6db58ea224885b8bda5d6f819650e
2026-09-19 17:18:04,222 home-admin-Documents-nesa_projects-erpnext-vms-system-vms-system:default: Job OK (vms.localhost||scheduled_job||r6bmsv0n1c)
2026-09-19 17:18:04,222 Result is kept for 600 seconds
2026-09-19 17:18:04,227 home-admin-Documents-nesa_projects-erpnext-vms-system-vms-system:default: frappe.utils.background_jobs.execute_job(event=None, is_async=True, job_name='frappe.core.doctype.scheduled_job_type.scheduled_job_type.run_scheduled_jo..., kwargs={'job_type': 'frappe.utils.telemetry.pulse.client.send_queued_events', 'sch..., method='frappe.core.doctype.scheduled_job_type.scheduled_job_type.run_scheduled_jo..., site='vms.localhost', user='Administrator') (vms.localhost||scheduled_job||r6cjuaehis)
2026-09-19 17:18:04,467 Successfully completed frappe.utils.background_jobs.execute_job(event=None, is_async=True, job_name='frappe.core.doctype.scheduled_job_type.scheduled_job_type.run_scheduled_jo..., kwargs={'job_type': 'frappe.utils.telemetry.pulse.client.send_queued_events', 'sch..., method='frappe.core.doctype.scheduled_job_type.scheduled_job_type.run_scheduled_jo..., site='vms.localhost', user='Administrator') job in 0:00:00.236882s on worker 64f6db58ea224885b8bda5d6f819650e
2026-09-19 17:18:04,468 home-admin-Documents-nesa_projects-erpnext-vms-system-vms-system:default: Job OK (vms.localhost||scheduled_job||r6cjuaehis)
2026-09-19 17:18:04,468 Result is kept for 600 seconds
2026-09-19 17:18:04,473 home-admin-Documents-nesa_projects-erpnext-vms-system-vms-system:default: frappe.utils.background_jobs.execute_job(event=None, is_async=True, job_name='frappe.core.doctype.scheduled_job_type.scheduled_job_type.run_scheduled_jo..., kwargs={'job_type': 'frappe.integrations.doctype.webhook.webhook.retry_failed_webh..., method='frappe.core.doctype.scheduled_job_type.scheduled_job_type.run_scheduled_jo..., site='vms.localhost', user='Administrator') (vms.localhost||scheduled_job||r6bem02261)
2026-09-19 17:18:04,755 Successfully completed frappe.utils.background_jobs.execute_job(event=None, is_async=True, job_name='frappe.core.doctype.scheduled_job_type.scheduled_job_type.run_scheduled_jo..., kwargs={'job_type': 'frappe.integrations.doctype.webhook.webhook.retry_failed_webh..., method='frappe.core.doctype.scheduled_job_type.scheduled_job_type.run_scheduled_jo..., site='vms.localhost', user='Administrator') job in 0:00:00.277174s on worker 64f6db58ea224885b8bda5d6f819650e
2026-09-19 17:18:04,755 home-admin-Documents-nesa_projects-erpnext-vms-system-vms-system:default: Job OK (vms.localhost||scheduled_job||r6bem02261)
2026-09-19 17:18:04,755 Result is kept for 600 seconds
2026-09-19 17:18:04,760 home-admin-Documents-nesa_projects-erpnext-vms-system-vms-system:default: frappe.utils.background_jobs.execute_job(event=None, is_async=True, job_name='frappe.core.doctype.scheduled_job_type.scheduled_job_type.run_scheduled_jo..., kwargs={'job_type': 'frappe.email.doctype.email_account.email_account.notify_unrep..., method='frappe.core.doctype.scheduled_job_type.scheduled_job_type.run_scheduled_jo..., site='vms.localhost', user='Administrator') (vms.localhost||scheduled_job||r6c7qkd882)
2026-09-19 17:18:05,006 Successfully completed frappe.utils.background_jobs.execute_job(event=None, is_async=True, job_name='frappe.core.doctype.scheduled_job_type.scheduled_job_type.run_scheduled_jo..., kwargs={'job_type': 'frappe.email.doctype.email_account.email_account.notify_unrep..., method='frappe.core.doctype.scheduled_job_type.scheduled_job_type.run_scheduled_jo..., site='vms.localhost', user='Administrator') job in 0:00:00.242305s on worker 64f6db58ea224885b8bda5d6f819650e
2026-09-19 17:18:05,006 home-admin-Documents-nesa_projects-erpnext-vms-system-vms-system:default: Job OK (vms.localhost||scheduled_job||r6c7qkd882)
2026-09-19 17:18:05,006 Result is kept for 600 seconds
2026-09-19 17:18:05,010 home-admin-Documents-nesa_projects-erpnext-vms-system-vms-system:default: frappe.utils.background_jobs.execute_job(event=None, is_async=True, job_name='frappe.core.doctype.scheduled_job_type.scheduled_job_type.run_scheduled_jo..., kwargs={'job_type': 'frappe.email.queue.flush', 'scheduled_job_type': 'r6cffmj05i'..., method='frappe.core.doctype.scheduled_job_type.scheduled_job_type.run_scheduled_jo..., site='vms.localhost', user='Administrator') (vms.localhost||scheduled_job||r6cffmj05i)
2026-09-19 17:18:05,258 Successfully completed frappe.utils.background_jobs.execute_job(event=None, is_async=True, job_name='frappe.core.doctype.scheduled_job_type.scheduled_job_type.run_scheduled_jo..., kwargs={'job_type': 'frappe.email.queue.flush', 'scheduled_job_type': 'r6cffmj05i'..., method='frappe.core.doctype.scheduled_job_type.scheduled_job_type.run_scheduled_jo..., site='vms.localhost', user='Administrator') job in 0:00:00.244010s on worker 64f6db58ea224885b8bda5d6f819650e
2026-09-19 17:18:05,258 home-admin-Documents-nesa_projects-erpnext-vms-system-vms-system:default: Job OK (vms.localhost||scheduled_job||r6cffmj05i)
2026-09-19 17:18:05,258 Result is kept for 600 seconds
2026-09-19 17:18:05,263 home-admin-Documents-nesa_projects-erpnext-vms-system-vms-system:default: frappe.utils.background_jobs.execute_job(event=None, is_async=True, job_name='frappe.core.doctype.scheduled_job_type.scheduled_job_type.run_scheduled_jo..., kwargs={'job_type': 'frappe.automation_engine.scheduler.process_cron', 'scheduled_..., method='frappe.core.doctype.scheduled_job_type.scheduled_job_type.run_scheduled_jo..., site='vms.localhost', user='Administrator') (vms.localhost||scheduled_job||r6c7imf2kv)
2026-09-19 17:18:05,516 Successfully completed frappe.utils.background_jobs.execute_job(event=None, is_async=True, job_name='frappe.core.doctype.scheduled_job_type.scheduled_job_type.run_scheduled_jo..., kwargs={'job_type': 'frappe.automation_engine.scheduler.process_cron', 'scheduled_..., method='frappe.core.doctype.scheduled_job_type.scheduled_job_type.run_scheduled_jo..., site='vms.localhost', user='Administrator') job in 0:00:00.248659s on worker 64f6db58ea224885b8bda5d6f819650e
2026-09-19 17:18:05,516 home-admin-Documents-nesa_projects-erpnext-vms-system-vms-system:default: Job OK (vms.localhost||scheduled_job||r6c7imf2kv)
2026-09-19 17:18:05,516 Result is kept for 600 seconds
2026-09-19 17:18:05,520 home-admin-Documents-nesa_projects-erpnext-vms-system-vms-system:default: frappe.utils.background_jobs.execute_job(event=None, is_async=True, job_name='frappe.core.doctype.scheduled_job_type.scheduled_job_type.run_scheduled_jo..., kwargs={'job_type': 'frappe.integrations.doctype.google_calendar.google_calendar.s..., method='frappe.core.doctype.scheduled_job_type.scheduled_job_type.run_scheduled_jo..., site='vms.localhost', user='Administrator') (vms.localhost||scheduled_job||r6cgbuk2q9)
2026-09-19 17:18:05,768 Successfully completed frappe.utils.background_jobs.execute_job(event=None, is_async=True, job_name='frappe.core.doctype.scheduled_job_type.scheduled_job_type.run_scheduled_jo..., kwargs={'job_type': 'frappe.integrations.doctype.google_calendar.google_calendar.s..., method='frappe.core.doctype.scheduled_job_type.scheduled_job_type.run_scheduled_jo..., site='vms.localhost', user='Administrator') job in 0:00:00.244270s on worker 64f6db58ea224885b8bda5d6f819650e
2026-09-19 17:18:05,768 home-admin-Documents-nesa_projects-erpnext-vms-system-vms-system:default: Job OK (vms.localhost||scheduled_job||r6cgbuk2q9)
2026-09-19 17:18:05,768 Result is kept for 600 seconds
2026-09-19 17:21:21,221 home-admin-Documents-nesa_projects-erpnext-vms-system-vms-system:default: frappe.utils.background_jobs.execute_job(event=None, is_async=True, job_name='frappe.model.delete_doc.delete_dynamic_links', kwargs={'doctype': 'Notification Settings', 'name': 'testuser@domain.com'}, method='frappe.model.delete_doc.delete_dynamic_links', site='vms.localhost', user='Administrator') (vms.localhost||a928f9a3-2370-4a3b-8e2b-f83cebd10961)
2026-09-19 17:21:21,457 Successfully completed frappe.utils.background_jobs.execute_job(event=None, is_async=True, job_name='frappe.model.delete_doc.delete_dynamic_links', kwargs={'doctype': 'Notification Settings', 'name': 'testuser@domain.com'}, method='frappe.model.delete_doc.delete_dynamic_links', site='vms.localhost', user='Administrator') job in 0:00:00.229231s on worker 64f6db58ea224885b8bda5d6f819650e
2026-09-19 17:21:21,457 home-admin-Documents-nesa_projects-erpnext-vms-system-vms-system:default: Job OK (vms.localhost||a928f9a3-2370-4a3b-8e2b-f83cebd10961)
2026-09-19 17:21:21,457 Result is kept for 600 seconds
2026-09-19 17:21:21,462 home-admin-Documents-nesa_projects-erpnext-vms-system-vms-system:default: frappe.utils.background_jobs.execute_job(event=None, is_async=True, job_name='frappe.model.delete_doc.delete_dynamic_links', kwargs={'doctype': 'User', 'name': 'testuser@domain.com'}, method='frappe.model.delete_doc.delete_dynamic_links', site='vms.localhost', user='Administrator') (vms.localhost||ad478997-e95a-42b5-8b33-7d8304454980)
2026-09-19 17:21:21,659 Successfully completed frappe.utils.background_jobs.execute_job(event=None, is_async=True, job_name='frappe.model.delete_doc.delete_dynamic_links', kwargs={'doctype': 'User', 'name': 'testuser@domain.com'}, method='frappe.model.delete_doc.delete_dynamic_links', site='vms.localhost', user='Administrator') job in 0:00:00.193752s on worker 64f6db58ea224885b8bda5d6f819650e
2026-09-19 17:21:21,660 home-admin-Documents-nesa_projects-erpnext-vms-system-vms-system:default: Job OK (vms.localhost||ad478997-e95a-42b5-8b33-7d8304454980)
2026-09-19 17:21:21,660 Result is kept for 600 seconds
2026-09-19 17:21:21,663 home-admin-Documents-nesa_projects-erpnext-vms-system-vms-system:default: frappe.utils.background_jobs.execute_job(event=None, is_async=True, job_name='frappe.model.delete_doc.delete_dynamic_links', kwargs={'doctype': 'Notification Settings', 'name': 'dprasadnr@gmail.com'}, method='frappe.model.delete_doc.delete_dynamic_links', site='vms.localhost', user='Administrator') (vms.localhost||295012c5-c32b-41d9-98db-4306afd97622)
2026-09-19 17:21:21,838 Successfully completed frappe.utils.background_jobs.execute_job(event=None, is_async=True, job_name='frappe.model.delete_doc.delete_dynamic_links', kwargs={'doctype': 'Notification Settings', 'name': 'dprasadnr@gmail.com'}, method='frappe.model.delete_doc.delete_dynamic_links', site='vms.localhost', user='Administrator') job in 0:00:00.171609s on worker 64f6db58ea224885b8bda5d6f819650e
2026-09-19 17:21:21,839 home-admin-Documents-nesa_projects-erpnext-vms-system-vms-system:default: Job OK (vms.localhost||295012c5-c32b-41d9-98db-4306afd97622)
2026-09-19 17:21:21,839 Result is kept for 600 seconds
2026-09-19 17:21:21,844 home-admin-Documents-nesa_projects-erpnext-vms-system-vms-system:default: frappe.utils.background_jobs.execute_job(event=None, is_async=True, job_name='frappe.model.delete_doc.delete_dynamic_links', kwargs={'doctype': 'User', 'name': 'dprasadnr@gmail.com'}, method='frappe.model.delete_doc.delete_dynamic_links', site='vms.localhost', user='Administrator') (vms.localhost||bd60b45a-a206-4812-a67a-631fbb82d007)
2026-09-19 17:21:22,031 Successfully completed frappe.utils.background_jobs.execute_job(event=None, is_async=True, job_name='frappe.model.delete_doc.delete_dynamic_links', kwargs={'doctype': 'User', 'name': 'dprasadnr@gmail.com'}, method='frappe.model.delete_doc.delete_dynamic_links', site='vms.localhost', user='Administrator') job in 0:00:00.183122s on worker 64f6db58ea224885b8bda5d6f819650e
2026-09-19 17:21:22,031 home-admin-Documents-nesa_projects-erpnext-vms-system-vms-system:default: Job OK (vms.localhost||bd60b45a-a206-4812-a67a-631fbb82d007)
2026-09-19 17:21:22,031 Result is kept for 600 seconds
2026-09-19 17:22:00,813 home-admin-Documents-nesa_projects-erpnext-vms-system-vms-system:default: frappe.utils.background_jobs.execute_job(event=None, is_async=True, job_name='frappe.core.doctype.scheduled_job_type.scheduled_job_type.run_scheduled_jo..., kwargs={'job_type': 'frappe.automation_engine.drainer.drain_due', 'scheduled_job_t..., method='frappe.core.doctype.scheduled_job_type.scheduled_job_type.run_scheduled_jo..., site='vms.localhost', user='Administrator') (vms.localhost||scheduled_job||r6cf3826fc)
2026-09-19 17:22:01,064 Successfully completed frappe.utils.background_jobs.execute_job(event=None, is_async=True, job_name='frappe.core.doctype.scheduled_job_type.scheduled_job_type.run_scheduled_jo..., kwargs={'job_type': 'frappe.automation_engine.drainer.drain_due', 'scheduled_job_t..., method='frappe.core.doctype.scheduled_job_type.scheduled_job_type.run_scheduled_jo..., site='vms.localhost', user='Administrator') job in 0:00:00.246923s on worker 64f6db58ea224885b8bda5d6f819650e
2026-09-19 17:22:01,064 home-admin-Documents-nesa_projects-erpnext-vms-system-vms-system:default: Job OK (vms.localhost||scheduled_job||r6cf3826fc)
2026-09-19 17:22:01,064 Result is kept for 600 seconds
2026-09-19 17:22:01,070 home-admin-Documents-nesa_projects-erpnext-vms-system-vms-system:default: frappe.utils.background_jobs.execute_job(event=None, is_async=True, job_name='frappe.core.doctype.scheduled_job_type.scheduled_job_type.run_scheduled_jo..., kwargs={'job_type': 'frappe.integrations.doctype.google_calendar.google_calendar.s..., method='frappe.core.doctype.scheduled_job_type.scheduled_job_type.run_scheduled_jo..., site='vms.localhost', user='Administrator') (vms.localhost||scheduled_job||r6cgbuk2q9)
2026-09-19 17:22:01,324 Successfully completed frappe.utils.background_jobs.execute_job(event=None, is_async=True, job_name='frappe.core.doctype.scheduled_job_type.scheduled_job_type.run_scheduled_jo..., kwargs={'job_type': 'frappe.integrations.doctype.google_calendar.google_calendar.s..., method='frappe.core.doctype.scheduled_job_type.scheduled_job_type.run_scheduled_jo..., site='vms.localhost', user='Administrator') job in 0:00:00.248067s on worker 64f6db58ea224885b8bda5d6f819650e
2026-09-19 17:22:01,324 home-admin-Documents-nesa_projects-erpnext-vms-system-vms-system:default: Job OK (vms.localhost||scheduled_job||r6cgbuk2q9)
2026-09-19 17:22:01,324 Result is kept for 600 seconds
2026-09-19 17:22:01,329 home-admin-Documents-nesa_projects-erpnext-vms-system-vms-system:default: frappe.utils.background_jobs.execute_job(event=None, is_async=True, job_name='frappe.core.doctype.scheduled_job_type.scheduled_job_type.run_scheduled_jo..., kwargs={'job_type': 'frappe.monitor.flush', 'scheduled_job_type': 'r6cn4pa2nj'}, method='frappe.core.doctype.scheduled_job_type.scheduled_job_type.run_scheduled_jo..., site='vms.localhost', user='Administrator') (vms.localhost||scheduled_job||r6cn4pa2nj)
2026-09-19 17:22:01,574 Successfully completed frappe.utils.background_jobs.execute_job(event=None, is_async=True, job_name='frappe.core.doctype.scheduled_job_type.scheduled_job_type.run_scheduled_jo..., kwargs={'job_type': 'frappe.monitor.flush', 'scheduled_job_type': 'r6cn4pa2nj'}, method='frappe.core.doctype.scheduled_job_type.scheduled_job_type.run_scheduled_jo..., site='vms.localhost', user='Administrator') job in 0:00:00.240213s on worker 64f6db58ea224885b8bda5d6f819650e
2026-09-19 17:22:01,574 home-admin-Documents-nesa_projects-erpnext-vms-system-vms-system:default: Job OK (vms.localhost||scheduled_job||r6cn4pa2nj)
2026-09-19 17:22:01,574 Result is kept for 600 seconds
2026-09-19 17:22:01,579 home-admin-Documents-nesa_projects-erpnext-vms-system-vms-system:default: frappe.utils.background_jobs.execute_job(event=None, is_async=True, job_name='frappe.core.doctype.scheduled_job_type.scheduled_job_type.run_scheduled_jo..., kwargs={'job_type': 'frappe.automation_engine.scheduler.process_cron', 'scheduled_..., method='frappe.core.doctype.scheduled_job_type.scheduled_job_type.run_scheduled_jo..., site='vms.localhost', user='Administrator') (vms.localhost||scheduled_job||r6c7imf2kv)
2026-09-19 17:22:01,825 Successfully completed frappe.utils.background_jobs.execute_job(event=None, is_async=True, job_name='frappe.core.doctype.scheduled_job_type.scheduled_job_type.run_scheduled_jo..., kwargs={'job_type': 'frappe.automation_engine.scheduler.process_cron', 'scheduled_..., method='frappe.core.doctype.scheduled_job_type.scheduled_job_type.run_scheduled_jo..., site='vms.localhost', user='Administrator') job in 0:00:00.242129s on worker 64f6db58ea224885b8bda5d6f819650e
2026-09-19 17:22:01,826 home-admin-Documents-nesa_projects-erpnext-vms-system-vms-system:default: Job OK (vms.localhost||scheduled_job||r6c7imf2kv)
2026-09-19 17:22:01,826 Result is kept for 600 seconds
2026-09-19 17:22:01,832 home-admin-Documents-nesa_projects-erpnext-vms-system-vms-system:default: frappe.utils.background_jobs.execute_job(event=None, is_async=True, job_name='frappe.core.doctype.scheduled_job_type.scheduled_job_type.run_scheduled_jo..., kwargs={'job_type': 'frappe.search.sqlite_search.index_docs_in_queue', 'scheduled_..., method='frappe.core.doctype.scheduled_job_type.scheduled_job_type.run_scheduled_jo..., site='vms.localhost', user='Administrator') (vms.localhost||scheduled_job||r6b0va6b0s)
2026-09-19 17:22:02,092 Successfully completed frappe.utils.background_jobs.execute_job(event=None, is_async=True, job_name='frappe.core.doctype.scheduled_job_type.scheduled_job_type.run_scheduled_jo..., kwargs={'job_type': 'frappe.search.sqlite_search.index_docs_in_queue', 'scheduled_..., method='frappe.core.doctype.scheduled_job_type.scheduled_job_type.run_scheduled_jo..., site='vms.localhost', user='Administrator') job in 0:00:00.256374s on worker 64f6db58ea224885b8bda5d6f819650e
2026-09-19 17:22:02,092 home-admin-Documents-nesa_projects-erpnext-vms-system-vms-system:default: Job OK (vms.localhost||scheduled_job||r6b0va6b0s)
2026-09-19 17:22:02,092 Result is kept for 600 seconds
2026-09-19 17:22:02,097 home-admin-Documents-nesa_projects-erpnext-vms-system-vms-system:default: frappe.utils.background_jobs.execute_job(event=None, is_async=True, job_name='frappe.core.doctype.scheduled_job_type.scheduled_job_type.run_scheduled_jo..., kwargs={'job_type': 'frappe.email.doctype.email_account.email_account.pull', 'sche..., method='frappe.core.doctype.scheduled_job_type.scheduled_job_type.run_scheduled_jo..., site='vms.localhost', user='Administrator') (vms.localhost||scheduled_job||r6co2s6eeh)
2026-09-19 17:22:02,371 Successfully completed frappe.utils.background_jobs.execute_job(event=None, is_async=True, job_name='frappe.core.doctype.scheduled_job_type.scheduled_job_type.run_scheduled_jo..., kwargs={'job_type': 'frappe.email.doctype.email_account.email_account.pull', 'sche..., method='frappe.core.doctype.scheduled_job_type.scheduled_job_type.run_scheduled_jo..., site='vms.localhost', user='Administrator') job in 0:00:00.269198s on worker 64f6db58ea224885b8bda5d6f819650e
2026-09-19 17:22:02,371 home-admin-Documents-nesa_projects-erpnext-vms-system-vms-system:default: Job OK (vms.localhost||scheduled_job||r6co2s6eeh)
2026-09-19 17:22:02,371 Result is kept for 600 seconds
2026-09-19 17:22:02,377 home-admin-Documents-nesa_projects-erpnext-vms-system-vms-system:default: frappe.utils.background_jobs.execute_job(event=None, is_async=True, job_name='frappe.core.doctype.scheduled_job_type.scheduled_job_type.run_scheduled_jo..., kwargs={'job_type': 'frappe.email.queue.retry_sending_emails', 'scheduled_job_type..., method='frappe.core.doctype.scheduled_job_type.scheduled_job_type.run_scheduled_jo..., site='vms.localhost', user='Administrator') (vms.localhost||scheduled_job||r6cfjq81g8)
2026-09-19 17:22:02,642 Successfully completed frappe.utils.background_jobs.execute_job(event=None, is_async=True, job_name='frappe.core.doctype.scheduled_job_type.scheduled_job_type.run_scheduled_jo..., kwargs={'job_type': 'frappe.email.queue.retry_sending_emails', 'scheduled_job_type..., method='frappe.core.doctype.scheduled_job_type.scheduled_job_type.run_scheduled_jo..., site='vms.localhost', user='Administrator') job in 0:00:00.261853s on worker 64f6db58ea224885b8bda5d6f819650e
2026-09-19 17:22:02,642 home-admin-Documents-nesa_projects-erpnext-vms-system-vms-system:default: Job OK (vms.localhost||scheduled_job||r6cfjq81g8)
2026-09-19 17:22:02,642 Result is kept for 600 seconds
2026-09-19 17:22:02,648 home-admin-Documents-nesa_projects-erpnext-vms-system-vms-system:default: frappe.utils.background_jobs.execute_job(event=None, is_async=True, job_name='frappe.core.doctype.scheduled_job_type.scheduled_job_type.run_scheduled_jo..., kwargs={'job_type': 'frappe.integrations.doctype.webhook.webhook.retry_failed_webh..., method='frappe.core.doctype.scheduled_job_type.scheduled_job_type.run_scheduled_jo..., site='vms.localhost', user='Administrator') (vms.localhost||scheduled_job||r6bem02261)
2026-09-19 17:22:02,876 Successfully completed frappe.utils.background_jobs.execute_job(event=None, is_async=True, job_name='frappe.core.doctype.scheduled_job_type.scheduled_job_type.run_scheduled_jo..., kwargs={'job_type': 'frappe.integrations.doctype.webhook.webhook.retry_failed_webh..., method='frappe.core.doctype.scheduled_job_type.scheduled_job_type.run_scheduled_jo..., site='vms.localhost', user='Administrator') job in 0:00:00.224025s on worker 64f6db58ea224885b8bda5d6f819650e
2026-09-19 17:22:02,876 home-admin-Documents-nesa_projects-erpnext-vms-system-vms-system:default: Job OK (vms.localhost||scheduled_job||r6bem02261)
2026-09-19 17:22:02,876 Result is kept for 600 seconds
2026-09-19 17:22:02,882 home-admin-Documents-nesa_projects-erpnext-vms-system-vms-system:default: frappe.utils.background_jobs.execute_job(event=None, is_async=True, job_name='frappe.core.doctype.scheduled_job_type.scheduled_job_type.run_scheduled_jo..., kwargs={'job_type': 'frappe.email.queue.flush', 'scheduled_job_type': 'r6cffmj05i'..., method='frappe.core.doctype.scheduled_job_type.scheduled_job_type.run_scheduled_jo..., site='vms.localhost', user='Administrator') (vms.localhost||scheduled_job||r6cffmj05i)
2026-09-19 17:22:03,139 Successfully completed frappe.utils.background_jobs.execute_job(event=None, is_async=True, job_name='frappe.core.doctype.scheduled_job_type.scheduled_job_type.run_scheduled_jo..., kwargs={'job_type': 'frappe.email.queue.flush', 'scheduled_job_type': 'r6cffmj05i'..., method='frappe.core.doctype.scheduled_job_type.scheduled_job_type.run_scheduled_jo..., site='vms.localhost', user='Administrator') job in 0:00:00.254008s on worker 64f6db58ea224885b8bda5d6f819650e
2026-09-19 17:22:03,140 home-admin-Documents-nesa_projects-erpnext-vms-system-vms-system:default: Job OK (vms.localhost||scheduled_job||r6cffmj05i)
2026-09-19 17:22:03,140 Result is kept for 600 seconds
2026-09-19 17:22:03,145 home-admin-Documents-nesa_projects-erpnext-vms-system-vms-system:default: frappe.utils.background_jobs.execute_job(event=None, is_async=True, job_name='frappe.core.doctype.scheduled_job_type.scheduled_job_type.run_scheduled_jo..., kwargs={'job_type': 'frappe.email.doctype.notification.notification.trigger_offset..., method='frappe.core.doctype.scheduled_job_type.scheduled_job_type.run_scheduled_jo..., site='vms.localhost', user='Administrator') (vms.localhost||scheduled_job||r6bmsv0n1c)
2026-09-19 17:22:03,411 Successfully completed frappe.utils.background_jobs.execute_job(event=None, is_async=True, job_name='frappe.core.doctype.scheduled_job_type.scheduled_job_type.run_scheduled_jo..., kwargs={'job_type': 'frappe.email.doctype.notification.notification.trigger_offset..., method='frappe.core.doctype.scheduled_job_type.scheduled_job_type.run_scheduled_jo..., site='vms.localhost', user='Administrator') job in 0:00:00.261813s on worker 64f6db58ea224885b8bda5d6f819650e
2026-09-19 17:22:03,411 home-admin-Documents-nesa_projects-erpnext-vms-system-vms-system:default: Job OK (vms.localhost||scheduled_job||r6bmsv0n1c)
2026-09-19 17:22:03,411 Result is kept for 600 seconds
2026-09-19 17:22:17,769 home-admin-Documents-nesa_projects-erpnext-vms-system-vms-system:default: frappe.utils.background_jobs.execute_job(event=None, is_async=True, job_name='frappe.core.doctype.user.user.create_contact', kwargs={'user': <User: doctype=User testuser@domain.com>, 'ignore_mandatory': True..., method='frappe.core.doctype.user.user.create_contact', site='vms.localhost', user='Administrator') (vms.localhost||b494c20c-de55-4c73-9f88-500586743e96)
2026-09-19 17:22:18,040 Successfully completed frappe.utils.background_jobs.execute_job(event=None, is_async=True, job_name='frappe.core.doctype.user.user.create_contact', kwargs={'user': <User: doctype=User testuser@domain.com>, 'ignore_mandatory': True..., method='frappe.core.doctype.user.user.create_contact', site='vms.localhost', user='Administrator') job in 0:00:00.227871s on worker 64f6db58ea224885b8bda5d6f819650e
2026-09-19 17:22:18,040 home-admin-Documents-nesa_projects-erpnext-vms-system-vms-system:default: Job OK (vms.localhost||b494c20c-de55-4c73-9f88-500586743e96)
2026-09-19 17:22:18,040 Result is kept for 600 seconds
2026-09-19 17:23:42,221 Worker 64f6db58ea224885b8bda5d6f819650e [PID 73258]: warm shut down requested
2026-09-19 17:23:42,223 Worker 64f6db58ea224885b8bda5d6f819650e: unsubscribing from channel rq:pubsub:64f6db58ea224885b8bda5d6f819650e
